panel,quantity,weighting,interval_type,value,ci_low,ci_high,basic_ci_low,basic_ci_high,boot_mean,lodo_min,lodo_max,lodo_unit,frac_resamples_below_gate,gate,endpoint,n_reps,n_anchors,n_donors,deployed_value
internal,trustworthiness,plain mean,training-donor bootstrap,0.810936329588015,0.7323380048174366,0.8717797341089945,0.7500929250670355,0.8895346543585934,0.8087760261014387,0.7626699029126214,0.8571840542832909,training donor (head re-fitted),0.34,0.8,trustworthiness (model features vs head output; ruler not used),300.0,290.0,11.0,0.811
internal,branch,plain mean,training-donor bootstrap,0.37040378877968805,0.24098931088171974,0.47276463082353615,0.26804294673583995,0.4998182666776564,0.38029477167583714,0.3408329742949967,0.43606111371373174,training donor (head re-fitted),0.016666666666666666,0.2,re-fit branch holdout (a branch is withheld),300.0,290.0,11.0,0.37
internal,branch,anchor-weighted,training-donor bootstrap,0.15346096354532718,0.06430443193221826,0.24549762654750285,0.06142430054315151,0.24261749515843617,0.17309874154371438,0.12444809751514294,0.18907026331533916,training donor (head re-fitted),0.7233333333333334,0.2,re-fit branch holdout (a branch is withheld),300.0,290.0,11.0,
external,trustworthiness,plain mean,evaluation-donor bootstrap,0.895688041594454,0.8642223241142611,0.9175500369264052,0.8738256611286689,0.927153373940813,0.8949076869277803,0.88377533869174,0.8984850881860849,evaluation donor (head frozen),0.0005,0.8,trustworthiness (model features vs head output; ruler not used),2000.0,600.0,13.0,0.895688041594454
external,branch,plain mean,evaluation-donor bootstrap,0.34644275347273074,0.14557188301958182,0.5352662864573008,0.15761922048816068,0.5473136239258797,0.3679143444708533,0.3047833737072826,0.40773762131748587,evaluation donor (head frozen),0.048,0.2,frozen-head within-branch correlation (nothing withheld),2000.0,600.0,13.0,0.34644275347273074
external,branch,anchor-weighted,evaluation-donor bootstrap,0.3331693402868043,0.29715765056669635,0.3976099805296735,0.26872870004393506,0.3691810300069122,0.3458718096094309,0.32437041671221734,0.3643980432434663,evaluation donor (head frozen),0.0,0.2,frozen-head within-branch correlation (nothing withheld),2000.0,600.0,13.0,
external,trustworthiness,plain mean,two-level,0.895688041594454,0.8660524779393457,0.9359377302099393,0.8554379678451348,0.9253232201157284,0.9025511498762652,,,,0.0,0.8,trustworthiness (model features vs head output; ruler not used),300.0,600.0,13.0,
external,trustworthiness,plain mean,training-donor bootstrap,0.895688041594454,0.8944350519930676,0.9262658434430965,0.8651098546119776,0.8969406460620065,0.905588449836318,0.8945517042172155,0.9098917773926439,training donor (head re-fitted),0.0,0.8,trustworthiness (model features vs head output; ruler not used),300.0,600.0,13.0,
external,branch,plain mean,two-level,0.34644275347273074,0.2666870370072979,0.5673250422679283,0.12556046467753312,0.42619846993816357,0.434036602905072,,,,0.01,0.2,frozen-head within-branch correlation (nothing withheld),300.0,600.0,13.0,
external,branch,plain mean,training-donor bootstrap,0.34644275347273074,0.32661273080791536,0.48905261059034566,0.20383289635511587,0.3662727761375461,0.4089099403838524,0.32327816286083677,0.4418653023521504,training donor (head re-fitted),0.0,0.2,frozen-head within-branch correlation (nothing withheld),300.0,600.0,13.0,
zero-shot,trustworthiness,plain mean,evaluation-donor bootstrap,0.8267244525547446,0.7493285764140816,0.8730179751980003,0.7804309299114889,0.9041203286954076,0.8265582653571412,0.7995274053526481,0.8380547409579667,evaluation donor (head frozen),0.1795,0.8,trustworthiness (model features vs head output; ruler not used),2000.0,160.0,12.0,0.8267244525547446
zero-shot,branch,plain mean,evaluation-donor bootstrap,0.31683028161845,-0.029182482751443,0.47074037864588425,0.16292018459101576,0.662843045988343,0.286878151925453,0.01173699857053554,0.4278184507521104,evaluation donor (head frozen),0.204,0.2,frozen-head within-branch correlation (nothing withheld),2000.0,160.0,12.0,0.31683028161845
zero-shot,branch,anchor-weighted,evaluation-donor bootstrap,0.31124261959226296,0.1424372431140602,0.42955001790402714,0.19293522128049878,0.4800479960704657,0.3049643721372014,0.270843920987306,0.339332589927116,evaluation donor (head frozen),0.0855,0.2,frozen-head within-branch correlation (nothing withheld),2000.0,160.0,12.0,
zero-shot,trustworthiness,plain mean,two-level,0.8267244525547446,0.742707391633326,0.8778488730969686,0.7756000320125206,0.9107415134761632,0.8250147881529503,,,,0.21666666666666667,0.8,trustworthiness (model features vs head output; ruler not used),300.0,160.0,12.0,
zero-shot,trustworthiness,plain mean,training-donor bootstrap,0.8267244525547446,0.8114513381995134,0.8454140815085158,0.8080348236009733,0.8419975669099757,0.8318604724249797,0.8257299270072993,0.8356903892944039,training donor (head re-fitted),0.01,0.8,trustworthiness (model features vs head output; ruler not used),300.0,160.0,12.0,
zero-shot,branch,plain mean,two-level,0.31683028161845,-0.006513961648912608,0.4681759832040381,0.16548458003286198,0.6401745248858125,0.2855900672184302,,,,0.19666666666666666,0.2,frozen-head within-branch correlation (nothing withheld),300.0,160.0,12.0,
zero-shot,branch,plain mean,training-donor bootstrap,0.31683028161845,0.20258082480596237,0.45045711616453055,0.18320344707236952,0.4310797384309377,0.3186921050996726,0.23991403324065078,0.35062244612067023,training donor (head re-fitted),0.023333333333333334,0.2,frozen-head within-branch correlation (nothing withheld),300.0,160.0,12.0,
lung control,trustworthiness,plain mean,evaluation-donor bootstrap,0.7995555555555556,0.7491723699763594,0.8171304538771456,0.7819806572339656,0.8499387411347518,0.7920007256061276,0.7363247863247864,0.767485380116959,evaluation donor (head frozen),0.6305,0.8,trustworthiness (model features vs head output; ruler not used),2000.0,50.0,4.0,0.7995555555555556
lung control,branch,plain mean,evaluation-donor bootstrap,-0.14687071442603894,-0.42570718479980396,0.16969246282552009,-0.46343389167759796,0.13196575594772608,-0.18812745065207825,-0.38339932299986107,-0.16287201760972692,evaluation donor (head frozen),0.988,0.2,frozen-head within-branch correlation (nothing withheld),2000.0,50.0,4.0,-0.14687071442603894
lung control,branch,anchor-weighted,evaluation-donor bootstrap,-0.02286424711276709,-0.18849582641809567,0.25281204866103474,-0.29854054288656895,0.1427673321925615,-0.026856579033020193,-0.14772029277481163,0.00011470802003397631,evaluation donor (head frozen),0.9495,0.2,frozen-head within-branch correlation (nothing withheld),2000.0,50.0,4.0,
