ordering,panel,metric,group,value,boot_mean,basic_ci_low,basic_ci_high,ci_low,ci_high,ci_method,n_reps,resampling_unit,gate,passes_point,frac_resamples_below_gate,lodo_min,lodo_max,lodo_unit,deployed_value,k_neighbours,n_anchors,n_donors,definition,note,source_file
H65,internal,trustworthiness,,0.810936329588015,0.8087760261014387,0.7500929250670355,0.8895346543585934,0.7323380048174366,0.8717797341089945,"bootstrap over the 11 training donors (with replacement), head re-fitted, percentile",300.0,training donor,0.8,True,0.34,0.7626699029126214,0.8571840542832909,training donor (head re-fitted),0.811,15.0,290.0,11.0,"in-sample; 2,464-d features vs 10-d head output; k=15",leave-one-training-donor-out lowest when dropping TSP2,v2_03_refit_summary.json; v2_10_internal_lotdo.json
H65,internal,branch_holdout_plain_mean,,0.37040378877968805,0.38029477167583714,0.26804294673583995,0.4998182666776564,0.24098931088171974,0.47276463082353615,"bootstrap over the 11 training donors (with replacement), head re-fitted, percentile",300.0,training donor,0.2,True,0.016666666666666666,0.3408329742949967,0.43606111371373174,training donor (head re-fitted),0.37,,290.0,11.0,re-fit without each branch; Spearman on held-out pairs; plain mean over 6 branches,"t interval over the 6 branch values: [-0.025, 0.765]",v2_03_refit_summary.json; v2_10_internal_lotdo.json
H65,internal,branch_holdout_anchor_weighted,,0.15346096354532718,0.17309874154371438,0.06142430054315151,0.24261749515843617,0.06430443193221826,0.24549762654750285,"bootstrap over the 11 training donors (with replacement), head re-fitted, percentile",300.0,training donor,0.2,False,0.7233333333333334,0.12444809751514294,0.18907026331533916,training donor (head re-fitted),,,290.0,11.0,same branch values weighted by anchors per branch,,v2_03_refit_summary.json; v2_10_internal_lotdo.json
H65,internal,branch_holdout_one_branch,T_lineage,0.0306497564165653,,,,-0.23015973773359144,0.1279665394079571,"bootstrap over the 11 training donors (with replacement), head re-fitted, percentile",299.0,training donor,0.2,False,1.0,,,,,,101.0,9.0,re-fit without this branch; Spearman over held-out pairs,6 stages (DN_T|Memory_CD4|Memory_CD8|Naive_CD4|Naive_CD8|Treg); 5050 pairs; branch not scorable in bootstrap replicates without donor TSP2 (constant ruler),v2_03_internal_per_branch.csv; v2_03_refit_summary.json
H65,internal,branch_holdout_one_branch,monocyte,-0.0746462479241963,,,,-0.09753389873889397,0.11851949396391276,"bootstrap over the 11 training donors (with replacement), head re-fitted, percentile",193.0,training donor,0.2,False,1.0,,,,,,34.0,5.0,re-fit without this branch; Spearman over held-out pairs,2 stages (Cl_Mono|NC_Mono); 561 pairs; branch not scorable in bootstrap replicates without donor TSP2 (constant ruler),v2_03_internal_per_branch.csv; v2_03_refit_summary.json
H65,internal,branch_holdout_one_branch,B_lineage,0.1535981878239143,,,,0.11193532877558347,0.8395703611839536,"bootstrap over the 11 training donors (with replacement), head re-fitted, percentile",300.0,training donor,0.2,False,0.2,,,,,,45.0,7.0,re-fit without this branch; Spearman over held-out pairs,3 stages (Memory_B|Naive_B|Plasma); 990 pairs,v2_03_internal_per_branch.csv; v2_03_refit_summary.json
H65,internal,branch_holdout_one_branch,granulocyte,0.7084125811530857,,,,0.3995389050765317,0.8644030379691559,"bootstrap over the 11 training donors (with replacement), head re-fitted, percentile",289.0,training donor,0.2,True,0.006920415224913495,,,,,,25.0,5.0,re-fit without this branch; Spearman over held-out pairs,3 stages (Basophil|Mast|Neutrophil); 300 pairs; branch not scorable in bootstrap replicates without donor TSP2 (constant ruler),v2_03_internal_per_branch.csv; v2_03_refit_summary.json
H65,internal,branch_holdout_one_branch,stem,0.6210590034081188,,,,0.09245003270420485,0.8660254037844387,"bootstrap over the 11 training donors (with replacement), head re-fitted, percentile",193.0,training donor,0.2,True,0.05181347150259067,,,,,,4.0,2.0,re-fit without this branch; Spearman over held-out pairs,2 stages (HSC|MPP); 6 pairs; branch not scorable in bootstrap replicates without donor TSP2 (constant ruler),v2_03_internal_per_branch.csv; v2_03_refit_summary.json
H65,internal,branch_holdout_one_branch,erythroid,0.7833494518006403,,,,0.7425133241338718,0.8528028654224418,"bootstrap over the 11 training donors (with replacement), head re-fitted, percentile",193.0,training donor,0.2,True,0.0,,,,,,7.0,3.0,re-fit without this branch; Spearman over held-out pairs,2 stages (Erythrocyte|MEP); 21 pairs; branch not scorable in bootstrap replicates without donor TSP2 (constant ruler),v2_03_internal_per_branch.csv; v2_03_refit_summary.json
H65_null,internal,branch_holdout_one_branch,T_lineage,-0.0720172427394087,,,,,,,,,0.2,False,,,,,,,101.0,9.0,re-fit without this branch; Spearman over held-out pairs,6 stages (DN_T|Memory_CD4|Memory_CD8|Naive_CD4|Naive_CD8|Treg); 5050 pairs,v2_03_internal_per_branch.csv; v2_03_refit_summary.json
H65_null,internal,branch_holdout_one_branch,monocyte,0.1945478836097782,,,,,,,,,0.2,False,,,,,,,34.0,5.0,re-fit without this branch; Spearman over held-out pairs,2 stages (Cl_Mono|NC_Mono); 561 pairs,v2_03_internal_per_branch.csv; v2_03_refit_summary.json
H65_null,internal,branch_holdout_one_branch,B_lineage,0.015168556718015,,,,,,,,,0.2,False,,,,,,,45.0,7.0,re-fit without this branch; Spearman over held-out pairs,3 stages (Memory_B|Naive_B|Plasma); 990 pairs,v2_03_internal_per_branch.csv; v2_03_refit_summary.json
H65_null,internal,branch_holdout_one_branch,granulocyte,-0.0256659987261023,,,,,,,,,0.2,False,,,,,,,25.0,5.0,re-fit without this branch; Spearman over held-out pairs,3 stages (Basophil|Mast|Neutrophil); 300 pairs,v2_03_internal_per_branch.csv; v2_03_refit_summary.json
H65_null,internal,branch_holdout_one_branch,erythroid,0.2959320151246863,,,,,,,,,0.2,True,,,,,,,7.0,3.0,re-fit without this branch; Spearman over held-out pairs,2 stages (Erythrocyte|MEP); 21 pairs,v2_03_internal_per_branch.csv; v2_03_refit_summary.json
H65_null,internal,branch_holdout_one_branch,stem,-0.4140393356054126,,,,,,,,,0.2,False,,,,,,,4.0,2.0,re-fit without this branch; Spearman over held-out pairs,2 stages (HSC|MPP); 6 pairs,v2_03_internal_per_branch.csv; v2_03_refit_summary.json
H65,internal,donor_holdout,,0.7158879683470851,,,,,,,,,0.2,True,,,,,0.716,,290.0,11.0,re-fit without each donor; mean over 9 donors with >=3 anchors,no interval computed,v2_03_refit_summary.json
H65,internal,random_holdout,,0.8341080550865551,,,,,,,,,0.2,True,,,,,0.834,,290.0,11.0,"10 random 80/20 splits with re-fit (deployed value, not re-run)","not re-run, no interval",reports/quality_gates_let_anchor.json
H65,internal,permutation_p_two_sided,,0.0009995002498750624,,,,,,,2000.0,permutation,0.001,True,,,,,,,290.0,11.0,"blocked permutation (stage labels within donor x tissue), head re-fitted per permutation, statistic = in-sample Spearman(latent, ruler)",observed 0.98683; null max 0.98659; 0 of 2000 null values >= observed,v2_04_permutation_internal.json
H65,internal,permutation_p_two_sided_trust_statistic,,0.0009995002498750624,,,,,,,2000.0,permutation,0.001,True,,,,,,,290.0,11.0,"same permutations and re-fits as above, statistic = in-sample trustworthiness (secondary; the spec names no statistic)",observed 0.8109; null mean 0.5855; null max 0.7033,v2_04_permutation_internal.json
H65_null,internal,trustworthiness,,0.7985001506737268,,,,,,,,,0.8,False,,,,,0.799,,290.0,,within-branch shuffled ruler,,v2_03_refit_summary.json
H65_null,internal,branch_holdout_plain_mean,,-0.0010123536030740194,,,,,,,,,0.2,False,,,,,-0.001,,290.0,,within-branch shuffled ruler,,v2_03_refit_summary.json
H65,internal,trustworthiness_seed_range,,,,,,0.8171337552197684,0.8350277670153687,"min-max over 10 seeds (optimiser noise, not sampling)",10.0,seed,0.8,,,,,,,,,,same fit with torch seeds 1..10,null ruler seeds: 0.788-0.803,v2_03_refit_summary.json
H65,external,trustworthiness,,0.895688041594454,0.8949076869277803,0.8738256611286689,0.927153373940813,0.8642223241142611,0.9175500369264052,"donor cluster bootstrap (donors with replacement), head frozen, percentile",2000.0,evaluation donor,0.8,True,0.0005,0.88377533869174,0.8984850881860849,evaluation donor (head frozen),0.895688041594454,15.0,600.0,13.0,"frozen head; 2,464-d features vs 10-d head output; k=15",lowest when dropping TSP25,v2_01_frozen_donor_bootstrap.json
H65,external,within_branch_corr_plain_mean,,0.34644275347273074,0.3679143444708533,0.15761922048816068,0.5473136239258797,0.14557188301958182,0.5352662864573008,"donor cluster bootstrap (donors with replacement), head frozen, percentile",2000.0,evaluation donor,0.2,True,0.048,0.3047833737072826,0.40773762131748587,evaluation donor (head frozen),0.34644275347273074,,600.0,13.0,frozen head; mean within-branch Spearman; nothing held out,lowest when dropping TSP11,v2_01_frozen_donor_bootstrap.json
H65,external,within_branch_corr_anchor_weighted,,0.3331693402868043,0.3458718096094309,0.26872870004393506,0.3691810300069122,0.29715765056669635,0.3976099805296735,"donor cluster bootstrap (donors with replacement), head frozen, percentile",2000.0,evaluation donor,0.2,True,0.0,0.32437041671221734,0.3643980432434663,evaluation donor (head frozen),,,600.0,13.0,"same, weighted by anchors per branch",lowest when dropping TSP21,v2_01_frozen_donor_bootstrap.json
H65,external,within_donor_corr,,0.8869530363318562,0.8873260639163734,0.8572948968422665,0.9292864946977315,0.8446195779659809,0.9166111758214459,"donor cluster bootstrap (donors with replacement), head frozen, percentile",2000.0,evaluation donor,0.2,True,0.0,0.8823029322904055,0.9030892542383664,evaluation donor (head frozen),0.8869530363318562,,600.0,13.0,frozen head; mean within-donor Spearman,lowest when dropping TSP6,v2_01_frozen_donor_bootstrap.json
H65,external,global_corr,,0.8821200321268053,0.8826172772453637,0.8640746223829564,0.9044813316244796,0.859758732629131,0.9001654418706543,"donor cluster bootstrap (donors with replacement), head frozen, percentile",2000.0,evaluation donor,,,,0.8778400170516977,0.8903864734012216,evaluation donor (head frozen),0.8821200321268053,,600.0,13.0,frozen head; Spearman over all pairs,lowest when dropping TSP27,v2_01_frozen_donor_bootstrap.json
H65,external,random_holdout,,0.8857749063129917,,,,,,,,,0.2,True,,,,,0.8857749063129917,,600.0,13.0,frozen head; 20 random 20% subsets,no interval,v2_00_reproduce.json
H65,external,permutation_p_two_sided,,0.00019998000199980003,,,,,,,10000.0,permutation,0.001,True,,,,,,,600.0,13.0,"blocked permutation (stage labels within donor x tissue), frozen head, statistic = Spearman(latent, ruler)",observed 0.8821; null mean 0.0431; null max 0.1100; blocks 113,v2_04_permutation_frozen.json
H65,external,trustworthiness_two_level,,0.895688041594454,0.9025511498762652,0.8554379678451348,0.9253232201157284,0.8660524779393457,0.9359377302099393,"two-level: training donors resampled + head re-fitted, then evaluation donors resampled, percentile",300.0,training donor + evaluation donor,0.8,True,0.0,,,,,,600.0,13.0,as above,,v2_03_refit_summary.json
H65,external,trustworthiness_training_donors_only,,0.895688041594454,0.905588449836318,0.8651098546119776,0.8969406460620065,0.8944350519930676,0.9262658434430965,"training donors resampled + head re-fitted; evaluation panel fixed, percentile",300.0,training donor,0.8,True,0.0,0.8945517042172155,0.9098917773926439,training donor (head re-fitted),,,600.0,13.0,as above; only the training donors resampled,leave-one-training-donor-out lowest when dropping TSP20,v2_03_refit_summary.json; v2_10_internal_lotdo.json
H65,external,within_branch_corr_plain_mean_two_level,,0.34644275347273074,0.434036602905072,0.12556046467753312,0.42619846993816357,0.2666870370072979,0.5673250422679283,"two-level: training donors resampled + head re-fitted, then evaluation donors resampled, percentile",300.0,training donor + evaluation donor,0.2,True,0.01,,,,,,600.0,13.0,as above,,v2_03_refit_summary.json
H65,external,within_branch_corr_plain_mean_training_donors_only,,0.34644275347273074,0.4089099403838524,0.20383289635511587,0.3662727761375461,0.32661273080791536,0.48905261059034566,"training donors resampled + head re-fitted; evaluation panel fixed, percentile",300.0,training donor,0.2,True,0.0,0.32327816286083677,0.4418653023521504,training donor (head re-fitted),,,600.0,13.0,as above; only the training donors resampled,leave-one-training-donor-out lowest when dropping TSP12,v2_03_refit_summary.json; v2_10_internal_lotdo.json
H65,zero-shot,trustworthiness,,0.8267244525547446,0.8265582653571412,0.7804309299114889,0.9041203286954076,0.7493285764140816,0.8730179751980003,"donor cluster bootstrap (donors with replacement), head frozen, percentile",2000.0,evaluation donor,0.8,True,0.1795,0.7995274053526481,0.8380547409579667,evaluation donor (head frozen),0.8267244525547446,15.0,160.0,12.0,"frozen head; 2,464-d features vs 10-d head output; k=15",lowest when dropping TSP21,v2_01_frozen_donor_bootstrap.json
H65,zero-shot,within_branch_corr_plain_mean,,0.31683028161845,0.286878151925453,0.16292018459101576,0.662843045988343,-0.029182482751443,0.47074037864588425,"donor cluster bootstrap (donors with replacement), head frozen, percentile",2000.0,evaluation donor,0.2,True,0.204,0.01173699857053554,0.4278184507521104,evaluation donor (head frozen),0.31683028161845,,160.0,12.0,frozen head; mean within-branch Spearman; nothing held out,lowest when dropping TSP25,v2_01_frozen_donor_bootstrap.json
H65,zero-shot,within_branch_corr_anchor_weighted,,0.31124261959226296,0.3049643721372014,0.19293522128049878,0.4800479960704657,0.1424372431140602,0.42955001790402714,"donor cluster bootstrap (donors with replacement), head frozen, percentile",2000.0,evaluation donor,0.2,True,0.0855,0.270843920987306,0.339332589927116,evaluation donor (head frozen),,,160.0,12.0,"same, weighted by anchors per branch",lowest when dropping TSP21,v2_01_frozen_donor_bootstrap.json
H65,zero-shot,within_donor_corr,,0.8703093321429258,0.8707701150343057,0.8229115495910765,0.9198690454745799,0.8207496188112717,0.9177071146947752,"donor cluster bootstrap (donors with replacement), head frozen, percentile",2000.0,evaluation donor,0.2,True,0.0,0.8573402653572184,0.888055317205372,evaluation donor (head frozen),0.8703093321429258,,160.0,12.0,frozen head; mean within-donor Spearman,lowest when dropping TSP11,v2_01_frozen_donor_bootstrap.json
H65,zero-shot,global_corr,,0.8989748601586247,0.8945519841697499,0.8797457122565856,0.9445772781923163,0.8533724421249331,0.9182040080606638,"donor cluster bootstrap (donors with replacement), head frozen, percentile",2000.0,evaluation donor,,,,0.8862394577545585,0.9081209371941316,evaluation donor (head frozen),0.8989748601586247,,160.0,12.0,frozen head; Spearman over all pairs,lowest when dropping TSP14,v2_01_frozen_donor_bootstrap.json
H65,zero-shot,random_holdout,,0.8925656989707351,,,,,,,,,0.2,True,,,,,0.8925656989707351,,160.0,12.0,frozen head; 20 random 20% subsets,no interval,v2_00_reproduce.json
H65,zero-shot,permutation_p_two_sided,,0.00019998000199980003,,,,,,,10000.0,permutation,0.001,True,,,,,,,160.0,12.0,"blocked permutation (stage labels within donor x tissue), frozen head, statistic = Spearman(latent, ruler)",observed 0.8990; null mean 0.3192; null max 0.5839; blocks 92,v2_04_permutation_frozen.json
H65,zero-shot,trustworthiness_two_level,,0.8267244525547446,0.8250147881529503,0.7756000320125206,0.9107415134761632,0.742707391633326,0.8778488730969686,"two-level: training donors resampled + head re-fitted, then evaluation donors resampled, percentile",300.0,training donor + evaluation donor,0.8,True,0.21666666666666667,,,,,,160.0,12.0,as above,,v2_03_refit_summary.json
H65,zero-shot,trustworthiness_training_donors_only,,0.8267244525547446,0.8318604724249797,0.8080348236009733,0.8419975669099757,0.8114513381995134,0.8454140815085158,"training donors resampled + head re-fitted; evaluation panel fixed, percentile",300.0,training donor,0.8,True,0.01,0.8257299270072993,0.8356903892944039,training donor (head re-fitted),,,160.0,12.0,as above; only the training donors resampled,leave-one-training-donor-out lowest when dropping TSP2,v2_03_refit_summary.json; v2_10_internal_lotdo.json
H65,zero-shot,within_branch_corr_plain_mean_two_level,,0.31683028161845,0.2855900672184302,0.16548458003286198,0.6401745248858125,-0.006513961648912608,0.4681759832040381,"two-level: training donors resampled + head re-fitted, then evaluation donors resampled, percentile",300.0,training donor + evaluation donor,0.2,True,0.19666666666666666,,,,,,160.0,12.0,as above,,v2_03_refit_summary.json
H65,zero-shot,within_branch_corr_plain_mean_training_donors_only,,0.31683028161845,0.3186921050996726,0.18320344707236952,0.4310797384309377,0.20258082480596237,0.45045711616453055,"training donors resampled + head re-fitted; evaluation panel fixed, percentile",300.0,training donor,0.2,True,0.023333333333333334,0.23991403324065078,0.35062244612067023,training donor (head re-fitted),,,160.0,12.0,as above; only the training donors resampled,leave-one-training-donor-out lowest when dropping TSP4,v2_03_refit_summary.json; v2_10_internal_lotdo.json
lung_control_random_labels,lung control,trustworthiness,,0.7995555555555556,0.7920007256061276,0.7819806572339656,0.8499387411347518,0.7491723699763594,0.8171304538771456,"donor cluster bootstrap (donors with replacement), head frozen, percentile",2000.0,evaluation donor,0.8,False,0.6305,0.7363247863247864,0.767485380116959,evaluation donor (head frozen),0.7995555555555556,15.0,50.0,4.0,"frozen head; 2,464-d features vs 10-d head output; k=15",lowest when dropping TSP2,v2_01_frozen_donor_bootstrap.json
lung_control_random_labels,lung control,within_branch_corr_plain_mean,,-0.14687071442603894,-0.18812745065207825,-0.46343389167759796,0.13196575594772608,-0.42570718479980396,0.16969246282552009,"donor cluster bootstrap (donors with replacement), head frozen, percentile",2000.0,evaluation donor,0.2,False,0.988,-0.38339932299986107,-0.16287201760972692,evaluation donor (head frozen),-0.14687071442603894,,50.0,4.0,frozen head; mean within-branch Spearman; nothing held out,lowest when dropping TSP2,v2_01_frozen_donor_bootstrap.json
lung_control_random_labels,lung control,within_branch_corr_anchor_weighted,,-0.02286424711276709,-0.026856579033020193,-0.29854054288656895,0.1427673321925615,-0.18849582641809567,0.25281204866103474,"donor cluster bootstrap (donors with replacement), head frozen, percentile",2000.0,evaluation donor,0.2,False,0.9495,-0.14772029277481163,0.00011470802003397631,evaluation donor (head frozen),,,50.0,4.0,"same, weighted by anchors per branch",lowest when dropping TSP2,v2_01_frozen_donor_bootstrap.json
lung_control_random_labels,lung control,within_donor_corr,,0.01339727102198118,0.013412540616735373,-0.04228411694443144,0.08133203747156216,-0.0545374954275998,0.0690786589883938,"donor cluster bootstrap (donors with replacement), head frozen, percentile",2000.0,evaluation donor,0.2,False,1.0,-0.00850706092050064,0.04851923539203704,evaluation donor (head frozen),0.01339727102198118,,50.0,4.0,frozen head; mean within-donor Spearman,lowest when dropping TSP14,v2_01_frozen_donor_bootstrap.json
lung_control_random_labels,lung control,global_corr,,-0.017499871255280627,-0.006640895255609415,-0.11610216732102221,0.059953038271107435,-0.09495278078166869,0.08110242481046097,"donor cluster bootstrap (donors with replacement), head frozen, percentile",2000.0,evaluation donor,,,,-0.052080085562308,0.05107378527869424,evaluation donor (head frozen),-0.017499871255280627,,50.0,4.0,frozen head; Spearman over all pairs,lowest when dropping TSP14,v2_01_frozen_donor_bootstrap.json
lung_control_random_labels,lung control,random_holdout,,-0.01642006280037764,,,,,,,,,0.2,False,,,,,-0.01642006280037764,,50.0,4.0,frozen head; 20 random 20% subsets,no interval,v2_00_reproduce.json
lung_control_random_labels,lung control,permutation_p_two_sided,,0.7411258874112588,,,,,,,10000.0,permutation,0.001,False,,,,,,,50.0,4.0,"blocked permutation (stage labels within donor x tissue), frozen head, statistic = Spearman(latent, ruler)",observed -0.0175; null mean -0.0000; null max 0.2265; blocks 4,v2_04_permutation_frozen.json
H65,external,within_branch_corr_one_branch,granulocyte,0.6012149196515815,,,,,,,,,0.2,True,,,,,,,57.0,11.0,frozen head; Spearman over within-branch pairs; nothing held out,3 stages (Basophil|Mast|Neutrophil); 1596 pairs,v2_00_per_branch.csv
H65,external,within_branch_corr_one_branch,macrophage,,,,,,,,,,0.2,,,,,,,,91.0,10.0,frozen head; Spearman over within-branch pairs; nothing held out,"1 stages (Macrophage); 4095 pairs; constant ruler, not scored",v2_00_per_branch.csv
H65,external,within_branch_corr_one_branch,T_lineage,0.2885322935170455,,,,,,,,,0.2,True,,,,,,,219.0,12.0,frozen head; Spearman over within-branch pairs; nothing held out,7 stages (DN_T|Memory_CD4|Memory_CD8|Naive_CD4|Naive_CD8|Treg|gd_T); 23871 pairs,v2_00_per_branch.csv
H65,external,within_branch_corr_one_branch,B_lineage,0.3753113043885855,,,,,,,,,0.2,True,,,,,,,106.0,12.0,frozen head; Spearman over within-branch pairs; nothing held out,3 stages (Memory_B|Naive_B|Plasma); 5565 pairs,v2_00_per_branch.csv
H65,external,within_branch_corr_one_branch,erythroid,0.5792651202162871,,,,,,,,,0.2,True,,,,,,,21.0,9.0,frozen head; Spearman over within-branch pairs; nothing held out,2 stages (Erythrocyte|MEP); 210 pairs,v2_00_per_branch.csv
H65,external,within_branch_corr_one_branch,monocyte,0.0754224515219525,,,,,,,,,0.2,False,,,,,,,54.0,11.0,frozen head; Spearman over within-branch pairs; nothing held out,2 stages (Cl_Mono|NC_Mono); 1431 pairs,v2_00_per_branch.csv
H65,external,within_branch_corr_one_branch,NK,,,,,,,,,,0.2,,,,,,,,34.0,10.0,frozen head; Spearman over within-branch pairs; nothing held out,"1 stages (NK); 561 pairs; constant ruler, not scored",v2_00_per_branch.csv
H65,external,within_branch_corr_one_branch,stem,0.158910431540932,,,,,,,,,0.2,False,,,,,,,7.0,5.0,frozen head; Spearman over within-branch pairs; nothing held out,2 stages (HSC|MPP); 21 pairs,v2_00_per_branch.csv
H65,external,within_branch_corr_one_branch,lymphoid,,,,,,,,,,0.2,,,,,,,,7.0,2.0,frozen head; Spearman over within-branch pairs; nothing held out,"1 stages (ILC); 21 pairs; constant ruler, not scored",v2_00_per_branch.csv
H65,zero-shot,within_branch_corr_one_branch,granulocyte,0.5865209703966504,,,,,,,,,0.2,True,,,,,,,23.0,9.0,frozen head; Spearman over within-branch pairs; nothing held out,3 stages (Basophil|Mast|Neutrophil); 253 pairs,v2_00_per_branch.csv
H65,zero-shot,within_branch_corr_one_branch,T_lineage,0.3919543869368598,,,,,,,,,0.2,True,,,,,,,56.0,10.0,frozen head; Spearman over within-branch pairs; nothing held out,6 stages (DN_T|Memory_CD4|Memory_CD8|Naive_CD4|Naive_CD8|Treg); 1540 pairs,v2_00_per_branch.csv
H65,zero-shot,within_branch_corr_one_branch,monocyte,-0.187637274565849,,,,,,,,,0.2,False,,,,,,,20.0,7.0,frozen head; Spearman over within-branch pairs; nothing held out,2 stages (Cl_Mono|NC_Mono); 190 pairs,v2_00_per_branch.csv
H65,zero-shot,within_branch_corr_one_branch,macrophage,,,,,,,,,,0.2,,,,,,,,14.0,4.0,frozen head; Spearman over within-branch pairs; nothing held out,"1 stages (Macrophage); 91 pairs; constant ruler, not scored",v2_00_per_branch.csv
H65,zero-shot,within_branch_corr_one_branch,stem,0.0975900072948533,,,,,,,,,0.2,False,,,,,,,4.0,4.0,frozen head; Spearman over within-branch pairs; nothing held out,2 stages (HSC|MPP); 6 pairs,v2_00_per_branch.csv
H65,zero-shot,within_branch_corr_one_branch,B_lineage,0.1597507342257436,,,,,,,,,0.2,False,,,,,,,18.0,9.0,frozen head; Spearman over within-branch pairs; nothing held out,3 stages (Memory_B|Naive_B|Plasma); 153 pairs,v2_00_per_branch.csv
H65,zero-shot,within_branch_corr_one_branch,NK,,,,,,,,,,0.2,,,,,,,,16.0,6.0,frozen head; Spearman over within-branch pairs; nothing held out,"1 stages (NK); 120 pairs; constant ruler, not scored",v2_00_per_branch.csv
H65,zero-shot,within_branch_corr_one_branch,erythroid,0.8528028654224417,,,,,,,,,0.2,True,,,,,,,5.0,4.0,frozen head; Spearman over within-branch pairs; nothing held out,2 stages (Erythrocyte|MEP); 10 pairs,v2_00_per_branch.csv
lung_control_random_labels,lung control,within_branch_corr_one_branch,granulocyte,0.1351652804985871,,,,,,,,,0.2,False,,,,,,,10.0,4.0,frozen head; Spearman over within-branch pairs; nothing held out,5 stages (Basophil|Eosinophil|GMP|Mast|Neutrophil); 45 pairs,v2_00_per_branch.csv
lung_control_random_labels,lung control,within_branch_corr_one_branch,dendritic,-0.2132007163556104,,,,,,,,,0.2,False,,,,,,,5.0,2.0,frozen head; Spearman over within-branch pairs; nothing held out,2 stages (Dendritic|pDC); 10 pairs,v2_00_per_branch.csv
lung_control_random_labels,lung control,within_branch_corr_one_branch,monocyte,-0.4022543496452981,,,,,,,,,0.2,False,,,,,,,5.0,4.0,frozen head; Spearman over within-branch pairs; nothing held out,3 stages (Cl_Mono|NC_Mono|Pro_Mono); 10 pairs,v2_00_per_branch.csv
lung_control_random_labels,lung control,within_branch_corr_one_branch,T_lineage,0.1873036281245014,,,,,,,,,0.2,False,,,,,,,14.0,4.0,frozen head; Spearman over within-branch pairs; nothing held out,6 stages (DP_T|MAIT|Memory_CD4|Naive_CD4|Naive_CD8|Treg); 91 pairs,v2_00_per_branch.csv
lung_control_random_labels,lung control,within_branch_corr_one_branch,myeloid,,,,,,,,,,0.2,,,,,,,,3.0,3.0,frozen head; Spearman over within-branch pairs; nothing held out,"1 stages (CMP); 3 pairs; constant ruler, not scored",v2_00_per_branch.csv
lung_control_random_labels,lung control,within_branch_corr_one_branch,B_lineage,-0.4413674147523747,,,,,,,,,0.2,False,,,,,,,4.0,3.0,frozen head; Spearman over within-branch pairs; nothing held out,3 stages (Memory_B|Pre_B|Pro_B); 6 pairs,v2_00_per_branch.csv
lung_control_random_labels,lung control,within_branch_corr_one_branch,macrophage,,,,,,,,,,0.2,,,,,,,,3.0,2.0,frozen head; Spearman over within-branch pairs; nothing held out,"1 stages (Macrophage); 3 pairs; constant ruler, not scored",v2_00_per_branch.csv
lung_control_v1_immune_real_labels,lung control v1 (replaced),trustworthiness,,0.8013071895424837,,,,,,,,,0.8,True,,,,,0.8013071895424837,,51.0,4.0,frozen head; recomputed from saved centroids,first negative control: lung-resident immune cells with their real stage labels; passed all four gates; replaced by lung_nonhema,v2_10_internal_lotdo.json
lung_control_v1_immune_real_labels,lung control v1 (replaced),random_holdout,,0.8937933113845415,,,,,,,,,0.2,True,,,,,0.8937933113845415,,51.0,4.0,frozen head; recomputed from saved centroids,first negative control: lung-resident immune cells with their real stage labels; passed all four gates; replaced by lung_nonhema,v2_10_internal_lotdo.json
lung_control_v1_immune_real_labels,lung control v1 (replaced),within_donor_corr,,0.9253112444323854,,,,,,,,,0.2,True,,,,,0.9253112444323854,,51.0,4.0,frozen head; recomputed from saved centroids,first negative control: lung-resident immune cells with their real stage labels; passed all four gates; replaced by lung_nonhema,v2_10_internal_lotdo.json
lung_control_v1_immune_real_labels,lung control v1 (replaced),within_branch_corr_plain_mean,,0.522474657577425,,,,,,,,,0.2,True,,,,,0.522474657577425,,51.0,4.0,frozen head; recomputed from saved centroids,first negative control: lung-resident immune cells with their real stage labels; passed all four gates; replaced by lung_nonhema,v2_10_internal_lotdo.json
lung_control_v1_immune_real_labels,lung control v1 (replaced),global_corr,,0.9211880106649079,,,,,,,,,,,,,,,0.9211880106649079,,51.0,4.0,frozen head; recomputed from saved centroids,first negative control: lung-resident immune cells with their real stage labels; passed all four gates; replaced by lung_nonhema,v2_10_internal_lotdo.json
H38_LITE,internal,trustworthiness,,0.813508064516129,,,,,,,,,0.8,True,,,,,0.813508064516129,15.0,279.0,,"in-sample, kept anchors, k=15",,v2_05_other_orderings.json
H38_LITE,external,trustworthiness,,0.8827922573722116,0.8823715091985103,0.8590337682500707,0.9159850563959598,0.8495994583484633,0.9065507464943524,"donor cluster bootstrap (donors with replacement), head frozen, percentile",2000.0,evaluation donor,0.8,True,0.0,0.8681630714964048,0.8880483764082173,evaluation donor (head frozen),0.8827922573722116,15.0,580.0,13.0,frozen head (phase15_validate_candidate.evaluate_frozen),,v2_05_other_orderings.json
H38_LITE,external,random_holdout,,0.8027689124567582,,,,,,,,,0.2,True,,,,,,,580.0,13.0,frozen head (phase15_validate_candidate.evaluate_frozen),,v2_05_other_orderings.json
H38_LITE,external,within_donor_corr,,0.7588308836487697,0.7587533892568803,0.7006255707886605,0.822422364381377,0.6952394029161625,0.8170361965088789,"donor cluster bootstrap (donors with replacement), head frozen, percentile",2000.0,evaluation donor,0.2,True,0.0,,,,,,580.0,13.0,frozen head (phase15_validate_candidate.evaluate_frozen),,v2_05_other_orderings.json
H38_LITE,external,within_category_corr,,0.5939387887806408,0.5929458348310175,0.5149547590863343,0.6940933572858521,0.4937842202754294,0.6729228184749473,"donor cluster bootstrap (donors with replacement), head frozen, percentile",2000.0,evaluation donor,0.2,True,0.0,0.5457059085710672,0.6221766858616057,evaluation donor (head frozen),,,580.0,13.0,frozen head (phase15_validate_candidate.evaluate_frozen),,v2_05_other_orderings.json
H38_LITE,external,global_corr,,0.8044501515832144,,,,,,,,,,,,,,,,,580.0,13.0,frozen head (phase15_validate_candidate.evaluate_frozen),,v2_05_other_orderings.json
H38_LITE,zero-shot,trustworthiness,,0.7865437361620568,0.7789475380056443,0.7467988312803849,0.860710840761753,0.7123766315623605,0.8262886410437286,"donor cluster bootstrap (donors with replacement), head frozen, percentile",2000.0,evaluation donor,0.8,False,0.7795,0.7633790517285662,0.7933951209118995,evaluation donor (head frozen),0.7865437361620568,15.0,154.0,12.0,frozen head (phase15_validate_candidate.evaluate_frozen),,v2_05_other_orderings.json
H38_LITE,zero-shot,random_holdout,,0.7468825111989683,,,,,,,,,0.2,True,,,,,,,154.0,12.0,frozen head (phase15_validate_candidate.evaluate_frozen),,v2_05_other_orderings.json
H38_LITE,zero-shot,within_donor_corr,,0.5907064673942526,0.5868490324238124,0.3912707349171507,0.9301833149958125,0.2512296197926927,0.7901421998713545,"donor cluster bootstrap (donors with replacement), head frozen, percentile",2000.0,evaluation donor,0.2,True,0.016,,,,,,154.0,12.0,frozen head (phase15_validate_candidate.evaluate_frozen),,v2_05_other_orderings.json
H38_LITE,zero-shot,within_category_corr,,0.5852414322226771,0.5765245407940404,0.4870006025548351,0.7414970223855782,0.42898584205977597,0.6834822618905191,"donor cluster bootstrap (donors with replacement), head frozen, percentile",2000.0,evaluation donor,0.2,True,0.0025,0.5532690749393852,0.6274123505549108,evaluation donor (head frozen),,,154.0,12.0,frozen head (phase15_validate_candidate.evaluate_frozen),,v2_05_other_orderings.json
H38_LITE,zero-shot,global_corr,,0.7427088166982272,,,,,,,,,,,,,,,,,154.0,12.0,frozen head (phase15_validate_candidate.evaluate_frozen),,v2_05_other_orderings.json
H95,internal,trustworthiness,,0.800483367983368,,,,,,,,,0.8,True,,,,,0.800483367983368,15.0,208.0,,"in-sample, kept anchors, k=15",,v2_05_other_orderings.json
H95,external,trustworthiness,,0.8884635832004253,0.8881005317154136,0.8734571922976534,0.909977830321419,0.8669493360794316,0.9034699741031972,"donor cluster bootstrap (donors with replacement), head frozen, percentile",2000.0,evaluation donor,0.8,True,0.0,0.8838651878014272,0.8931780011732279,evaluation donor (head frozen),0.8884635832004253,15.0,441.0,13.0,frozen head (phase15_validate_candidate.evaluate_frozen),,v2_05_other_orderings.json
H95,external,random_holdout,,0.8056451141426647,,,,,,,,,0.2,True,,,,,,,441.0,13.0,frozen head (phase15_validate_candidate.evaluate_frozen),,v2_05_other_orderings.json
H95,external,within_donor_corr,,0.81205460627841,0.8122548227363704,0.7883413426661343,0.8378852916881561,0.7862239208686639,0.8357678698906856,"donor cluster bootstrap (donors with replacement), head frozen, percentile",2000.0,evaluation donor,0.2,True,0.0,,,,,,441.0,13.0,frozen head (phase15_validate_candidate.evaluate_frozen),,v2_05_other_orderings.json
H95,external,within_category_corr,,0.1550163933377279,0.15217076259243237,0.09925469087384461,0.22021602971186371,0.0898167569635921,0.2107780958016112,"donor cluster bootstrap (donors with replacement), head frozen, percentile",2000.0,evaluation donor,0.2,False,0.935831913685406,0.10385441492253238,0.1672952631221155,evaluation donor (head frozen),,,441.0,13.0,frozen head (phase15_validate_candidate.evaluate_frozen),,v2_05_other_orderings.json
H95,external,global_corr,,0.8116124125926556,,,,,,,,,,,,,,,,,441.0,13.0,frozen head (phase15_validate_candidate.evaluate_frozen),,v2_05_other_orderings.json
H95,zero-shot,trustworthiness,,0.818755935422602,0.8154275773781728,0.7695271408420918,0.8985594918066182,0.7389523790385859,0.8679847300031123,"donor cluster bootstrap (donors with replacement), head frozen, percentile",2000.0,evaluation donor,0.8,True,0.2536340852130326,0.8004685408299866,0.8376883664858348,evaluation donor (head frozen),0.818755935422602,15.0,104.0,12.0,frozen head (phase15_validate_candidate.evaluate_frozen),,v2_05_other_orderings.json
H95,zero-shot,random_holdout,,0.8056371691576729,,,,,,,,,0.2,True,,,,,,,104.0,12.0,frozen head (phase15_validate_candidate.evaluate_frozen),,v2_05_other_orderings.json
H95,zero-shot,within_donor_corr,,0.7941371480874526,0.7955291247961378,0.7437428398612197,0.8508109268558283,0.737463369319077,0.8445314563136855,"donor cluster bootstrap (donors with replacement), head frozen, percentile",2000.0,evaluation donor,0.2,True,0.0,,,,,,104.0,12.0,frozen head (phase15_validate_candidate.evaluate_frozen),,v2_05_other_orderings.json
H95,zero-shot,within_category_corr,,-0.003737694633670863,0.008606756529405572,-0.09800010271635473,0.02570241341849472,-0.03317780268583644,0.090524713449013,"donor cluster bootstrap (donors with replacement), head frozen, percentile",2000.0,evaluation donor,0.2,False,0.9992248062015504,-0.015591345366062978,0.01674702116992051,evaluation donor (head frozen),,,104.0,12.0,frozen head (phase15_validate_candidate.evaluate_frozen),,v2_05_other_orderings.json
H95,zero-shot,global_corr,,0.8004988285577089,,,,,,,,,,,,,,,,,104.0,12.0,frozen head (phase15_validate_candidate.evaluate_frozen),,v2_05_other_orderings.json
H103,internal,trustworthiness,,0.8601346801346801,,,,,,,,,0.8,True,,,,,0.86,15.0,45.0,,"in-sample on 45 kept B-lineage anchors, k=15",ruler has 2 values only: 'b cell' (depth 1) vs 'plasma cell' (depth 5),v2_05_other_orderings.json
H103,internal,trustworthiness_all_anchors,,0.8195806965431142,,,,,,,,,0.8,True,,,,,,15.0,290.0,,"H103 head applied to all 290 internal anchors, k=15",,v2_05_other_orderings.json
H103,external,trustworthiness_kept_k15,,0.8772069409714329,,,,,,,,,0.8,True,,,,,0.877,15.0,106.0,12.0,"kept B-lineage anchors, k=15 (deployed definition for external)",,v2_05_other_orderings.json
H103,external,trustworthiness_kept_k5,,0.8348093954562957,,,,,,,,,0.8,True,,,,,,5.0,106.0,12.0,"kept B-lineage anchors, k=5",,v2_05_other_orderings.json
H103,external,trustworthiness_all_anchors_k15,,0.8844151742730599,0.884453369277453,0.8629808142986048,0.9162329679953086,0.8525973805508112,0.905849534247515,"donor cluster bootstrap (donors with replacement), head frozen, percentile",2000.0,evaluation donor,0.8,True,0.0,0.8724193711454857,0.8855748982726136,evaluation donor (head frozen),,15.0,600.0,13.0,"H103 head applied to ALL panel anchors, k=15",,v2_05_other_orderings.json
H103,external,global_corr_kept,,0.863818916177829,,,,,,,,,,,,,,,,,106.0,12.0,"kept B-lineage anchors, frozen head",,v2_05_other_orderings.json
H103,external,random_holdout_kept,,0.8584149027136343,,,,,,,,,0.2,True,,,,,,,106.0,12.0,"kept B-lineage anchors, frozen head",,v2_05_other_orderings.json
H103,external,within_donor_corr_kept,,0.8589515692314038,,,,,,,,,0.2,True,,,,,,,106.0,12.0,"kept B-lineage anchors, frozen head",,v2_05_other_orderings.json
H103,external,within_depth_corr_kept,,,,,,,,,,,0.2,,,,,,,,106.0,12.0,"kept B-lineage anchors, frozen head",NaN: each depth group has a constant ruler,v2_05_other_orderings.json
H103,zero-shot,trustworthiness_kept_k15,,,,,,,,,,,0.8,,,,,,,15.0,18.0,9.0,"kept B-lineage anchors, k=15 (deployed definition for external)",not computable: 18 anchors < 2k,v2_05_other_orderings.json
H103,zero-shot,trustworthiness_kept_k5,,0.8566666666666667,,,,,,,,,0.8,True,,,,,0.857,5.0,18.0,9.0,"kept B-lineage anchors, k=5",,v2_05_other_orderings.json
H103,zero-shot,trustworthiness_all_anchors_k15,,0.7764537712895377,0.786864951733455,0.7210785532388511,0.807985717650757,0.7449218249283185,0.8318289893402244,"donor cluster bootstrap (donors with replacement), head frozen, percentile",2000.0,evaluation donor,0.8,False,0.728,0.7656865516916408,0.7873639622026719,evaluation donor (head frozen),,15.0,160.0,12.0,"H103 head applied to ALL panel anchors, k=15",,v2_05_other_orderings.json
H103,zero-shot,global_corr_kept,,0.8645442578333183,,,,,,,,,,,,,,,,,18.0,9.0,"kept B-lineage anchors, frozen head",,v2_05_other_orderings.json
H103,zero-shot,random_holdout_kept,,0.8643569005306648,,,,,,,,,0.2,True,,,,,,,18.0,9.0,"kept B-lineage anchors, frozen head",,v2_05_other_orderings.json
H103,zero-shot,within_donor_corr_kept,,0.8574713802163146,,,,,,,,,0.2,True,,,,,,,18.0,9.0,"kept B-lineage anchors, frozen head",,v2_05_other_orderings.json
H103,zero-shot,within_depth_corr_kept,,,,,,,,,,,0.2,,,,,,,,18.0,9.0,"kept B-lineage anchors, frozen head",NaN: each depth group has a constant ruler,v2_05_other_orderings.json
