pert_symbol,pert_hvg_idx,n_pos,auc_forward,auc_transpose,auc_sym_mean,auc_sym_max,auc_rank_conditioned,auc_order_share_F,auc_coexpr_abs_spearman,auc_gene_variance,auc_gene_variance_single_log
ARHGAP22,872,40,0.4672549691569568,0.5311857436600411,0.5058087731322823,0.49031871144619604,0.4410555174777245,0.4725496915695682,0.5038553803975325,0.7856408498971899,0.7803632625085675
ASCC3,599,57,0.5580455994354819,0.5182130082487773,0.5473878871937125,0.5567438012506996,0.6141810837774047,0.46261892595566584,0.5323381268705745,0.7576952088960265,0.7728058009100421
BHLHE40,300,247,0.5168313694040951,0.4712589411597315,0.46498557773150007,0.45833387228208144,0.4926239474330949,0.5407477590511053,0.6289370206050885,0.7815414365355512,0.7518917101059358
CAD,209,120,0.58773869954073,0.5412013536379019,0.5722745951172347,0.5551788735798888,0.5121948271694464,0.5939086294416244,0.4655849649504472,0.6672347111433405,0.7072153734590283
CCND3,574,93,0.41846387983909206,0.40165802474800777,0.34960002447269,0.3743709753896511,0.3422926321907646,0.6200079536242524,0.6104636045213295,0.6724483396809373,0.7710503372642592
CHERP,1413,110,0.5278617710583153,0.45819098108514955,0.464735912036128,0.4508475685581517,0.4998560115190785,0.525371424831468,0.45560573335951304,0.6842921657176517,0.6775836114928987
COPB1,918,64,0.4495317944250871,0.43257839721254354,0.35519381533101047,0.35058797909407663,0.3655052264808362,0.5322081881533101,0.5452852787456446,0.6249346689895471,0.8029398954703832
COPZ1,1023,105,0.6005397280863565,0.5410603265696523,0.5779599644735943,0.5668374666939947,0.4607774817243971,0.6389560702329712,0.5487463277994125,0.575725900116144,0.8152490264398442
CREB1,286,256,0.5271944765687852,0.5136608759050684,0.5018038515687852,0.49433075221238937,0.49557050734111024,0.5441267975663717,0.6270144056717619,0.7934809935639582,0.7534537158085277
DDIT3,1032,280,0.5380346888550334,0.603152466893238,0.5695827962029767,0.5669166764326732,0.5572688386265089,0.5237606937771007,0.7298693308332357,0.7818117895230282,0.7622143443103246
DDOST,11,41,0.4954498310415203,0.37781458061494194,0.42442035531466427,0.3867309043460805,0.35529793569540635,0.6086520124460504,0.4888085917896216,0.7327110308140119,0.839305430091338
DDRGK1,1352,26,0.4680139955089039,0.5590370254321374,0.5087733040889864,0.4989033369888767,0.448952947934618,0.46561178129406233,0.4358191028252128,0.7747140842863857,0.7792835134993994
DERL2,1252,35,0.5470530835284934,0.5090359094457455,0.5227751756440281,0.48549960967993755,0.43425058548009365,0.53871975019516,0.7268930523028884,0.6266393442622951,0.8539227166276346
DHDDS,21,107,0.6639475239016006,0.5232234933934902,0.6244561714469868,0.5894564400042969,0.46132103340852937,0.7404997851541519,0.6028910194435493,0.686667472338597,0.8417593189386615
DNAJC19,372,49,0.48935256861365234,0.46007037297677694,0.47712878254750174,0.48005629838142155,0.5147431386347643,0.4583603096410978,0.811893033075299,0.6298522167487685,0.7837156931738213
EIF2B2,1128,122,0.6000750026786671,0.5255663892758075,0.5948010047977904,0.5696393918830435,0.4352357822303177,0.6444009905115659,0.4437956117480386,0.669291760420015,0.823565127325976
EIF2B3,50,154,0.6307053541254285,0.6085646695312122,0.6320957852556366,0.6201853908173611,0.5029884613527736,0.6368150436923671,0.6503210544102738,0.656645584898373,0.8012793897552262
EIF2B4,210,78,0.5559555387141594,0.4642270701384002,0.5123603818185098,0.5006225301791805,0.4479330193615908,0.5759486818600119,0.5728450531406196,0.6544506396723145,0.7983994658871506
EIF2S1,1125,251,0.6190494432526304,0.5998154816630912,0.6157676984370212,0.5992248952906324,0.5495517928286853,0.6092361323935029,0.597408443150475,0.6418013842067627,0.7628556287669833
FARSB,291,100,0.6474553252323088,0.6089135096497498,0.6371908506075769,0.6243459614010007,0.5535525375268049,0.6392709077912795,0.683831308077198,0.6524803431022159,0.8355968548963545
FECH,1344,26,0.4476212857068254,0.4204658206694867,0.42341636638988983,0.4042508747193065,0.44937072431980785,0.4240821975037861,0.6527756018591049,0.7547652618935715,0.7741135307326753
GNPNAT1,1116,33,0.5331348960271197,0.561474223820745,0.5436975484724461,0.5485344578114019,0.4571706147422382,0.5453511926908926,0.5507048658481127,0.7477779155814627,0.7672495762536691
HSD17B12,926,69,0.38791932704976184,0.5299989865207256,0.3785142393838046,0.3692611736089997,0.40779365561974257,0.4987838248707814,0.5212323907976082,0.6771967163271511,0.7845444410661802
HSPA5,837,114,0.5465672303502438,0.3847615428462854,0.4617011843688644,0.484875546266388,0.3865000950028501,0.6597314586104249,0.7010260307809234,0.6245550699854329,0.817968205712838
HYOU1,981,33,0.5469531605275125,0.527119765182521,0.540555624457398,0.5216627392616479,0.4462048865186655,0.5459299681673488,0.5701145148621274,0.7859770970275746,0.8182024887345488
IARS2,171,161,0.6043877484704157,0.503133442887781,0.5539416390459478,0.5174497952817313,0.43961507394925214,0.626797667790064,0.5082258678476265,0.6399790175379959,0.8175314969036942
IDH3A,1172,21,0.5396449513499582,0.5064759327276243,0.5009021199819575,0.4575359237064244,0.39208389715832204,0.5559475481667633,0.9009923319801534,0.7519492235324441,0.8382305560925317
IER3IP1,1341,39,0.47425360028099756,0.5587460484720759,0.5055672637864419,0.47864418686336496,0.3962943449244819,0.5474007727432385,0.758675799086758,0.7224271162627327,0.8210572532490341
MANF,329,34,0.40679582413170046,0.5333868701064043,0.4673358763300542,0.4676771732583819,0.36714515157598876,0.47289700863280465,0.7536839991969484,0.7718329652680185,0.7683396908251355
MRGBP,1381,53,0.5548487695399149,0.5109867167723584,0.5408152613585949,0.5330384404603461,0.4818040658681072,0.5431770140139357,0.5053498264568491,0.6725384274119889,0.7290900075680472
MRPL39,1482,23,0.4546659597030753,0.4120124896901143,0.4093319194061506,0.3996700836573583,0.40276304936962415,0.45398845292800755,0.5052433133026982,0.8522446094026158,0.866413338046424
MTHFD1,1123,68,0.5843764130390101,0.6023143009824475,0.6141324454310025,0.5991079870103178,0.43841719077568136,0.63311855140379,0.5665823981584248,0.6985242734410326,0.7854647099930119
P4HB,1324,32,0.35481637695978185,0.6210378323108384,0.5254771642808452,0.5495910020449898,0.4528054703476483,0.3872805896387185,0.8819657464212679,0.7222009202453987,0.7173014655760055
PPWD1,457,95,0.5682336182336183,0.44068825910931175,0.47762033288349076,0.47254460938671466,0.44066576698155646,0.6246888588993852,0.5492052781526465,0.680896686159844,0.8179862048283101
PTDSS1,782,29,0.5679099225897255,0.5341543513957308,0.5456720619282196,0.5183438892798499,0.4560168895144265,0.5434553131597467,0.7843068261787474,0.8209946047384471,0.8050433966690125
SAMM50,1476,37,0.4003216622915665,0.44293267275483417,0.38782489740082077,0.38153954227825637,0.41906680962768517,0.39177173069101934,0.6933486153732392,0.7245165822457205,0.725459385514105
SCYL1,950,43,0.51568489649885,0.42352415026833634,0.47519486327625865,0.448536928188091,0.3505462560695119,0.5573489010989011,0.5647521083567595,0.7076092512139024,0.8158542039355993
SEC61A1,347,122,0.6030036787028108,0.5521328142671762,0.5980987416217246,0.5720799552364966,0.46254032882126744,0.674797909449147,0.6727323594890293,0.6488684119670941,0.8195828422443658
SEC63,601,26,0.39093425244138075,0.47801451772938536,0.40435531881560394,0.4243041412084182,0.4339913311400073,0.35717269831322784,0.5202621546817067,0.7442425191916027,0.7597002454436264
SLC35B1,1295,24,0.40826271186440677,0.4739830508474576,0.4199717514124294,0.42887005649717513,0.36100282485875707,0.4284039548022599,0.7894915254237288,0.7301129943502825,0.8145762711864407
SLC39A7,562,28,0.4853598135379237,0.46843740895406427,0.4816936971933573,0.4520491405263669,0.4739972807613868,0.4527653685539478,0.5655773526269787,0.7998931727687676,0.794600369039526
SOCS1,1204,24,0.42971751412429376,0.4472316384180791,0.41694915254237286,0.4519209039548023,0.44042372881355935,0.4935875706214689,0.5597175141242938,0.7396327683615819,0.816497175141243
SPCS2,960,37,0.3631733648833512,0.41457462934891115,0.3681554331349133,0.3739601434539875,0.41489814027433725,0.42785706362997744,0.5737974636743447,0.7187673309424335,0.7490109808851259
SPCS3,437,47,0.45836996659046947,0.4863431217396401,0.4438778500674052,0.4299425590528105,0.5218041146474416,0.46760154738878146,0.565456303850888,0.6630179942559052,0.7959087978430338
SRP68,1313,56,0.5796332046332047,0.5063483813483813,0.5476561726561726,0.5399094149094149,0.4045144045144045,0.628533066033066,0.5088357588357588,0.6927779427779428,0.8347317097317097
SRPRB,353,61,0.6315351467201714,0.5980756515196425,0.6336669782712784,0.6072983880161427,0.5460338813014433,0.6143778927928133,0.6033995303130486,0.7225996944754782,0.8218267630360929
STT3A,990,25,0.46613297150610583,0.45291723202170964,0.44691994572591587,0.4237177747625509,0.41345997286295794,0.407516960651289,0.4891451831750339,0.7133514246947082,0.714572591587517
SYVN1,948,22,0.4120760755831846,0.46559364805810305,0.4072136394411276,0.36468271065427466,0.33261525204653164,0.4319720563796393,0.6201144826737244,0.7559857204406968,0.8017172401058656
TELO2,1192,43,0.5050951955021723,0.496997188857654,0.4932596473294148,0.4787567084078712,0.46880590339892664,0.5193186174290826,0.6592128801431127,0.7200836953743931,0.7332449527216969
TIMM44,1396,141,0.6105453368010947,0.5785468826705941,0.6226616112556012,0.6152508382164008,0.47777290341449147,0.6257455164561986,0.6671523621512654,0.6422199939418628,0.7942792383459196
TMED10,1129,35,0.42189695550351286,0.3758977361436378,0.349512099921936,0.3889344262295082,0.5126854020296643,0.4582552693208431,0.506303669008587,0.7139539422326308,0.8015027322404371
TMEM167A,470,33,0.41099259994212245,0.47912274174211417,0.4282318409194262,0.44234982843441234,0.40650708999958657,0.38585720782173716,0.869279424531812,0.7205754681880193,0.8299847037909793
TTI1,1366,131,0.560390719164323,0.4941799473237802,0.5424423016829606,0.5311816436766216,0.4637265077451899,0.5851691888754966,0.49963171286996116,0.6637203696263559,0.728762108834427
UFL1,598,26,0.4388218705937647,0.49827667241109197,0.4781189618256828,0.4913311400073111,0.48952947934617996,0.39145647292286806,0.5553814820617264,0.7467491775027416,0.7156248368060996
UFM1,1067,19,0.3455547652916074,0.48826458036984355,0.4002844950213371,0.4312944523470839,0.36813655761024183,0.32844950213371266,0.6469061166429587,0.742425320056899,0.7964438122332859
YIPF5,500,29,0.5075533661740558,0.4704668074126202,0.4467041989209477,0.42653061224489797,0.4297208538587849,0.47994370161857847,0.6445226366408633,0.7272577996715928,0.8015482054890922
ZNF326,76,264,0.5337565942829101,0.5644828855355171,0.5298337627284996,0.5022359219727641,0.5244847258005153,0.5261992393571341,0.502926021347074,0.7865476628634523,0.7601551956815115
