layer,n_genes,effective_rank,participation_ratio,sv1_variance_fraction,twonn_intrinsic_dim
0,1500,560.80908203125,411.6593251075352,0.00651096172395603,102.0017256873351
1,1500,332.5877990722656,230.38540891255778,0.025277550952374595,51.828233457046274
2,1500,338.1458435058594,205.45063545288681,0.03206885801726798,47.02738496077083
3,1500,297.55810546875,146.03546492355227,0.045020743826350546,27.98636483614482
4,1500,231.69639587402344,93.79253090965678,0.051270341057864155,20.78347240979435
5,1500,212.06353759765625,78.59944964432324,0.05659435573787215,17.466168021998808
6,1500,169.44320678710938,52.90480005035965,0.0693391449756989,10.280584732198758
7,1500,174.40684509277344,51.40976828694275,0.07552689157915128,10.48520970028591
8,1500,201.73623657226562,64.14082296978545,0.08268776616726467,10.398162114965478
9,1500,201.90695190429688,71.79718976111631,0.07534284957620206,8.343175545379731
10,1500,172.10867309570312,54.06785848113525,0.1051645032616986,6.350699643834973
11,1500,93.64305114746094,24.484976750685558,0.17346820567657847,6.703879024451665
