path,kind,n_files,size_bytes,reason
controlled-evaluation/README.md,file,1,772,not selected by the builder's source list (build_sources)
controlled-evaluation/bin/,folder,1,108,not selected by the builder's source list (build_sources)
controlled-evaluation/logs/,folder,0,0,not selected by the builder's source list (build_sources)
controlled-evaluation/paused-context/,folder,2,27746,"backups of agent instruction and memory files; private, not part of the release"
controlled-evaluation/protocol/ (all),files,11,45056,macOS AppleDouble file (._*)
controlled-evaluation/quarantine/ (all),files,2,8192,macOS AppleDouble file (._*)
controlled-evaluation/quarantine/2026-10-02_stray_files_in_task_folders/ (all),files,5,20480,macOS AppleDouble file (._*)
controlled-evaluation/studyA/build/ (all),files,21,86016,macOS AppleDouble file (._*)
controlled-evaluation/studyA/build_output.json,file,1,190949,not selected by the builder's source list (build_sources)
controlled-evaluation/studyA/keys/ (all),files,75,307200,macOS AppleDouble file (._*)
controlled-evaluation/studyA/results/ (all),files,51,208896,macOS AppleDouble file (._*)
controlled-evaluation/studyA/tasks/ (all),files,112,458752,macOS AppleDouble file (._*)
controlled-evaluation/studyA/tasks/T1-contract/methods/source_method_paper.pdf,file,1,8775159,"the source-method paper given to the executors of this task: the author's arXiv preprint 2602.17532, not redistributed here; download https://arxiv.org/abs/2602.17532 and save it as methods/source_method_paper.pdf"
controlled-evaluation/studyA/tasks/T1-paper/methods/source_method_paper.pdf,file,1,8775159,"the source-method paper given to the executors of this task: the author's arXiv preprint 2602.17532, not redistributed here; download https://arxiv.org/abs/2602.17532 and save it as methods/source_method_paper.pdf"
controlled-evaluation/studyA/tasks/T2-contract/methods/source_method_paper.pdf,file,1,1113249,"the source-method paper given to the executors of this task: the author's arXiv preprint 2603.01752, not redistributed here; download https://arxiv.org/abs/2603.01752 and save it as methods/source_method_paper.pdf"
controlled-evaluation/studyA/tasks/T2-paper/methods/source_method_paper.pdf,file,1,1113249,"the source-method paper given to the executors of this task: the author's arXiv preprint 2603.01752, not redistributed here; download https://arxiv.org/abs/2603.01752 and save it as methods/source_method_paper.pdf"
controlled-evaluation/studyA/tasks/T3-contract/methods/source_method_paper.pdf,file,1,4551825,"the source-method paper given to the executors of this task: the author's arXiv preprint 2603.02952, not redistributed here; download https://arxiv.org/abs/2603.02952 and save it as methods/source_method_paper.pdf"
controlled-evaluation/studyA/tasks/T3-paper/methods/source_method_paper.pdf,file,1,4551825,"the source-method paper given to the executors of this task: the author's arXiv preprint 2603.02952, not redistributed here; download https://arxiv.org/abs/2603.02952 and save it as methods/source_method_paper.pdf"
controlled-evaluation/studyA/tasks/T4-contract/methods/source_method_paper.pdf,file,1,1029776,"the source-method paper given to the executors of this task: the author's arXiv preprint 2602.22289, not redistributed here; download https://arxiv.org/abs/2602.22289 and save it as methods/source_method_paper.pdf"
controlled-evaluation/studyA/tasks/T4-paper/methods/source_method_paper.pdf,file,1,1029776,"the source-method paper given to the executors of this task: the author's arXiv preprint 2602.22289, not redistributed here; download https://arxiv.org/abs/2602.22289 and save it as methods/source_method_paper.pdf"
controlled-evaluation/studyA_haiku2/ (all),files,2,8192,macOS AppleDouble file (._*)
controlled-evaluation/studyA_haiku2/results/ (all),files,7,28672,macOS AppleDouble file (._*)
controlled-evaluation/studyB/build/,folder,247,376648876,not selected by the builder's source list (build_sources)
controlled-evaluation/studyB/build_output.json,file,1,190949,not selected by the builder's source list (build_sources)
controlled-evaluation/studyB/keys/ (all),files,49,200704,macOS AppleDouble file (._*)
controlled-evaluation/studyB/packages/ (all),files,376,1540096,macOS AppleDouble file (._*)
controlled-evaluation/studyB/results/ (all),files,9,36864,macOS AppleDouble file (._*)
controlled-evaluation/studyC/build/ (all),files,10,40960,macOS AppleDouble file (._*)
controlled-evaluation/studyC/results/ (all),files,10,40960,macOS AppleDouble file (._*)
controlled-evaluation/studyC/snapshot/ (all),files,1,16288,Python bytecode cache
controlled-evaluation/studyC/snapshot/ (all),files,2,8192,macOS AppleDouble file (._*)
controlled-evaluation/tools/ (all),files,26,106496,macOS AppleDouble file (._*)
pipelines/ (all),files,12,49152,macOS AppleDouble file (._*)
projects/maxtoki/checks/ (all),files,7,114982,Python bytecode cache
projects/maxtoki/checks/ (all),files,185,757760,macOS AppleDouble file (._*)
projects/maxtoki/framework-eval/ (all),files,1,101794,Python bytecode cache
projects/maxtoki/framework-eval/ (all),files,17,69632,macOS AppleDouble file (._*)
projects/maxtoki/paper-biosystems/,folder,34,2546784,paper folder (drafts and submissions); not part of the release
projects/maxtoki/paper-cbac/,folder,20,1173314,paper folder (drafts and submissions); not part of the release
projects/maxtoki/paper-deanon/,folder,14,503232,paper folder (drafts and submissions); not part of the release
projects/maxtoki/paper-jbi/,folder,33,1281982,paper folder (drafts and submissions); not part of the release
projects/maxtoki/paper-plos-one/ (all),files,3,108735,Python bytecode cache
projects/maxtoki/paper-plos-one/ (all),files,82,335872,macOS AppleDouble file (._*)
projects/maxtoki/paper-plos-one/README.md,file,1,4082,paper file not in the release source list (build_sources); not part of the release
projects/maxtoki/paper-plos-one/cover-letter.aux,file,1,249,paper file not in the release source list (build_sources); not part of the release
projects/maxtoki/paper-plos-one/cover-letter.log,file,1,13319,paper file not in the release source list (build_sources); not part of the release
projects/maxtoki/paper-plos-one/cover-letter.out,file,1,0,paper file not in the release source list (build_sources); not part of the release
projects/maxtoki/paper-plos-one/cover-letter.pdf,file,1,71021,paper file not in the release source list (build_sources); not part of the release
projects/maxtoki/paper-plos-one/cover-letter.tex,file,1,3810,paper file not in the release source list (build_sources); not part of the release
projects/maxtoki/paper-plos-one/data-and-code-availability.txt,file,1,5360,paper file not in the release source list (build_sources); not part of the release
projects/maxtoki/paper-plos-one/figures/,folder,7,1950032,paper file not in the release source list (build_sources); not part of the release
projects/maxtoki/paper-plos-one/main.aux,file,1,19582,paper file not in the release source list (build_sources); not part of the release
projects/maxtoki/paper-plos-one/main.bbl,file,1,17659,paper file not in the release source list (build_sources); not part of the release
projects/maxtoki/paper-plos-one/main.blg,file,1,1363,paper file not in the release source list (build_sources); not part of the release
projects/maxtoki/paper-plos-one/main.log,file,1,33501,paper file not in the release source list (build_sources); not part of the release
projects/maxtoki/paper-plos-one/main.out,file,1,0,paper file not in the release source list (build_sources); not part of the release
projects/maxtoki/paper-plos-one/main.pdf,file,1,352129,paper file not in the release source list (build_sources); not part of the release
projects/maxtoki/paper-plos-one/make_package.py,file,1,5454,paper file not in the release source list (build_sources); not part of the release
projects/maxtoki/paper-plos-one/make_title_abstract.py,file,1,1301,paper file not in the release source list (build_sources); not part of the release
projects/maxtoki/paper-plos-one/revision/RESPONSE_TO_REVIEWERS.md,file,1,7382,manuscript working files; not part of the release (investigation/ is shipped as verification/)
projects/maxtoki/paper-plos-one/revision/REVISION_PLAN.md,file,1,36588,manuscript working files; not part of the release (investigation/ is shipped as verification/)
projects/maxtoki/paper-plos-one/revision/S1_Table_changes.md,file,1,262776,manuscript working files; not part of the release (investigation/ is shipped as verification/)
projects/maxtoki/paper-plos-one/revision/backup_2026-10-04/,folder,84,6464322,manuscript working files; not part of the release (investigation/ is shipped as verification/)
projects/maxtoki/paper-plos-one/revision/backup_2026-10-05/,folder,31,1746463,manuscript working files; not part of the release (investigation/ is shipped as verification/)
projects/maxtoki/paper-plos-one/revision/data-and-code-availability_before_split.txt,file,1,2697,manuscript working files; not part of the release (investigation/ is shipped as verification/)
projects/maxtoki/paper-plos-one/revision/github_public_CITATION_2026-05.cff,file,1,1188,manuscript working files; not part of the release (investigation/ is shipped as verification/)
projects/maxtoki/paper-plos-one/revision/github_public_CONTRIBUTING_2026-05.md,file,1,2523,manuscript working files; not part of the release (investigation/ is shipped as verification/)
projects/maxtoki/paper-plos-one/revision/main_final_snapshot_for_results_map.tex,file,1,140334,manuscript working files; not part of the release (investigation/ is shipped as verification/)
projects/maxtoki/paper-plos-one/revision/main_submitted_2026-08-12.tex,file,1,87977,manuscript working files; not part of the release (investigation/ is shipped as verification/)
projects/maxtoki/paper-plos-one/revision/references_submitted.bib,file,1,20724,manuscript working files; not part of the release (investigation/ is shipped as verification/)
projects/maxtoki/paper-plos-one/revision/reviewer_comments.txt,file,1,18410,manuscript working files; not part of the release (investigation/ is shipped as verification/)
projects/maxtoki/paper-plos-one/revision/submission-system-fields_submitted.md,file,1,5084,manuscript working files; not part of the release (investigation/ is shipped as verification/)
projects/maxtoki/paper-plos-one/revision/submitted_2026-08-12/,folder,35,3663419,manuscript working files; not part of the release (investigation/ is shipped as verification/)
projects/maxtoki/paper-plos-one/submission-package.zip,file,1,2959177,paper file not in the release source list (build_sources); not part of the release
projects/maxtoki/paper-plos-one/submission-package/,folder,20,3604100,paper file not in the release source list (build_sources); not part of the release
projects/maxtoki/paper-plos-one/submission-system-fields.md,file,1,5333,paper file not in the release source list (build_sources); not part of the release
projects/maxtoki/paper-plos-one/title-abstract-keywords.txt,file,1,2306,paper file not in the release source list (build_sources); not part of the release
projects/maxtoki/paper/README.md,file,1,2239,earlier paper draft (drafts and submissions); only LLM_USAGE_STATEMENT.txt is shipped
projects/maxtoki/paper/algorithm.sty,file,1,2302,earlier paper draft (drafts and submissions); only LLM_USAGE_STATEMENT.txt is shipped
projects/maxtoki/paper/algorithmic.sty,file,1,7615,earlier paper draft (drafts and submissions); only LLM_USAGE_STATEMENT.txt is shipped
projects/maxtoki/paper/fancyhdr.sty,file,1,21006,earlier paper draft (drafts and submissions); only LLM_USAGE_STATEMENT.txt is shipped
projects/maxtoki/paper/icml2024.bst,file,1,27147,earlier paper draft (drafts and submissions); only LLM_USAGE_STATEMENT.txt is shipped
projects/maxtoki/paper/icml2024.sty,file,1,28048,earlier paper draft (drafts and submissions); only LLM_USAGE_STATEMENT.txt is shipped
projects/maxtoki/paper/main.aux,file,1,11167,earlier paper draft (drafts and submissions); only LLM_USAGE_STATEMENT.txt is shipped
projects/maxtoki/paper/main.bbl,file,1,19242,earlier paper draft (drafts and submissions); only LLM_USAGE_STATEMENT.txt is shipped
projects/maxtoki/paper/main.blg,file,1,917,earlier paper draft (drafts and submissions); only LLM_USAGE_STATEMENT.txt is shipped
projects/maxtoki/paper/main.log,file,1,47842,earlier paper draft (drafts and submissions); only LLM_USAGE_STATEMENT.txt is shipped
projects/maxtoki/paper/main.out,file,1,0,earlier paper draft (drafts and submissions); only LLM_USAGE_STATEMENT.txt is shipped
projects/maxtoki/paper/main.pdf,file,1,265050,earlier paper draft (drafts and submissions); only LLM_USAGE_STATEMENT.txt is shipped
projects/maxtoki/paper/main.tex,file,1,42818,earlier paper draft (drafts and submissions); only LLM_USAGE_STATEMENT.txt is shipped
projects/maxtoki/paper/references.bib,file,1,19493,earlier paper draft (drafts and submissions); only LLM_USAGE_STATEMENT.txt is shipped
projects/maxtoki/runs/attention-grn-217M/ (all),files,3,55942,Python bytecode cache
projects/maxtoki/runs/attention-grn-217M/ (all),files,327,1339392,macOS AppleDouble file (._*)
projects/maxtoki/runs/circuit-tracing-217M/ (all),files,6,168464,Python bytecode cache
projects/maxtoki/runs/circuit-tracing-217M/ (all),files,3516,14401536,macOS AppleDouble file (._*)
projects/maxtoki/runs/exhaustive-mapping-217M/ (all),files,5,493875,Python bytecode cache
projects/maxtoki/runs/exhaustive-mapping-217M/ (all),files,1434,5873664,macOS AppleDouble file (._*)
projects/maxtoki/runs/longevity-mechinterp-217M/ (all),files,1,13261,Python bytecode cache
projects/maxtoki/runs/manifold-discovery-217M/ (all),files,10,205609,Python bytecode cache
projects/maxtoki/runs/manifold-discovery-217M/ (all),files,1276,5226496,macOS AppleDouble file (._*)
projects/maxtoki/runs/sae-atlas-217M/ (all),files,5,312787,Python bytecode cache
projects/maxtoki/runs/sae-atlas-217M/ (all),files,731,2994176,macOS AppleDouble file (._*)
projects/maxtoki/runs/sae-atlas-217M/atlas/dist/,folder,52,116083023,"web-app build output, ignored by the atlas's own .gitignore; rebuild with `npm ci && npm run build` in the atlas folder (46 of its 52 files, everything under dist/data/, are byte-identical copies of atlas/public/data/, which is shipped; S1 Table row R07 cites dist/data/ files, so read them in atlas/public/data/)"
projects/maxtoki/runs/sae-atlas-217M/atlas/node_modules/,folder,12997,296298705,third-party JavaScript packages (rebuild with `npm ci` from package-lock.json)
projects/maxtoki/runs/spectral-geometry-217M/ (all),files,2,142648,Python bytecode cache
projects/maxtoki/runs/spectral-geometry-217M/ (all),files,119,487424,macOS AppleDouble file (._*)
projects/maxtoki/runs/spectral-geometry-217M/autoloop/data/embeddings/cell_metadata.csv,file,1,127,symbolic link to <REPO_ROOT>/projects/maxtoki/runs/spectral-geometry-217M/outputs/phase0/cell_metadata.csv (not followed; recreate with ln -s if needed)
projects/maxtoki/runs/spectral-geometry-217M/autoloop/data/embeddings/gene_features.csv,file,1,127,symbolic link to <REPO_ROOT>/projects/maxtoki/runs/spectral-geometry-217M/outputs/phase0/gene_features.csv (not followed; recreate with ln -s if needed)
projects/maxtoki/runs/spectral-geometry-217M/autoloop/data/embeddings/maxtoki_217m_layer_gene_embeddings.npy,file,1,135,symbolic link to <REPO_ROOT>/projects/maxtoki/runs/spectral-geometry-217M/outputs/phase0/layer_gene_embeddings.npy (not followed; recreate with ln -s if needed)
projects/maxtoki/runs/topology-141-217M/ (all),files,9,182299,Python bytecode cache
projects/maxtoki/runs/topology-141-217M/ (all),files,280,1146880,macOS AppleDouble file (._*)
projects/maxtoki/setup/ (all),files,8,181137,Python bytecode cache
projects/maxtoki/setup/ (all),files,4,16384,macOS AppleDouble file (._*)
projects/maxtoki/setup/MaxToki-1B-HF/,folder,3,4196168062,model weights (see CHECKPOINTS.md)
projects/maxtoki/setup/MaxToki-217M-HF/,folder,3,867798568,model weights (see CHECKPOINTS.md); its config.json and generation_config.json are shipped
projects/maxtoki/summaries/ (all),files,1,4096,macOS AppleDouble file (._*)
projects/maxtoki/verification/ (all),files,113,462848,macOS AppleDouble file (._*)
prompts/ (all),files,4,16384,macOS AppleDouble file (._*)
