auc_motif,auc_triangle_baseline,auc_combined,delta_combo_vs_baseline,null_motif_p95,null_combo_p95,delta_motif_vs_null_p95,delta_combo_vs_null_p95,null_motif_mean,null_combo_mean,n_trrust_in_pool,domain,layer,hypothesis
0.41865079365079366,0.5188116281866282,0.39659241221741226,-0.12221921596921592,0.4587301587301587,0.4527148343554594,-0.04007936507936505,-0.056122422138047134,0.4373015873015873,0.4325292358104857,311,lung,0,H124_string
0.42658730158730157,0.5087857744107744,0.4212361712361712,-0.08754960317460325,0.4497023809523809,0.4412762295574796,-0.02311507936507934,-0.020040058321308396,0.42460317460317454,0.4202205086580087,311,lung,1,H124_string
0.4146825396825397,0.5328320406445406,0.4185718795093795,-0.11426016113516108,0.44067460317460316,0.44661420755170755,-0.025992063492063455,-0.028042328042328035,0.41476190476190483,0.4216947375541125,311,lung,2,H124_string
0.4027777777777778,0.5044680435305435,0.3932103775853776,-0.11125766594516595,0.45654761904761904,0.44582525402837897,-0.053769841269841245,-0.05261487644300139,0.4348412698412698,0.4199013949013949,311,lung,3,H124_string
0.4027777777777778,0.5072262806637807,0.3963782166907167,-0.11084806397306401,0.4594246031746032,0.4508240891053391,-0.05664682539682542,-0.0544458724146224,0.4286507936507936,0.4196359427609427,311,lung,4,H124_string
0.3948412698412698,0.48792613636363635,0.3743160774410775,-0.11361005892255888,0.4298611111111111,0.4082839180495431,-0.035019841269841256,-0.03396784060846564,0.4037301587301587,0.38554571007696015,311,lung,5,H124_string
0.41865079365079366,0.4335843554593555,0.36047228234728235,-0.07311207311207313,0.43363095238095234,0.39075107473544973,-0.014980158730158677,-0.030278792388167386,0.41785714285714287,0.3708007154882155,311,lung,6,H124_string
0.4146825396825397,0.48956830206830204,0.3848717833092833,-0.10469651875901875,0.4495039682539682,0.4361494408369408,-0.0348214285714285,-0.051277657527657505,0.42515873015873007,0.41044079184704185,311,lung,7,H124_string
0.42658730158730157,0.560842803030303,0.42597853535353536,-0.13486426767676762,0.439781746031746,0.4501473063973065,-0.013194444444444453,-0.02416877104377113,0.4142063492063492,0.43010972823472826,311,lung,8,H124_string
0.3988095238095238,0.5290779822029822,0.39568677849927847,-0.13339120370370372,0.4265873015873016,0.4324207476551226,-0.027777777777777846,-0.03673396915584415,0.4068253968253968,0.4087675114237614,311,lung,9,H124_string
0.41865079365079366,0.5417455808080808,0.415125962000962,-0.12661961880711875,0.45039682539682535,0.4543660188191438,-0.03174603174603169,-0.03924005681818177,0.4215873015873015,0.42576990139490145,311,lung,10,H124_string
0.43452380952380953,0.5019766113516113,0.41684328403078397,-0.08513332732082735,0.4415674603174603,0.43476712812650314,-0.007043650793650769,-0.017923844095719177,0.4223809523809524,0.41134221681096683,311,lung,11,H124_string
0.5327380952380952,0.44380738406473697,0.5057753657018362,0.06196798163709927,0.5293154761904761,0.4956530598350451,0.003422619047619091,0.010122305866791137,0.5089484126984126,0.4774273459383753,611,immune,0,H124_string
0.5069444444444444,0.4411939775910364,0.4841931216931217,0.042999144102085274,0.5307539682539683,0.49828008286647996,-0.023809523809523836,-0.014086961173358281,0.5084722222222221,0.47535449735449736,611,immune,1,H124_string
0.48908730158730157,0.45646786492374725,0.4726812947401183,0.016213429816371028,0.5249007936507936,0.5004326174914411,-0.03581349206349199,-0.027751322751322804,0.5084325396825397,0.4829316351540616,611,immune,2,H124_string
0.49503968253968256,0.4673153983815749,0.47360819327731096,0.006292794895736087,0.5209325396825396,0.500788204170557,-0.02589285714285705,-0.027180010893246065,0.5073611111111112,0.4850766612200436,611,immune,3,H124_string
0.5009920634920635,0.4512079831932774,0.47597650171179584,0.024768518518518468,0.5239087301587301,0.4989307598039216,-0.022916666666666585,-0.022954258092125757,0.5079166666666666,0.47893857959850605,611,immune,4,H124_string
0.5029761904761905,0.46045703003423594,0.48128793183940244,0.020830901805166502,0.5273313492063492,0.5026007138966698,-0.0243551587301587,-0.021312782057267388,0.5055357142857143,0.4805267370837224,611,immune,5,H124_string
0.4930555555555556,0.45825649704326177,0.4672171646436352,0.008960667600373451,0.5283234126984127,0.502145434562714,-0.03526785714285707,-0.03492826991907877,0.5083134920634921,0.48115248599439786,611,immune,6,H124_string
0.49503968253968256,0.4605187908496732,0.47350606909430437,0.012987278244631195,0.5265376984126984,0.5028218370681606,-0.03149801587301582,-0.029315767973856266,0.5080357142857143,0.48495448179271705,611,immune,7,H124_string
0.5029761904761905,0.46359710550887023,0.47872315592903825,0.015126050420168013,0.5270833333333333,0.5053429427326486,-0.024107142857142883,-0.026619786803610324,0.5066071428571429,0.48369335511982575,611,immune,8,H124_string
0.5287698412698413,0.4675332633053222,0.5048620837223778,0.03732882041705565,0.5273313492063492,0.5037016612200436,0.001438492063492114,0.0011604225023342796,0.5077182539682539,0.4872582282913165,611,immune,9,H124_string
0.5148809523809523,0.44132430750077806,0.48543514628073453,0.044110838779956474,0.5288690476190476,0.49680312402738874,-0.0139880952380953,-0.011367977746654212,0.5130357142857143,0.4792369864612512,611,immune,10,H124_string
0.4990079365079365,0.4689805088702148,0.4825795596016184,0.013599050731403606,0.5253472222222221,0.5053113814970432,-0.026339285714285565,-0.02273182189542483,0.5089484126984127,0.4864010854341736,611,immune,11,H124_string
0.4130434782608696,0.43533820365510556,0.355403456509918,-0.07993474714518756,0.4818840579710145,0.41548927819939946,-0.0688405797101449,-0.060085821689481456,0.44014492753623186,0.3819358346927678,163,external_lung,0,H124_string
0.4492753623188406,0.4089888171737948,0.3836678724259403,-0.025320944747854512,0.4818840579710145,0.41297668865404163,-0.03260869565217395,-0.02930881622810133,0.45028985507246366,0.38285717663191243,163,external_lung,1,H124_string
0.4057971014492754,0.4399484597016337,0.3544695841312622,-0.08547887557037148,0.463768115942029,0.4074686147953755,-0.0579710144927536,-0.05299903066411327,0.43304347826086953,0.37287396269238954,163,external_lung,2,H124_string
0.4347826086956522,0.426058585715299,0.3785729484360593,-0.047485637279239656,0.4673913043478261,0.4057953282738728,-0.03260869565217389,-0.027222379837813504,0.4391304347826086,0.3744154431756389,163,external_lung,3,H124_string
0.42028985507246375,0.4380688937749722,0.37525119984868904,-0.06281769392628317,0.4673913043478261,0.40288909378915766,-0.04710144927536236,-0.027637893940468616,0.43463768115942025,0.375075064425373,163,external_lung,4,H124_string
0.427536231884058,0.47515190202614843,0.3987043998392321,-0.07644750218691632,0.46213768115942033,0.42285032035368936,-0.03460144927536235,-0.024145920514457242,0.4314492753623189,0.39028181667730577,163,external_lung,5,H124_string
0.44202898550724634,0.5703004941248788,0.447703146795281,-0.12259734732959782,0.49112318840579705,0.49179551741258243,-0.04909420289855071,-0.044092370617301424,0.4521739130434782,0.4485710570489633,163,external_lung,6,H124_string
0.4347826086956522,0.558845781024659,0.41880038773435463,-0.14004539329030435,0.49112318840579705,0.4807976925077429,-0.056340579710144834,-0.06199730477338827,0.45144927536231877,0.4371884530817789,163,external_lung,7,H124_string
0.3913043478260869,0.6214270515639406,0.405241506489822,-0.21618554507411863,0.47137681159420286,0.4814194860155567,-0.08007246376811594,-0.07617797952573468,0.43376811594202896,0.4480934818072204,163,external_lung,8,H124_string
0.4057971014492754,0.6333191479301133,0.4205262784594652,-0.21279286947064813,0.4894927536231884,0.5058449771851431,-0.083695652173913,-0.08531869872567788,0.4473913043478261,0.4644610728893302,163,external_lung,9,H124_string
0.37681159420289856,0.6330945457124619,0.396068279074166,-0.23702626663829596,0.48061594202898544,0.49120268576967635,-0.10380434782608688,-0.09513440669551038,0.4369565217391304,0.45481949074402445,163,external_lung,10,H124_string
0.39855072463768115,0.5797101449275361,0.3983024800813296,-0.18140766484620652,0.4746376811594203,0.4777383738799442,-0.07608695652173914,-0.0794358937986146,0.4384057971014492,0.43402250750644256,163,external_lung,11,H124_string
