domain,layer,k,cycle_rank,n_edges,n_components
lung,0,8,2209,2590,1
lung,0,12,3472,3853,1
lung,0,16,4690,5071,1
lung,1,8,2262,2643,1
lung,1,12,3563,3944,1
lung,1,16,4867,5248,1
lung,2,8,1920,2301,1
lung,2,12,3126,3507,1
lung,2,16,4300,4681,1
lung,3,8,1661,2042,1
lung,3,12,2713,3094,1
lung,3,16,3808,4189,1
lung,4,8,1683,2064,1
lung,4,12,2763,3144,1
lung,4,16,3853,4234,1
lung,5,8,1701,2082,1
lung,5,12,2753,3134,1
lung,5,16,3788,4169,1
lung,6,8,1700,2081,1
lung,6,12,2753,3134,1
lung,6,16,3789,4170,1
lung,7,8,1849,2230,1
lung,7,12,2946,3327,1
lung,7,16,4013,4394,1
lung,8,8,1832,2213,1
lung,8,12,2905,3286,1
lung,8,16,3996,4377,1
lung,9,8,1816,2197,1
lung,9,12,2926,3307,1
lung,9,16,4033,4414,1
lung,10,8,1836,2217,1
lung,10,12,2927,3308,1
lung,10,16,4064,4445,1
lung,11,8,1700,2081,1
lung,11,12,2791,3172,1
lung,11,16,3896,4277,1
immune,0,8,2105,2454,1
immune,0,12,3293,3642,1
immune,0,16,4449,4798,1
immune,1,8,2028,2377,1
immune,1,12,3205,3554,1
immune,1,16,4360,4709,1
immune,2,8,1769,2118,1
immune,2,12,2818,3167,1
immune,2,16,3894,4243,1
immune,3,8,1525,1874,1
immune,3,12,2472,2821,1
immune,3,16,3387,3736,1
immune,4,8,1532,1881,1
immune,4,12,2475,2824,1
immune,4,16,3417,3766,1
immune,5,8,1533,1882,1
immune,5,12,2456,2805,1
immune,5,16,3407,3756,1
immune,6,8,1526,1875,1
immune,6,12,2499,2848,1
immune,6,16,3450,3799,1
immune,7,8,1732,2081,1
immune,7,12,2738,3087,1
immune,7,16,3754,4103,1
immune,8,8,1786,2135,1
immune,8,12,2859,3208,1
immune,8,16,3923,4272,1
immune,9,8,1784,2133,1
immune,9,12,2880,3229,1
immune,9,16,3961,4310,1
immune,10,8,1805,2154,1
immune,10,12,2898,3247,1
immune,10,16,3986,4335,1
immune,11,8,1520,1869,1
immune,11,12,2521,2870,1
immune,11,16,3579,3928,1
external_lung,0,8,2195,2574,1
external_lung,0,12,3434,3813,1
external_lung,0,16,4636,5015,1
external_lung,1,8,2088,2467,1
external_lung,1,12,3287,3666,1
external_lung,1,16,4496,4875,1
external_lung,2,8,1779,2158,1
external_lung,2,12,2885,3264,1
external_lung,2,16,3956,4335,1
external_lung,3,8,1537,1916,1
external_lung,3,12,2507,2886,1
external_lung,3,16,3545,3924,1
external_lung,4,8,1597,1976,1
external_lung,4,12,2664,3043,1
external_lung,4,16,3713,4092,1
external_lung,5,8,1586,1965,1
external_lung,5,12,2621,3000,1
external_lung,5,16,3654,4033,1
external_lung,6,8,1674,2053,1
external_lung,6,12,2692,3071,1
external_lung,6,16,3749,4128,1
external_lung,7,8,1738,2117,1
external_lung,7,12,2788,3167,1
external_lung,7,16,3838,4217,1
external_lung,8,8,1714,2093,1
external_lung,8,12,2733,3112,1
external_lung,8,16,3742,4121,1
external_lung,9,8,1719,2098,1
external_lung,9,12,2715,3094,1
external_lung,9,16,3718,4097,1
external_lung,10,8,1718,2097,1
external_lung,10,12,2734,3113,1
external_lung,10,16,3721,4100,1
external_lung,11,8,1689,2068,1
external_lung,11,12,2699,3078,1
external_lung,11,16,3715,4094,1
