tf,n_targets,forward,transpose,sym_mean,sym_max,rank_conditioned,order_share_F,coexpr_abs_spearman,gene_variance,gene_variance_single_log
NFE2L2,5,0.5445783132530121,0.5352074966532798,0.6254350736278447,0.656760374832664,0.672289156626506,0.4407630522088353,0.4650602409638554,0.7405622489959839,0.5690763052208835
PTTG1,4,0.5080267558528428,0.4872909698996655,0.4936454849498328,0.5754180602006689,0.4959866220735786,0.5448996655518394,0.5394648829431438,0.8879598662207357,0.9535117056856187
E2F3,6,0.7964947532931458,0.5170797052913597,0.7488278633623576,0.7200267916945747,0.7842152266130833,0.7684192900200938,0.46684527796383124,0.9401652154498772,0.9524447421299397
MYC,15,0.6047169811320755,0.34249775381850855,0.523854447439353,0.48194070080862533,0.5175202156334232,0.7377358490566037,0.6597484276729559,0.5349056603773585,0.6709344115004492
ATM,5,0.37610441767068276,0.5983935742971888,0.6393574297188755,0.6436412315930389,0.49404283801874166,0.3670682730923695,0.4190093708165997,0.5978580990629183,0.7058902275769746
TFDP1,4,0.7438127090301003,0.5959866220735786,0.7821070234113713,0.7842809364548495,0.7275919732441471,0.7090301003344481,0.4954849498327759,0.4707357859531773,0.9016722408026756
CTCF,3,0.6809269162210339,0.5721925133689839,0.5837789661319073,0.49554367201426025,0.6343582887700535,0.6833778966131907,0.5577094474153298,0.6056149732620321,0.6940730837789661
STAT3,10,0.3719274680993956,0.7967763599731363,0.7541974479516454,0.7320349227669577,0.41544660846205506,0.22622565480188045,0.5312290127602418,0.5758898589657488,0.564204163868368
BRCA1,10,0.5690732034922767,0.3733378106111484,0.46145063801208863,0.4462055070517126,0.582303559435863,0.5281732706514439,0.7376762928139691,0.697313633310947,0.6380120886501007
CEBPB,3,0.3531639928698752,0.4959893048128342,0.4244652406417112,0.5113636363636364,0.29389483065953653,0.5031194295900179,0.5490196078431373,0.27606951871657753,0.12188057040998218
ATF4,4,0.3879598662207358,0.6198996655518395,0.5575250836120401,0.6936454849498328,0.3785953177257525,0.2800167224080268,0.6872909698996655,0.5923076923076923,0.5309364548494984
EP300,4,0.7770903010033445,0.40384615384615385,0.788628762541806,0.7677257525083612,0.8321070234113712,0.6660535117056856,0.6290969899665552,0.6010033444816053,0.9053511705685618
