layer,fiedler_value,n_edges,string_prec_700,string_prec_900,null_prec_700,null_prec_900,z_700,z_900,time_s,fiedler_null_mean,fiedler_null_std,fiedler_z
0,0.16575823805041748,14372,0.1018957345971564,0.11857707509881422,0.012783633533466756,0.012783633533466756,23.04488669709537,21.18364424040395,0.7539010047912598,0.5589560200106727,0.0013175680196920564,-298.42690945812643
1,0.1409237052723598,18585,0.06398104265402843,0.08300395256916997,0.016531020680453635,0.016531020680453635,10.811288919755745,11.727081008848621,0.47293782234191895,0.5589560200106727,0.0013175680196920564,-317.2756751552366
2,0.09667457083050136,17059,0.04028436018957346,0.0533596837944664,0.01517367133644652,0.01517367133644652,5.967668469386866,7.026748448424014,0.5203158855438232,0.5589560200106727,0.0013175680196920564,-350.8596195301206
3,0.08963561639676644,16556,0.035545023696682464,0.045454545454545456,0.014726261952412719,0.014726261952412719,5.021129286738779,5.738373933929203,0.49175500869750977,0.5589560200106727,0.0013175680196920564,-356.2020032205973
4,0.07887605033826715,15101,0.026066350710900472,0.03557312252964427,0.013432065821658883,0.013432065821658883,3.188504139874372,4.326519834674482,0.5066227912902832,0.5589560200106727,0.0013175680196920564,-364.3682345506435
5,0.08374362483096959,14648,0.02132701421800948,0.029644268774703556,0.013029130531465422,0.013029130531465422,2.1258307328007175,3.2958643783724986,0.5829229354858398,0.5589560200106727,0.0013175680196920564,-360.6738718684012
6,0.07915335718394365,14782,0.018957345971563982,0.023715415019762844,0.013148321102957527,0.013148321102957527,1.4815399469337922,2.0867466868312787,0.6575629711151123,0.5589560200106727,0.0013175680196920564,-364.1577658534035
7,0.05384969079594991,15581,0.023696682464454975,0.025691699604743084,0.01385901712252613,0.01385901712252613,2.4447111213225465,2.276788816591688,0.5789916515350342,0.5589560200106727,0.0013175680196920564,-383.3625917821818
8,0.05141397587565536,16717,0.030805687203791468,0.037549407114624504,0.014869468534578607,0.014869468534578607,3.825268206511173,4.2152420676565905,0.44971680641174316,0.5589560200106727,0.0013175680196920564,-385.2112361777854
9,0.05327643755104109,16164,0.023696682464454975,0.025691699604743084,0.01437758505670447,0.01437758505670447,2.27429510093614,2.1379501326324255,0.49976086616516113,0.5589560200106727,0.0013175680196920564,-383.79767611394516
10,0.05708414775931908,16509,0.02132701421800948,0.02766798418972332,0.014684456304202802,0.014684456304202802,1.6043162043661758,2.4280150296600294,0.5080990791320801,0.5589560200106727,0.0013175680196920564,-380.9077229104872
11,0.007760270312429971,13771,0.023696682464454975,0.023715415019762844,0.012249054925505893,0.012249054925505893,3.0235119954997565,2.344908045787971,0.710623025894165,0.5589560200106727,0.0013175680196920564,-418.34326549056817
