model,layer,er,ci_low,ci_high
trained_A,0,560.8089988686394,560.8089988015813,560.8089989356974
trained_A,1,328.0568779584577,327.8808782593686,328.23287765754674
trained_A,2,354.62153681327607,354.42752610567726,354.8155475208749
trained_A,3,343.41471494475235,342.4616892808963,344.3677406086084
trained_A,4,302.38779670191855,301.07226552026776,303.70332788356933
trained_A,5,303.81557510320175,302.547283079493,305.0838671269105
trained_A,6,275.206427494751,274.3427058870652,276.07014910243674
trained_A,7,261.20973430775047,260.4837629466999,261.935705668801
trained_A,8,272.80287693063553,271.9923969349961,273.61335692627495
trained_A,9,267.09291647055977,266.5392866930104,267.64654624810913
trained_A,10,265.88694859857867,265.03968774648337,266.734209450674
trained_A,11,227.16248620677933,224.7965283120158,229.52844410154287
rand0_A,0,815.9059534528898,815.9059533590602,815.9059535467194
rand0_A,1,642.0518440288612,641.4432319647682,642.6604560929542
rand0_A,2,649.0846682473986,648.2267018539303,649.9426346408668
rand0_A,3,623.9096558070172,621.8773830650881,625.9419285489463
rand0_A,4,588.7588565401404,584.9867855857765,592.5309274945043
rand0_A,5,555.7786337433687,550.8112159504205,560.7460515363168
rand0_A,6,518.4039478416775,511.8084926116679,524.9994030716871
rand0_A,7,481.65131020990333,473.3645806618733,489.9380397579334
rand0_A,8,452.3127925436059,443.46499534076406,461.1605897464477
rand0_A,9,419.0825594370289,409.77230475735735,428.3928141167005
rand0_A,10,393.7053119495806,384.31587543958744,403.0947484595738
rand0_A,11,397.6257112696223,386.6909196448212,408.5605028944234
rand1_A,0,816.8260417961621,816.8260417187383,816.826041873586
rand1_A,1,644.946010760053,644.5657600008456,645.3262615192605
rand1_A,2,650.0678433942204,648.977619684312,651.1580671041288
rand1_A,3,624.6376139283259,621.7309074063379,627.5443204503139
rand1_A,4,583.1502066996497,577.6251634379075,588.675249961392
rand1_A,5,545.6227391376376,538.0416171773236,553.2038610979516
rand1_A,6,505.6067408927394,496.448707802513,514.7647739829658
rand1_A,7,464.49320054896293,453.3269384272538,475.65946267067204
rand1_A,8,430.8480248227055,419.1836744029534,442.5123752424576
rand1_A,9,403.0826433216278,390.5129551157828,415.6523315274728
rand1_A,10,382.68314478349305,370.13649391004964,395.22979565693646
rand1_A,11,389.77047446518714,376.03470785755627,403.506241072818
rand2_A,0,816.8227946813876,816.8227946208655,816.8227947419097
rand2_A,1,644.6069988808052,644.2455070322994,644.968490729311
rand2_A,2,652.2648143523146,651.8009612601342,652.728667444495
rand2_A,3,631.5891956859685,629.7485204918974,633.4298708800397
rand2_A,4,604.7622433744042,601.2092374233612,608.3152493254472
rand2_A,5,569.9780808042209,564.2159214088643,575.7402401995774
rand2_A,6,538.2352019145605,531.1560618691,545.3143419600211
rand2_A,7,504.30083170028627,495.66831454771284,512.9333488528597
rand2_A,8,470.16000375759324,460.01669070848266,480.30331680670383
rand2_A,9,443.2259867929364,431.77283436118495,454.67913922468784
rand2_A,10,412.9557733907423,400.6888274024113,425.22271937907334
rand2_A,11,421.4412600048422,408.2384350924246,434.6440849172598
