gene_a,gene_b,layer_count,category,is_900_tier
MDM2,MDM4,0,never,True
RAD23B,PSMD6,1,L0_only,False
NDUFS2,NDUFS4,0,never,True
EZH2,CTNNB1,0,never,True
POLR2E,POLR2A,0,never,True
SELENOK,SECISBP2,0,never,True
SSR1,SPCS3,1,L0_only,False
NOP58,NOP53,0,never,False
DAZAP1,DAZAP2,0,never,True
CDC27,CDC26,0,never,True
UBA6,UBE2E1,1,L0_only,False
NUP153,NUP58,0,never,True
ATP6V1D,ATP6V0E1,0,never,True
NDUFS2,NDUFAF2,0,never,True
MRPL23,MRPL33,1,L0_only,True
POLR2E,PPP2R1A,0,never,False
GPI,IDH2,0,never,False
SEPTIN11,SEPTIN9,4,early,True
NDUFAF2,NDUFB6,0,never,False
NDUFA1,NDUFV1,0,never,True
POLR2B,PPP2R1A,0,never,False
MRPL43,MRPL54,4,early,True
COPZ1,COPA,0,never,True
SEC62,SEC61A1,0,never,True
SCFD1,SEC13,0,never,False
NDUFA10,NDUFS4,1,mixed,True
TRIM24,TRIM33,0,never,True
TNPO3,SRSF4,0,never,False
UBE3A,UBE2E1,0,never,False
RBBP4,SAP30,0,never,True
PTS,PTPN2,0,never,False
SRP54,SSR1,0,never,False
RAB5A,RAB4A,0,never,True
ANXA2,ANXA6,0,never,True
CUL4A,DDB1,1,L0_only,True
EMC4,EMC7,0,never,True
NDUFS1,NDUFB1,0,never,True
SDHC,SDHD,0,never,True
AP2B1,ARF6,0,never,False
RTF1,SETD2,0,never,False
USP34,TRIP12,0,never,False
CDC5L,CCDC12,7,mixed,True
NDUFB5,NDUFAF3,0,never,True
ATP6V0E1,ATP6AP2,0,never,True
GOLGA4,GOLGB1,1,L0_only,True
BAX,ADAM10,0,never,False
CAPNS1,CAST,0,never,True
ACAA1,ACADVL,0,never,True
ATP6V0E1,ATP6V1E1,0,never,True
HMGCS1,HADHB,0,never,True
NDUFS1,NDUFA1,0,never,True
GLUD1,IDH2,0,never,True
NDUFS1,NDUFS3,0,never,True
HNRNPL,HDAC1,0,never,False
SRRT,TCERG1,0,never,False
NUP50,NUP107,0,never,True
COPA,COPB2,1,L0_only,True
RAB11A,RAB2A,0,never,False
SURF4,TMED9,0,never,False
RB1,PTEN,0,never,False
NDUFV1,NDUFA3,0,never,True
NDUFA5,NDUFAF2,0,never,True
SNX5,SNX17,0,never,False
ARID1B,ARID1A,0,never,True
LSM6,LSM10,0,never,True
VASP,WASF2,0,never,False
POLR2B,POLR2E,0,never,True
NDUFV1,NDUFS3,0,never,True
SRSF4,SRPK2,0,never,False
PPP1R2,PPP1CB,0,never,True
DYNLT1,DYNC1H1,0,never,True
RALA,RALBP1,0,never,True
CUL1,CUL4A,0,never,True
KMT2C,KRAS,0,never,False
RUNX1,SMAD2,0,never,False
PSMC2,PSMD6,0,never,True
MED1,MRPL34,0,never,False
RAB11A,RAB1A,0,never,False
NAMPT,MRPS6,0,never,False
CPSF6,CHTOP,0,never,False
TMED10,TMED9,3,early,True
ERCC1,DDB1,1,mixed,False
SEC62,RTN3,0,never,False
ZC3H13,YTHDF2,0,never,False
CUL2,FAF1,0,never,False
RRBP1,SEC31A,0,never,False
COPA,COPB1,0,never,True
EIF2AK2,EIF2A,0,never,False
CUL2,DDB1,0,never,False
RALA,RAB11A,0,never,False
DIDO1,DPY30,0,never,False
LSM8,LSM10,0,never,True
CTSA,CTSD,0,never,False
MFAP1,LSM10,0,never,False
WDR82,TWF2,0,never,True
DDX18,DDX27,0,never,False
NDUFS1,NDUFA3,0,never,True
HIF1A,HDAC1,0,never,True
LAMP2,LAMP1,0,never,True
UBE2A,UBA1,0,never,True
CELF1,CEBPB,0,never,False
WTAP,YTHDF2,0,never,True
EIF3J,DENR,0,never,False
NDUFV3,NDUFB1,0,never,True
ARF5,ARFGAP3,0,never,False
NDUFS1,NDUFAF3,0,never,True
NDUFAF2,NDUFA6,0,never,True
UBE2E3,UBE2E1,1,L0_only,True
NDUFA5,NDUFB1,0,never,True
MED28,MED1,0,never,True
EIF4E,CTNNB1,0,never,False
USP34,USP9X,0,never,False
TMOD3,TPM4,0,never,False
DNTTIP2,ESF1,0,never,False
ZNF644,ZNF292,0,never,False
CDK6,CCNC,0,never,False
NDUFA1,NDUFV3,0,never,True
CUL3,CUL2,10,late,True
MRPS18C,MRPL54,0,never,True
VASP,ZYX,2,mixed,True
CNOT2,CNOT7,0,never,True
GNAQ,GNB2,0,never,False
WAPL,TRIP12,0,never,False
NDUFA1,NDUFA5,0,never,True
ARID1B,BCL7C,0,never,True
TAF11,TAF10,0,never,True
ACSL4,ACSL3,1,L0_only,False
ATRX,ARID1A,0,never,False
MAPKAP1,KRAS,11,late,True
EIF2AK4,EIF4E,0,never,False
NDUFS1,NDUFB5,0,never,True
TAF11,TAF7,4,mixed,True
CYB5R3,CYB5B,0,never,True
NDUFA1,NDUFA6,0,never,True
PPP2R1A,POLR2K,8,late,False
CTSC,CTSD,0,never,False
DDX18,EIF4E,0,never,False
RBBP7,SLBP,1,L0_only,False
UTP18,UTP6,1,L0_only,True
UBE2S,TRIP12,0,never,False
DYNC1I2,DYNLT1,0,never,True
NDUFAF2,NDUFS3,0,never,True
NDUFA10,NDUFA3,0,never,True
DHX15,DDX10,0,never,False
RAB10,RAB8A,0,never,False
RB1CC1,SMARCB1,0,never,False
USP9X,TRIP12,0,never,False
ATP6V1E1,ATP6AP2,2,mixed,True
SELENOS,SECISBP2,0,never,False
LAMTOR2,LAMP1,0,never,False
SEC13,SEC22B,0,never,False
CHMP5,CHMP2A,0,never,True
SSR3,SPCS3,0,never,False
PSMC6,PSMC2,0,never,True
MRPL1,MRPL33,2,mixed,True
GLUL,GLUD1,0,never,True
SUCLA2,SUCLG1,0,never,True
EMC3,EMC7,1,L0_only,True
NDUFA10,NDUFAF2,0,never,True
NDUFB1,NDUFA6,0,never,True
NDUFB6,NDUFV1,0,never,True
BNIP3L,BCL2L1,0,never,True
ACAT1,ACADM,0,never,False
NDUFS2,NDUFB6,0,never,True
TNFRSF1A,TAX1BP1,0,never,False
AP2B1,AP3S1,0,never,True
PPP2R5E,PPP2R2A,0,never,True
SNW1,TCERG1,1,L0_only,True
RAB11A,RAB11FIP1,0,never,True
COPS3,COPS6,0,never,True
TMED2,TMED5,0,never,True
UBA1,UBE2G2,0,never,True
NDUFV3,NDUFA3,0,never,True
MAPK1,MCL1,0,never,False
NDUFA5,NDUFA3,0,never,True
SENP6,SAE1,0,never,False
DDB1,CTR9,0,never,False
CUL1,CTNNB1,0,never,True
NUP50,NUP153,0,never,True
RPL22L1,RSRC1,0,never,False
NDUFA5,NDUFV1,0,never,True
NDUFV3,NDUFS3,2,mixed,True
KMT2E,KMT2A,0,never,False
NDUFA5,NDUFS2,0,never,True
P4HA1,P4HB,0,never,True
TGFB1,STAT3,0,never,False
MRPL1,MRPL23,0,never,True
KMT2E,KMT2C,3,mixed,False
NDUFS4,NDUFV1,1,mixed,True
NDUFA5,NDUFB6,1,L0_only,True
NDUFA3,NDUFA6,1,L0_only,True
EIF2AK2,DICER1,0,never,True
EIF4E,DCP2,0,never,True
UBA6,UBE2K,1,L0_only,True
PTS,PTPN1,0,never,False
TMED4,TMED10,0,never,True
ADNP,ARID1A,0,never,False
SEC62,SEC63,0,never,True
TFAM,SOD2,0,never,False
TMED5,TMED10,0,never,True
SYF2,SNRNP200,0,never,True
TM9SF2,TMED10,0,never,True
AP3B1,AP3S1,12,always,True
PPP2R1A,PPP4R2,0,never,True
GNB1,GNAQ,0,never,True
UFD1,UBE2G2,0,never,False
SELENOW,SELENOT,0,never,True
PSME4,PSMF1,0,never,False
SNRPD3,SNRNP200,0,never,True
G6PD,IDH2,0,never,False
ARF5,ASAP1,0,never,False
TNPO3,TNPO1,0,never,True
TAF10,TAF7,0,never,True
NDUFB5,NDUFB1,0,never,True
NDUFA10,NDUFB1,0,never,True
GCC2,GOLGA4,0,never,True
DDX10,DDX52,0,never,True
MDM2,JUN,0,never,False
TMED5,TMED4,0,never,False
NDUFB5,NDUFV3,0,never,True
TRIP11,USO1,0,never,False
ADD1,ADD3,0,never,True
AP3D1,AP3S1,0,never,True
POLR2G,POLR2A,0,never,True
PHF20,PHF20L1,0,never,False
SMC1A,SMC4,0,never,False
CTSD,CTSB,0,never,True
SNRPA,SNW1,0,never,False
DYNC1LI1,DCTN2,0,never,True
NAA15,NAA38,0,never,True
SEC63,RPN1,0,never,False
CNOT1,CNOT7,2,mixed,True
YTHDC1,WTAP,0,never,True
ESF1,DDX10,0,never,True
UTP6,WDR43,0,never,True
SLC7A5,SLC38A2,0,never,False
MRPL34,MRPL33,2,mixed,True
NDUFA1,NDUFB5,0,never,True
KANSL1,MEAF6,0,never,False
KMT2A,KANSL1,0,never,True
AP2B1,BMP2K,0,never,False
NCBP2,NUP153,0,never,False
FBXO7,GIGYF2,0,never,False
NDUFV1,NDUFA6,0,never,True
TARDBP,SNRNP200,0,never,False
ROCK1,ROCK2,3,early,True
NDUFS4,NDUFB1,0,never,True
NDUFS2,NDUFA6,0,never,True
ANXA5,ANXA2,1,mixed,False
KPNA3,KPNA4,0,never,True
MRPL43,MRPS6,2,mixed,True
NDUFA1,NDUFA10,0,never,True
NDUFB6,NDUFA6,0,never,True
SNRPD3,TRA2B,0,never,False
SMARCB1,RUNX1,0,never,False
MED1,MED10,0,never,True
SLC7A5,SLC38A1,1,L0_only,False
WDR33,WDR82,0,never,True
DHX15,DDX27,0,never,False
MTHFD2,MTR,0,never,False
PDS5B,PDS5A,0,never,True
SF3A1,SF3B3,0,never,True
SNX5,SNX6,0,never,True
DHX15,DDX52,0,never,False
ARCN1,ARFGAP3,0,never,False
NDUFA10,NDUFAF3,0,never,False
UTP18,WDR74,0,never,False
SMC1A,SMC5,0,never,False
POLR2K,POLR2A,0,never,True
NDUFA1,NDUFS4,0,never,True
NDUFAF2,NDUFV1,0,never,True
PTBP1,QKI,0,never,False
SAR1A,SEC31A,1,mixed,True
DYNC1LI1,DYNLT1,0,never,True
DIMT1,DHX15,0,never,False
DYNC1I2,DYNC1LI1,0,never,True
HSPB1,HSF1,0,never,False
DDX1,DHX15,0,never,False
RBPJ,SMAD2,0,never,False
CDC73,CDK12,6,mixed,False
PSME1,PSMC6,1,mixed,False
MED28,MED4,0,never,True
SINHCAF,SAP30,0,never,True
REST,RBBP7,1,mixed,False
SAFB2,SAFB,1,mixed,False
NAA50,NAA15,0,never,True
NDUFS1,NDUFV3,0,never,True
KRR1,LYAR,0,never,False
NOP58,NOL10,0,never,True
MRPL43,OXA1L,0,never,False
URI1,UXT,0,never,True
GNAI3,GNAI2,0,never,True
POLR2E,POLR2G,0,never,True
OXA1L,MRPS18C,0,never,False
RNASEH2B,RNASEH2C,0,never,True
UBA6,UBE2E3,2,mixed,False
SEC31A,SAR1B,0,never,True
CDC73,CHD1,0,never,False
POLR2B,POLR2G,0,never,True
NDUFB5,NDUFA3,0,never,True
SDHB,SDHC,0,never,True
TMCO1,TMED10,0,never,False
CWC15,CWC27,0,never,True
ANAPC5,ANAPC16,0,never,True
RABAC1,RAB1A,0,never,False
BCL7C,ARID1A,0,never,True
NDUFA10,NDUFS2,1,L0_only,True
AP2B1,ARCN1,0,never,False
SURF4,TMED10,0,never,False
MAPK1,JUN,0,never,True
TAF10,TAF15,0,never,False
NDUFA10,NDUFB6,0,never,True
TAX1BP1,SQSTM1,0,never,True
KRR1,LARP7,0,never,False
DNAJB6,DNAJB1,0,never,False
TFAM,TIMM17A,0,never,False
MAP1LC3B,LAMP1,0,never,False
NDUFS1,NDUFAF2,0,never,True
NUP107,NUP153,7,mixed,True
RBBP7,SINHCAF,0,never,True
DIS3,DCP2,0,never,False
UFL1,UFM1,1,L0_only,True
PTS,PTPN11,0,never,False
PRPF38B,PRPF38A,0,never,True
RABEP1,RAB4A,0,never,True
DDX27,DDX52,0,never,False
NDUFS4,NDUFA3,0,never,True
SRSF4,SRSF6,0,never,True
HDAC1,GATAD2A,0,never,True
NDUFB6,NDUFS3,0,never,True
DIMT1,DDX18,0,never,False
SLC7A5,SLC3A2,0,never,True
TMED2,TMED9,8,late,True
CUL3,CUL4A,0,never,True
DCTN3,DYNC1H1,0,never,True
NDUFS4,NDUFAF3,0,never,True
CUL1,DDB1,0,never,True
NDUFA5,NDUFA6,0,never,True
SNX17,SNX2,0,never,False
ERLEC1,DNAJC10,0,never,False
DYNC1I2,DCTN2,4,mixed,True
POLR2E,POLR2K,11,late,True
CNOT2,CNOT1,0,never,True
ESF1,DDX27,2,mixed,False
IDI1,FDFT1,6,mixed,True
DNM1L,DENR,0,never,False
CAND1,COPS5,0,never,False
PNKD,PET100,0,never,True
POLR2B,POLR2K,0,never,True
SAR1A,SEC22B,0,never,False
ESF1,DDX52,0,never,False
ELAVL1,DHX15,1,mixed,False
NCOR1,NCOR2,0,never,True
DHX15,CWC15,0,never,True
CUL5,DDB1,0,never,False
NDUFA5,NDUFS3,0,never,True
DDX18,DDX10,0,never,True
JUND,JUN,0,never,True
NDUFS2,NDUFAF3,0,never,True
UBE2A,WAC,0,never,False
BCL7C,BRD7,2,mixed,True
KDELR1,KDELR2,0,never,True
SAR1B,SEC22B,2,mixed,False
SMC4,SMC5,0,never,False
DYNC1LI2,DYNC1LI1,0,never,True
CUL3,CUL5,0,never,True
MDM2,MCL1,0,never,False
RSRC1,RPS27L,0,never,False
RAB14,RAB11FIP1,0,never,False
ELAVL1,CTNNB1,0,never,False
NDUFB5,NDUFS4,0,never,True
CHD8,CHD1,0,never,False
CUL3,CUL1,0,never,True
REEP5,RTN3,0,never,True
WDR74,WDR43,0,never,False
ETFB,ETFA,0,never,True
DCAF7,DDB1,0,never,True
SELENOS,SELENOW,0,never,False
PPP2R1A,PRKCA,0,never,True
SEC31A,SEC13,0,never,True
DHX29,EIF3J,0,never,False
AP2B1,AAK1,3,early,True
PIK3R1,PTPN11,0,never,True
UBE2S,UBE3A,0,never,False
CUL1,CUL5,0,never,True
COPS5,COPS2,0,never,True
UBE2S,UBE2E1,0,never,False
JARID2,LCOR,0,never,False
COPS5,COPS3,1,L0_only,True
MTREX,NOL10,0,never,False
EIF3J,EIF1B,0,never,True
LAMTOR2,LAMTOR1,0,never,True
SEC61A1,SEC11C,0,never,False
DNAJC2,DNAJB1,0,never,False
ATP1A1,ATP2A2,0,never,False
MTREX,NCBP2,0,never,True
UBA1,UBE2E1,0,never,True
CHMP3,CHMP2A,0,never,True
LAMP2,MAP1LC3B,0,never,False
RBBP8,RPA2,0,never,False
GLS,GLUL,0,never,True
UBE2S,UBA1,0,never,True
DICER1,EIF4E,11,late,True
ATP6V1D,ATP6AP2,0,never,True
RAB5C,RAB5A,0,never,True
EIF4G3,EIF4E2,0,never,True
RSF1,RBBP4,0,never,False
NDUFV3,NDUFAF2,2,mixed,True
LY6E,ISG15,3,early,False
RAB14,RAB8A,11,late,False
SCFD1,SEC31A,1,L0_only,False
TGFB1,SMURF2,0,never,False
SNRPD3,SNW1,0,never,True
SMC6,SMC5,0,never,True
PPP2R1A,POLR2G,0,never,False
RPA3,RPA2,0,never,True
MYCBP2,MYC,0,never,True
NDUFA6,NDUFS3,0,never,True
ESF1,DHX15,1,mixed,False
IDI1,HMGCS1,1,L0_only,True
SRPK2,TRA2B,0,never,False
GLS,GLUD1,0,never,True
KRAS,JAK1,0,never,False
USP9X,USP7,0,never,False
DICER1,DCP2,0,never,True
DICER1,DAP3,0,never,False
SRP54,SRP19,0,never,True
EMD,CTNNB1,0,never,True
TCERG1,SNRNP200,1,mixed,True
PPP1R10,PPP1CB,0,never,True
POLR2E,POLR3GL,0,never,True
BLOC1S6,AP3B1,0,never,False
UBE2R2,UBA1,5,late,True
SMARCC2,SMAD2,0,never,False
TARDBP,TRA2B,0,never,False
NDUFA1,NDUFAF2,0,never,True
PSME4,PSMC6,0,never,False
SEPTIN6,SEPTIN9,4,early,True
JAK1,ISG15,0,never,False
OXA1L,MRPS6,0,never,False
DYNC1LI2,DYNC1H1,0,never,True
NDUFS1,NDUFS4,0,never,True
RBBP4,SLBP,0,never,False
UBE3A,UBQLN1,0,never,True
NDUFA5,NDUFB5,1,mixed,True
SELENOS,SELENOT,1,L0_only,True
UTP18,WDR43,2,mixed,True
DNAJC10,ERO1A,1,mixed,False
DDX27,DDX10,0,never,False
MFAP1,IWS1,0,never,False
CD2AP,CAPZA2,2,mixed,True
DNAJC3,ERO1A,1,L0_only,False
NDUFS2,NDUFS3,0,never,True
ANXA11,ANXA7,0,never,True
EIF2AK2,DNAJC3,0,never,True
POLR2E,PHF3,0,never,False
TNPO3,SRSF6,0,never,False
NDUFA10,NDUFA6,0,never,True
PIK3R1,PTEN,0,never,True
TMED2,TMED4,0,never,True
ZFP36L2,ZFP36L1,1,mixed,True
AGO2,ADAR,5,late,False
PSMF1,PSMG2,1,L0_only,False
ACADVL,ACADM,0,never,False
SMC1A,SMC6,0,never,False
KRAS,ITGB1,0,never,False
NDUFA10,NDUFS3,0,never,True
KLF6,JUN,0,never,False
THOC2,THOC7,0,never,True
PTPRA,PTS,0,never,True
ANXA5,BCL2L1,0,never,False
DYNC1LI2,DCTN2,0,never,True
SCFD1,SEC22B,0,never,True
SSR3,SSR1,0,never,True
SEC63,SEC61A1,0,never,True
ARID1B,BRD7,0,never,True
LMNB1,LBR,0,never,True
GCLM,GLS,0,never,False
SUPT6H,SUPT5H,1,L0_only,True
SNRPD3,TAF15,0,never,False
PPP1R15A,PPP1CB,0,never,True
GNAI2,GNB2,0,never,True
BLOC1S6,BLOC1S2,0,never,True
TGOLN2,SNX2,0,never,False
EIF4E2,EIF4E,0,never,True
CDK6,CCND3,0,never,True
DYNC1LI1,DYNC1H1,0,never,True
CHD1,CHD3,0,never,False
TRIP12,USP7,0,never,True
UBN1,WTAP,0,never,False
NDUFAF2,NDUFA3,0,never,False
UBE2K,UBE2S,10,late,False
ATP6V1D,ATP6V1E1,0,never,True
SSR1,SRPRA,0,never,False
DCAF7,CUL4A,0,never,True
DIS3,EXOSC8,0,never,True
ZKSCAN1,ZNF24,0,never,False
NDUFS1,NDUFB6,0,never,True
NDUFB5,NDUFA6,0,never,True
DNAJC3,DNAJB1,0,never,True
MRPL34,MRPL1,0,never,False
PSMC6,RAD23B,0,never,False
FDFT1,HMGCS1,1,L0_only,True
EIF3J,ETF1,0,never,False
PTPN11,PTPN1,0,never,True
MAPK1,KRAS,0,never,True
GNAI2,GNAQ,0,never,False
MPC1,MPC2,0,never,True
ATXN2L,ATXN2,0,never,True
MAPK1,JAK1,0,never,False
TAF11,TAF15,0,never,False
SNRPD3,SMU1,0,never,True
RAB11FIP1,RAB4A,0,never,True
CNOT7,CAPZA2,0,never,False
NDUFS1,NDUFA5,0,never,True
GPI,G6PD,0,never,True
PAFAH1B1,PAFAH1B2,0,never,True
NDUFB5,NDUFAF2,0,never,True
DYNC1I2,DYNC1LI2,0,never,True
SELENOW,SECISBP2,0,never,False
ERGIC2,ERGIC3,0,never,True
TRAM1,SSR1,1,L0_only,False
NUP214,NUP58,0,never,True
DDX6,EIF4E,0,never,True
PPP2R1A,PDCD10,0,never,True
RAD23B,PSMC2,0,never,True
UBE2A,UBE2B,1,L0_only,True
NUP50,NUP58,0,never,True
LAMTOR1,LAMP1,0,never,False
CTNNA1,CTNNB1,0,never,True
PRPF38A,PRPF8,0,never,True
NDUFA1,NDUFAF3,0,never,True
GTF2F1,GTF2F2,0,never,True
PUM3,PWP1,1,L0_only,True
ITGAE,ITGB1,0,never,False
MRPS18C,MRPS6,0,never,True
COPZ1,COPB2,1,L0_only,True
PHF3,POLR2A,0,never,False
KMT2C,KMT2A,0,never,True
SRP19,SRPRA,0,never,True
COA1,COX14,0,never,False
ARL6IP1,AATF,0,never,False
PPP1R12A,PPP1R10,1,L0_only,False
SMU1,SNRNP200,0,never,True
CMTM6,CKLF,0,never,True
UBE2A,UBE3A,0,never,False
SRSF6,TRA2B,0,never,True
UBA6,UBA1,0,never,True
NDUFAF2,NDUFS4,1,L0_only,True
ECHS1,ETFA,0,never,False
SRSF6,SREK1,0,never,False
CHMP5,CHMP3,0,never,True
NDUFS2,NDUFB1,0,never,True
PLIN3,RAB5A,0,never,False
NDUFB6,NDUFB1,0,never,True
AP2B1,AP3D1,7,mixed,False
UBA6,UBE2A,0,never,False
PRPF6,PRPF38A,0,never,True
SMC4,SMC6,1,L0_only,False
RALA,RAB8A,0,never,False
GNB1,GNAI2,0,never,True
TRA2B,TAF15,0,never,False
NDUFS2,NDUFV1,1,L0_only,True
UBA6,UBE2S,0,never,True
SH3KBP1,SEPTIN9,0,never,False
TMED2,SURF4,0,never,False
NDUFA1,NDUFS2,0,never,True
RAB1A,RAB8A,0,never,True
NDUFS1,NDUFA6,0,never,True
NDUFV3,NDUFV1,0,never,True
COPB1,COPB2,6,mixed,True
MTREX,NOP58,0,never,True
MRPL43,MRPS18C,2,mixed,True
NFE2L2,MYC,0,never,True
APH1A,ADAM10,0,never,False
DNTTIP2,DIMT1,0,never,True
NDUFA1,NDUFB6,0,never,True
PTBP1,PRPF8,0,never,False
POLR3GL,POLR2K,0,never,False
UBE2B,UBA1,0,never,True
PPP2R1A,PPP2R2A,0,never,True
RBBP7,SAP30,0,never,True
NDUFV3,NDUFB6,0,never,True
PGLS,PGD,0,never,True
RFC1,SMC4,0,never,False
ZC3H13,WTAP,0,never,True
ISCA1,ISCU,0,never,True
TMED5,TMED9,0,never,True
SECISBP2,SELENOT,0,never,False
NDUFA10,NDUFV1,0,never,True
MED10,MED4,0,never,True
DYNC1I2,DYNC1H1,0,never,True
NDUFA3,NDUFAF3,0,never,True
DCTN2,DYNC1H1,0,never,True
SNRPD3,TARDBP,0,never,False
AP3D1,AP3B1,0,never,True
COX17,COX14,0,never,False
SMARCB1,SMARCC2,0,never,True
UBE3A,UBA1,0,never,False
PSME1,PSMC2,0,never,False
TNFRSF1A,STAT3,0,never,False
ETFB,ECHS1,2,mixed,False
PPP4R2,PPP2R2A,3,early,True
CUL3,FAF1,0,never,False
ACAA1,ACAT1,0,never,True
UBR5,TRIP12,0,never,True
UBE2K,UBA1,0,never,True
NDUFA5,NDUFV3,1,mixed,True
UBA6,UBE2R2,0,never,True
CUL3,DDB1,0,never,False
MED1,MRPL33,0,never,True
SDHB,SDHD,0,never,True
MRPL34,MRPL23,0,never,True
NDUFV3,NDUFS4,0,never,True
SINHCAF,RBBP4,0,never,True
TMED2,TMED10,0,never,True
IL6ST,GRB2,0,never,True
TFDP2,TFDP1,10,late,True
SNX5,SNX2,0,never,True
MT2A,MTF2,0,never,False
RAB10,RAB14,0,never,False
SPART,SPG7,0,never,False
ARF4,ARFGAP3,0,never,False
SNRPD3,TGS1,0,never,False
NUP107,NUP214,0,never,True
CUL1,FAF1,0,never,False
FAM3C,HLA-C,0,never,False
TARDBP,TAF15,0,never,False
NDUFS4,NDUFS3,0,never,True
PSME4,PSME1,0,never,False
PSMC6,PSMD6,5,mixed,True
NDUFS1,NDUFA10,0,never,True
DLG1,EPB41,0,never,True
NDUFS2,NDUFA3,0,never,True
PSME1,PSMD6,0,never,False
CUL4A,CUL5,0,never,True
RRP1B,SDAD1,7,late,False
NDUFB6,NDUFA3,0,never,True
UBA6,UBE2G2,0,never,False
RTCB,SEC13,0,never,False
VPS36,VPS28,1,mixed,True
SRSF6,SRPK2,0,never,True
MED1,MRPL23,0,never,False
UBE2K,TRIP12,0,never,False
SNW1,SNRNP200,0,never,True
CHD1,CHD9,0,never,False
NDUFV1,NDUFAF3,0,never,True
SEC61A1,RPN1,1,L0_only,True
YTHDC1,ZC3H13,1,mixed,True
GNB1,GNB2,0,never,True
SOD2,SUCLG1,0,never,False
PPP2R1A,PPP2R5E,0,never,True
TARDBP,SQSTM1,0,never,True
NDUFB6,NDUFAF3,0,never,False
UBA1,UBE2Z,10,late,True
ARID1A,BRD7,0,never,True
SF3A1,SF3A3,0,never,True
RAB11A,RAB8A,0,never,True
RTF2,RTF1,0,never,False
SELENOK,SELENOS,1,L0_only,True
DYNC1LI2,DYNLT1,0,never,True
RBBP7,RBBP4,0,never,True
CTNNBL1,CWC15,0,never,True
BAX,BCL2L1,0,never,True
GCC2,GOLGB1,1,L0_only,False
NDUFV3,NDUFA6,0,never,True
POLR2B,POLR2A,8,late,True
MRPL54,MRPS6,0,never,True
DNAJA2,DNAJB1,1,mixed,True
DYNC1I2,DCTN3,0,never,True
PPP1R7,PPP1CB,0,never,True
DDX18,DHX15,0,never,True
PCM1,NIN,0,never,True
NAA50,NAA38,0,never,False
SNRPA,SNRPD3,0,never,True
ARF5,ARF4,0,never,False
OS9,P4HB,0,never,True
PRKAR1A,PRKAR2A,0,never,True
PMPCB,PPHLN1,0,never,False
TOP2B,TOPBP1,1,L0_only,True
NDUFB5,NDUFV1,0,never,True
MYC,NCOR2,0,never,False
UBE2S,USP15,0,never,False
NDUFB5,NDUFS2,0,never,True
SEPTIN6,SEPTIN11,4,early,True
RAB5A,PIK3R1,0,never,False
NDUFB5,NDUFB6,3,early,True
EMC3,EMC4,0,never,True
EIF4G3,EIF4E,0,never,True
SFSWAP,SF3A3,0,never,True
SRSF4,TRA2B,0,never,False
CUL2,CUL4A,0,never,True
ASAP1,ARF6,0,never,True
SRRT,SYF2,0,never,False
APPL1,ADIPOR1,0,never,True
MED1,JUN,0,never,True
UBE2K,UBE3A,0,never,True
WBP11,ZMAT2,0,never,True
NDUFS2,NDUFV3,0,never,True
UBA1,UBE2E3,0,never,True
NUP107,NUP58,0,never,True
LYAR,LARP7,0,never,False
OXA1L,MRPL54,0,never,False
NDUFA1,NDUFA3,2,mixed,True
CLINT1,CLTB,0,never,True
RPL22L1,RPS27L,0,never,True
ERBIN,CTNNB1,0,never,False
SNX6,SNX2,0,never,True
CUL2,CUL5,0,never,True
COPS3,COPS2,2,mixed,True
SF3A3,SF3B3,0,never,True
RABEP1,RAB5C,0,never,False
SRP54,SRPRA,0,never,True
NDUFB1,NDUFS3,0,never,True
SAP30,RBPJ,1,L0_only,True
NDUFA10,NDUFV3,0,never,True
RBBP8,RNF168,0,never,False
ITGB1BP1,ITGB1,0,never,True
DDX6,DCP2,0,never,True
UBE2E1,USP7,0,never,False
NDUFA5,NDUFA10,0,never,True
GCLM,GLUL,0,never,False
NUP50,NUP214,0,never,True
AGPS,ACAA1,0,never,False
TCERG1,SMU1,0,never,False
ASAP1,ARF4,0,never,True
NDUFS4,NDUFB6,0,never,True
GNAI3,GNB2,0,never,True
KRAS,IQGAP1,0,never,False
NDUFA5,NDUFAF3,0,never,True
SELENOK,SELENOW,0,never,False
DNAJB11,DNAJC3,1,L0_only,False
DDX18,DDX52,0,never,True
MED28,MED10,0,never,True
HSPB1,G6PD,0,never,False
SAR1A,SEC13,0,never,True
ATP2B1,ATP2A2,0,never,False
NDUFA1,NDUFS3,0,never,True
TARDBP,STAU1,0,never,False
DNTTIP2,FAF1,0,never,False
RABEP1,RAB5A,0,never,True
PPP1R18,PPP1CB,0,never,False
CHD1,CHD7,0,never,False
PRPF6,PRPF8,0,never,True
RABEP1,RAB8A,0,never,False
COPS5,COPS6,0,never,True
NDUFS1,NDUFV1,0,never,True
ACAA1,ACADM,0,never,False
NDUFS1,NDUFS2,0,never,True
VPS26A,VPS36,0,never,False
GCLM,GLUD1,0,never,False
RFC1,SMC1A,0,never,False
DICER1,DDX6,0,never,True
PSME4,PSMC2,0,never,False
EIF2AK4,EIF2A,0,never,False
ELAVL1,EIF4E,0,never,False
DDX18,ESF1,1,L0_only,True
NUP50,PBRM1,0,never,False
GNAI3,GNAQ,0,never,False
NDUFA5,NDUFS4,0,never,True
CDK13,CDK12,0,never,True
COPS2,COPS6,0,never,True
UBA6,UBE2B,0,never,False
SAR1B,SEC13,2,mixed,True
POLR2K,POLR2G,0,never,True
ACIN1,API5,0,never,False
MTREX,NOP53,0,never,True
SLC38A1,SLC38A2,1,L0_only,True
NOP53,NOL10,0,never,False
TFRC,TGOLN2,0,never,False
PPP1R12A,PKN1,0,never,False
KPNA6,KPNA3,0,never,False
DHX15,DDX42,0,never,True
RBBP8,RPA3,0,never,False
STAU1,TIAL1,0,never,False
NUP153,NUP214,0,never,True
RIF1,RNF168,0,never,False
NDUFAF2,NDUFB1,0,never,False
SNRPD3,TCERG1,0,never,False
NDUFV3,NDUFAF3,0,never,False
SRRT,SMU1,1,L0_only,False
ARPC5L,ARPC4,0,never,True
CDK13,CDC73,0,never,False
PPP4R2,PPP4R3B,0,never,True
NDUFA1,NDUFB1,0,never,True
CTBP1,CTNNB1,0,never,True
ACTN1,ACTN4,0,never,True
PSME4,PSMD6,0,never,False
PPP2R1A,POLR2A,0,never,False
CUL4A,CTR9,0,never,False
POLE4,POLE3,0,never,True
PTEN,PTPN11,0,never,False
MBD4,MBD2,0,never,False
NDUFAF3,NDUFA6,0,never,True
LSM8,LSM6,3,early,True
UBA6,USP48,0,never,False
MFAP1,LSM6,0,never,True
PPP1R7,PPP1R2,0,never,False
SPTBN1,SPTAN1,4,early,True
NDUFA3,NDUFS3,0,never,True
CTSA,CTSB,0,never,False
DYNC1LI2,DCTN3,0,never,True
SELENOK,SELENOT,1,mixed,True
TARDBP,TIAL1,0,never,False
TCF12,TAF15,0,never,False
SEC31A,SEC22B,0,never,False
DLG1,CTNNB1,1,L0_only,False
RPA2,RPAIN,0,never,False
LSM8,MFAP1,0,never,True
NDUFAF3,NDUFS3,0,never,True
RB1,PPP1CB,0,never,True
CHD8,CHD7,0,never,True
NDUFS4,NDUFA6,0,never,True
CTCF,EZH2,4,early,True
NDUFAF2,NDUFAF3,0,never,True
GNAI3,GNB1,0,never,True
SNRPA,SNRNP200,0,never,True
COPZ1,COPB1,0,never,True
BID,BAX,0,never,True
RAB11A,RAB5A,8,late,True
PSME1,PSMG2,0,never,False
CD59,CD46,0,never,True
UBA6,UBE2Z,0,never,True
SLC38A2,SLC3A2,0,never,False
HDAC1,HSF1,0,never,False
SNW1,SYF2,0,never,True
MAPK1,IQGAP1,2,mixed,True
PPP1R12A,PPP1CB,0,never,True
DCTN3,DCTN2,0,never,True
SAR1A,SAR1B,0,never,True
ARID1B,ATRX,2,mixed,False
SEC13,RPN1,1,L0_only,False
BID,BCL2L1,0,never,True
MED1,MED4,0,never,True
STX16,TGOLN2,0,never,False
NDUFA3,NDUFB1,2,mixed,True
RAB2A,RAB1A,1,L0_only,False
NDUFA10,NDUFB5,0,never,True
NDUFB5,NDUFS3,0,never,True
NDUFV1,NDUFB1,6,mixed,True
ARCN1,ARF4,0,never,False
SNRPD3,SYF2,3,early,True
DCTN3,DYNC1LI1,0,never,False
MED1,MRPL1,0,never,False
