layer,auc_seed_42,auc_seed_43,auc_seed_44,auc_seed_45,auc_seed_46
0,0.5327380952380952,0.5049603174603174,0.5049603174603174,0.5208333333333333,0.4990079365079365
1,0.5069444444444444,0.5327380952380952,0.5089285714285714,0.5208333333333333,0.5208333333333333
2,0.48908730158730157,0.5168650793650793,0.5029761904761905,0.5009920634920635,0.5089285714285714
3,0.49503968253968256,0.5009920634920635,0.5069444444444444,0.4910714285714286,0.49702380952380953
4,0.5009920634920635,0.5109126984126984,0.5069444444444444,0.5069444444444444,0.49503968253968256
5,0.5029761904761905,0.5089285714285714,0.4871031746031746,0.5049603174603174,0.4930555555555556
6,0.4930555555555556,0.5009920634920635,0.49503968253968256,0.49503968253968256,0.5049603174603174
7,0.49503968253968256,0.4990079365079365,0.5009920634920635,0.49503968253968256,0.5029761904761905
8,0.5029761904761905,0.5029761904761905,0.49702380952380953,0.4990079365079365,0.4930555555555556
9,0.5287698412698413,0.5168650793650793,0.5267857142857143,0.5188492063492063,0.5128968253968254
10,0.5148809523809523,0.5168650793650793,0.5109126984126984,0.5168650793650793,0.4990079365079365
11,0.4990079365079365,0.48511904761904756,0.49503968253968256,0.4910714285714286,0.5109126984126984
