pert_symbol,n_cells,n_de_positive,n_de_negative,auc_attention_primary,auc_attention_primary_norm,auc_spearman,auc_gene_variance,auc_gene_mean_expr,auc_gene_one_minus_dropout,auc_gene_tf_out_degree
ARHGAP22,406,40,1459,0.46725496915695686,0.46725496915695686,0.5038553803975325,0.7856408498971899,0.6907299520219329,0.6775102810143934,0.5002570253598355
ASCC3,524,57,1442,0.5580455994354819,0.5580455994354819,0.5323381268705745,0.7576952088960265,0.7206243764751685,0.7124060150375939,0.47045404774071103
BHLHE40,504,247,1252,0.5168313694040951,0.5168313694040951,0.6289370206050886,0.7815414365355512,0.7281919778556739,0.7244182587212685,0.5023589786705643
CAD,242,120,1379,0.58773869954073,0.58773869954073,0.4655849649504472,0.6672347111433407,0.6597897026831037,0.6507221416485376,0.49218032390621225
CCND3,310,93,1406,0.4184638798390921,0.4184638798390921,0.6104636045213294,0.6724483396809373,0.7269383135257499,0.7157917679988988,0.48366447941999724
CHERP,404,110,1389,0.5278617710583153,0.5278617710583153,0.45560573335951304,0.6842921657176516,0.6274101708226979,0.6207539760455527,0.49406702009293807
COPB1,185,64,1435,0.4495317944250871,0.4495317944250871,0.5452852787456446,0.624934668989547,0.7445448606271776,0.7317617595818815,0.5110572735191637
COPZ1,220,105,1394,0.6005397280863566,0.6005397280863566,0.5487463277994125,0.575725900116144,0.7801393728222997,0.771254355400697,0.4866775978684157
CREB1,472,256,1243,0.5271944765687852,0.5271944765687852,0.6270144056717619,0.7934809935639582,0.7325617206355591,0.7293389858205953,0.5056613912912309
DDIT3,435,280,1219,0.5380346888550334,0.5380346888550334,0.7298693308332357,0.7818117895230282,0.7462000468768312,0.743996835813899,0.5037340325793976
DDOST,318,41,1458,0.4954498310415203,0.4954498310415203,0.4888085917896216,0.7327110308140119,0.7626551574157717,0.744245374552511,0.46227709190672156
DDRGK1,513,26,1473,0.4680139955089039,0.4680139955089039,0.4358191028252128,0.7747140842863857,0.6670322210037077,0.6464959005692203,0.4830147788396261
DERL2,542,35,1464,0.5470530835284934,0.5470530835284934,0.7268930523028884,0.6266393442622951,0.7960772833723654,0.7817818110850898,0.4770003903200624
DHDDS,399,107,1392,0.6639475239016005,0.6639475239016005,0.6028910194435493,0.686667472338597,0.8193683532065743,0.8105294607369213,0.47591712321409374
DNAJC19,446,49,1450,0.48935256861365234,0.48935256861365234,0.811893033075299,0.6298522167487685,0.67027445460943,0.650112596762843,0.49408866995073897
EIF2B2,508,122,1377,0.6000750026786671,0.6000779789754397,0.4437956117480386,0.669291760420015,0.7667416693453338,0.7540775265783302,0.48728228389109135
EIF2B3,346,154,1345,0.6307053541254285,0.6307053541254285,0.6503210544102738,0.656645584898373,0.7524163568773236,0.7410539274851542,0.4959566455848983
EIF2B4,545,78,1421,0.5559555387141595,0.5559555387141595,0.5728450531406196,0.6544506396723144,0.7285858640538443,0.7143263140800086,0.4964633068081344
EIF2S1,415,251,1248,0.6190494432526306,0.6190494432526306,0.5974084431504749,0.6418013842067627,0.7274236387782206,0.7185776126264174,0.4991476402083972
FARSB,517,100,1399,0.6474553252323089,0.6474553252323089,0.6838313080771979,0.6524803431022159,0.7957969978556111,0.7848284488920658,0.49356325947105073
FECH,570,26,1473,0.44762128570682547,0.44762128570682547,0.652775601859105,0.7547652618935714,0.6413389733145334,0.6184004386652044,0.5025327693352133
GNPNAT1,428,33,1466,0.5331348960271198,0.5331348960271198,0.5507048658481128,0.7477779155814627,0.6582537517053205,0.6402393650006201,0.47708669229815204
HSD17B12,323,69,1430,0.3879193270497618,0.3879193270497618,0.5212323907976082,0.6771967163271512,0.7116043376912943,0.6985557920340529,0.5007803790412486
HSPA5,1002,114,1385,0.5465672303502438,0.5465672303502438,0.7010260307809234,0.624555069985433,0.7888719994933181,0.778557856735702,0.5038317816201153
HYOU1,432,33,1466,0.5469531605275125,0.5469531605275125,0.5701145148621274,0.7859770970275745,0.7053619413783124,0.6861693331679689,0.4933957584025797
IARS2,923,161,1338,0.6043877484704159,0.6043877484704159,0.5082258678476265,0.6399790175379958,0.7682598482949428,0.7571047916144426,0.5081307040265902
IDH3A,540,21,1478,0.5396449513499582,0.5396449513499582,0.9009923319801534,0.7519492235324441,0.7504027321348025,0.7304916553901668,0.4866776209807333
IER3IP1,1267,39,1460,0.4742536002809975,0.4742536002809975,0.7586757990867581,0.7224271162627327,0.7714436248682824,0.7600193185809625,0.4753512469265893
MANF,462,34,1465,0.4067958241317004,0.4067958241317004,0.7536839991969484,0.7718329652680185,0.6561533828548485,0.6358662919092553,0.4766412366994579
MRGBP,487,53,1446,0.554848769539915,0.554848769539915,0.5053498264568491,0.6725384274119888,0.6646311229416216,0.6515109997651296,0.481216889793575
MRPL39,582,23,1476,0.45466595970307533,0.45466595970307533,0.5052433133026983,0.8522446094026158,0.7325615647460822,0.7068163072935078,0.4835483680923765
MTHFD1,421,68,1431,0.5843764130390102,0.5843764130390102,0.5665823981584247,0.6985242734410325,0.7331154684095861,0.7224277551691536,0.49254429235006375
P4HB,471,32,1467,0.3548163769597819,0.3548163769597819,0.8819657464212679,0.7222009202453987,0.6079371165644172,0.5897452283571916,0.4944188820722563
PPWD1,190,95,1404,0.5682336182336181,0.5682336182336181,0.5492052781526465,0.680896686159844,0.7737891737891738,0.762614334982756,0.5051169590643275
PTDSS1,449,29,1470,0.5679099225897255,0.5679099225897255,0.7843068261787473,0.8209946047384471,0.7044804128547971,0.6838259441707717,0.4993783720384705
SAMM50,672,37,1462,0.40032166229156657,0.40032166229156657,0.6933486153732392,0.7245165822457204,0.6234332828040078,0.6075627611195327,0.4885014973934262
SCYL1,1024,43,1456,0.51568489649885,0.51568489649885,0.5647521083567596,0.7076092512139024,0.743419371326348,0.7271035650396116,0.4746757602862255
SEC61A1,962,122,1377,0.6030036787028109,0.6030036787028109,0.6727323594890293,0.648868411967094,0.7966951200638118,0.788614474326464,0.4871662083169637
SEC63,557,26,1473,0.39093425244138075,0.39093425244138075,0.5202621546817067,0.7442425191916027,0.6230090344143298,0.6011932738001985,0.4830147788396261
SLC35B1,523,24,1475,0.4082627118644068,0.4082627118644068,0.7894915254237288,0.7301129943502824,0.6922598870056498,0.6704378531073447,0.46271186440677964
SLC39A7,518,28,1471,0.4853598135379236,0.4853598135379236,0.5655773526269787,0.7998931727687677,0.6864377974167233,0.6654365349130815,0.48153588423812765
SOCS1,383,24,1475,0.4297175141242938,0.4297175141242938,0.5597175141242937,0.739632768361582,0.7230790960451977,0.703093220338983,0.46271186440677964
SPCS2,497,37,1462,0.3631733648833513,0.3631733648833513,0.5737974636743447,0.7187673309424335,0.6422523754945095,0.6225921543979,0.49108958479683507
SPCS3,536,47,1452,0.4583699665904694,0.4583699665904694,0.565456303850888,0.6630179942559054,0.7188763847371198,0.7029189379286092,0.5182360354023797
SRP68,583,56,1443,0.5796332046332047,0.5796332046332047,0.5088357588357588,0.6927779427779428,0.8075190575190575,0.7975695475695477,0.46188496188496186
SRPRB,596,61,1438,0.6315351467201714,0.6315351467201714,0.6033995303130487,0.7225996944754782,0.772771837023188,0.7616224720125859,0.4700631569347226
STT3A,391,25,1474,0.46613297150610583,0.46613297150610583,0.48914518317503397,0.7133514246947084,0.5913975576662143,0.5697829036635007,0.4626865671641791
SYVN1,553,22,1477,0.4120760755831846,0.4120760755831846,0.6201144826737244,0.7559857204406968,0.6761863728688374,0.6519819043515727,0.46276235612728506
TELO2,562,43,1456,0.5050951955021722,0.5050951955021722,0.6592128801431126,0.7200836953743931,0.6429849220546895,0.6263656401737796,0.49803539483772036
TIMM44,487,141,1358,0.6105453368010947,0.6105453368010947,0.6671523621512654,0.6422199939418627,0.7452031042730759,0.7341391700351999,0.5070843647834216
TMED10,534,35,1464,0.4218969555035128,0.4218969555035128,0.506303669008587,0.7139539422326308,0.7031420765027322,0.682943013270882,0.47621975019516
TMEM167A,385,33,1466,0.41099259994212245,0.41099259994212245,0.869279424531812,0.7205754681880194,0.7285543015420233,0.7103642151391129,0.4785956426474844
TTI1,435,131,1368,0.560390719164323,0.560390719164323,0.4996317128699612,0.6637203696263558,0.6837975983215034,0.6743588455872505,0.5007086737199232
UFL1,482,26,1473,0.43882187059376465,0.43882187059376465,0.5553814820617264,0.7467491775027417,0.5771841871638206,0.5571178651626717,0.4626612355736592
UFM1,591,19,1480,0.3455547652916074,0.3455547652916074,0.6469061166429587,0.742425320056899,0.6546941678520626,0.6291607396870555,0.46283783783783783
YIPF5,1182,29,1470,0.5075533661740558,0.5075533661740558,0.6445226366408633,0.7272577996715928,0.7280319024161388,0.7120806943467042,0.46258503401360546
ZNF326,517,264,1235,0.53375659428291,0.53375659428291,0.5029260213470739,0.7865476628634523,0.7388203901361796,0.7357808857808859,0.5130612808244387
