auc,n_communities,domain,layer
0.48403679653679654,8,lung,0
0.49866973304473305,7,lung,1
0.5092216810966811,9,lung,2
0.5092216810966811,9,lung,3
0.5059072871572872,9,lung,4
0.48671987734487737,8,lung,5
0.49059794372294374,8,lung,6
0.4921987734487735,8,lung,7
0.48983134920634924,8,lung,8
0.4765963203463204,9,lung,9
0.5004960317460317,7,lung,10
0.4982187950937951,7,lung,11
0.4966619981325863,7,immune,0
0.5069561157796452,6,immune,1
0.48745331465919695,7,immune,2
0.5002217553688142,9,immune,3
0.48983426704014943,8,immune,4
0.5072362278244631,8,immune,5
0.498062558356676,8,immune,6
0.49854108309990663,6,immune,7
0.5021942110177405,7,immune,8
0.5081349206349206,8,immune,9
0.48265639589168996,7,immune,10
0.4940242763772176,10,immune,11
0.4871799418398468,8,external_lung,0
0.46750951604132684,6,external_lung,1
0.45166914911223016,7,external_lung,2
0.4810329337778093,10,external_lung,3
0.479667588717876,9,external_lung,4
0.4856431898243374,8,external_lung,5
0.47982126391942687,5,external_lung,6
0.48754048750502393,7,external_lung,7
0.460812823604511,7,external_lung,8
0.4826465233940942,7,external_lung,9
0.47676549164243326,8,external_lung,10
0.48681939617466957,8,external_lung,11
