auroc_mean,auroc_std,auprc_mean,auprc_std,n_valid_folds,split,model,feature_set,n_features
0.7474802505178196,0.007965766470023493,0.27544484342981057,0.027479890549283275,5,cross_pert,logreg,gene_only,3
0.7471860859238797,0.008304749754816907,0.27505699758864977,0.027627167787074736,5,cross_pert,logreg,gene_plus_attn,4
0.7455517638853726,0.009408393566346486,0.28668272629143937,0.029719493657704158,5,cross_pert,logreg,gene_plus_corr,4
0.745458122468172,0.009563637507426975,0.28673904423086205,0.029771010534403942,5,cross_pert,logreg,gene_plus_both,5
0.5885955246837481,0.005427893510842786,0.12889072305657914,0.00985056010267552,5,cross_pert,logreg,attn_only,1
0.6159037208141503,0.016057798031426228,0.18836547786169455,0.022570497034086184,5,cross_pert,logreg,corr_only,1
0.7475762393528876,0.008854121190794866,0.2786600567442714,0.013593505764021168,5,cross_gene,logreg,gene_only,3
0.7469726179644007,0.007967232817848474,0.2774011914042833,0.013834797002285232,5,cross_gene,logreg,gene_plus_attn,4
0.745542654602641,0.008257573723703799,0.28773936107847065,0.01594277396792806,5,cross_gene,logreg,gene_plus_corr,4
0.7451869723434525,0.007581659891747103,0.28767384179552596,0.015825124698983437,5,cross_gene,logreg,gene_plus_both,5
0.5887669657236099,0.01556007359829303,0.12905691003999326,0.01140791884792599,5,cross_gene,logreg,attn_only,1
0.6156155523499068,0.006751215487939911,0.1878599970722497,0.006012037849917541,5,cross_gene,logreg,corr_only,1
0.7476601956757982,0.002304020644371226,0.2753992244108956,0.003038016526286629,5,joint,logreg,gene_only,3
0.7474701248668401,0.0022675009773564163,0.27502714254685806,0.002984088834398248,5,joint,logreg,gene_plus_attn,4
0.745807500069953,0.0018401799569351892,0.2868219148719044,0.0032415175057338807,5,joint,logreg,gene_plus_corr,4
