row,anchor_id,donor_id,tissue,cell_type,hema_stage,branch,stage_depth,n_cells_in_atlas_group,n_cells_centroided
0,ts_immune_all_0083,TSP2,blood,monocyte,Cl_Mono,monocyte,5,6351,50
1,ts_immune_all_0984,TSP20,stomach smooth muscle,"CD4-positive, alpha-beta T cell",Memory_CD4,T_lineage,6,5277,50
2,ts_immune_all_0154,TSP2,lung,macrophage,Macrophage,macrophage,7,4169,50
3,ts_immune_all_0060,TSP2,lymph node,B cell,Memory_B,B_lineage,6,3166,50
4,ts_immune_all_0214,TSP2,thymus,"CD4-positive, alpha-beta T cell",Memory_CD4,T_lineage,6,2983,50
5,ts_immune_all_0064,TSP2,lymph node,"CD4-positive, alpha-beta T cell",Memory_CD4,T_lineage,6,2327,50
6,ts_immune_all_0171,TSP2,spleen,B cell,Memory_B,B_lineage,6,2252,50
7,ts_immune_all_0283,TSP2,bladder organ,monocyte,Cl_Mono,monocyte,5,2224,50
8,ts_immune_all_0099,TSP2,aorta,macrophage,Macrophage,macrophage,7,2025,50
9,ts_immune_all_0061,TSP2,lymph node,B cell,Naive_B,B_lineage,5,1888,50
10,ts_immune_all_0086,TSP2,blood,"CD4-positive, alpha-beta T cell",Memory_CD4,T_lineage,6,1777,50
11,ts_immune_all_0165,TSP2,lung,intermediate monocyte,Cl_Mono,monocyte,5,1642,50
12,ts_immune_all_0210,TSP2,thymus,B cell,Memory_B,B_lineage,6,1588,50
13,ts_immune_all_0510,TSP9,exocrine pancreas,macrophage,Macrophage,macrophage,7,1551,50
14,ts_immune_all_0982,TSP20,stomach smooth muscle,B cell,Naive_B,B_lineage,5,1488,50
15,ts_immune_all_0178,TSP2,spleen,"CD8-positive, alpha-beta T cell",Memory_CD8,T_lineage,6,1389,50
16,ts_immune_all_0332,TSP4,mammary gland,"CD8-positive, alpha-beta T cell",Memory_CD8,T_lineage,6,1284,50
17,ts_immune_all_0092,TSP2,blood,classical monocyte,Cl_Mono,monocyte,5,1242,50
18,ts_immune_all_0331,TSP4,mammary gland,"CD8-positive, alpha-beta T cell",Memory_CD4,T_lineage,6,1152,50
19,ts_immune_all_0159,TSP2,lung,"CD8-positive, alpha-beta T cell",Memory_CD8,T_lineage,6,1089,50
20,ts_immune_all_0280,TSP2,bladder organ,macrophage,Macrophage,macrophage,7,1002,50
21,ts_immune_all_0285,TSP2,bladder organ,"CD4-positive, alpha-beta T cell",Memory_CD4,T_lineage,6,980,50
22,ts_immune_all_0211,TSP2,thymus,B cell,Naive_B,B_lineage,5,968,50
23,ts_immune_all_0219,TSP2,thymus,"naive thymus-derived CD4-positive, alpha-beta T cell",Naive_CD4,T_lineage,5,965,50
24,ts_immune_all_0248,TSP2,muscle of abdomen,macrophage,Macrophage,macrophage,7,964,50
25,ts_immune_all_0158,TSP2,lung,"CD4-positive, alpha-beta T cell",Memory_CD4,T_lineage,6,951,50
26,ts_immune_all_0286,TSP2,bladder organ,"CD8-positive, alpha-beta T cell",Memory_CD4,T_lineage,6,891,50
27,ts_immune_all_0066,TSP2,lymph node,"CD8-positive, alpha-beta T cell",Memory_CD8,T_lineage,6,866,50
28,ts_immune_all_0184,TSP2,spleen,classical monocyte,Cl_Mono,monocyte,5,780,50
29,ts_immune_all_0172,TSP2,spleen,B cell,Naive_B,B_lineage,5,737,50
30,ts_immune_all_0215,TSP2,thymus,"CD8-positive, alpha-beta T cell",Memory_CD8,T_lineage,6,715,50
31,ts_immune_all_0163,TSP2,lung,classical monocyte,Cl_Mono,monocyte,5,647,50
32,ts_immune_all_0975,TSP20,mucosa of stomach,plasma cell,Plasma,B_lineage,7,637,50
33,ts_immune_all_0329,TSP4,mammary gland,"CD4-positive, alpha-beta T cell",Memory_CD4,T_lineage,6,628,50
34,ts_immune_all_0087,TSP2,blood,"CD8-positive, alpha-beta T cell",Memory_CD8,T_lineage,6,607,50
35,ts_immune_all_0233,TSP2,bone marrow,"CD8-positive, alpha-beta T cell",Memory_CD8,T_lineage,6,606,50
36,ts_immune_all_0515,TSP9,exocrine pancreas,"CD8-positive, alpha-beta T cell",Memory_CD4,T_lineage,6,601,50
37,ts_immune_all_0232,TSP2,bone marrow,"CD4-positive, alpha-beta T cell",Memory_CD4,T_lineage,6,590,50
38,ts_immune_all_0175,TSP2,spleen,natural killer cell,NK,NK,5,574,50
39,ts_immune_all_0231,TSP2,bone marrow,natural killer cell,NK,NK,5,569,50
40,ts_immune_all_0157,TSP2,lung,natural killer cell,NK,NK,5,547,50
41,ts_immune_all_0170,TSP2,spleen,macrophage,Macrophage,macrophage,7,520,50
42,ts_immune_all_0082,TSP2,blood,B cell,Naive_B,B_lineage,5,512,50
43,ts_immune_all_0228,TSP2,bone marrow,monocyte,Cl_Mono,monocyte,5,507,50
44,ts_immune_all_0310,TSP4,endometrium,macrophage,Macrophage,macrophage,7,478,50
45,ts_immune_all_0289,TSP2,bladder organ,plasma cell,Plasma,B_lineage,7,472,50
46,ts_immune_all_0193,TSP2,kidney,B cell,Naive_B,B_lineage,5,460,50
47,ts_immune_all_0084,TSP2,blood,monocyte,Macrophage,macrophage,7,438,50
48,ts_immune_all_0971,TSP20,mucosa of stomach,B cell,Naive_B,B_lineage,5,427,50
49,ts_immune_all_0078,TSP2,blood,erythrocyte,Erythrocyte,erythroid,6,427,50
50,ts_immune_all_0073,TSP2,lymph node,"naive thymus-derived CD4-positive, alpha-beta T cell",Naive_CD4,T_lineage,5,420,50
51,ts_immune_all_0314,TSP4,endometrium,"CD8-positive, alpha-beta T cell",Memory_CD4,T_lineage,6,396,50
52,ts_immune_all_0278,TSP2,bladder organ,mast cell,Mast,granulocyte,5,393,50
53,ts_immune_all_0198,TSP2,kidney,"CD8-positive, alpha-beta T cell",Memory_CD8,T_lineage,6,392,50
54,ts_immune_all_0518,TSP9,exocrine pancreas,classical monocyte,Cl_Mono,monocyte,5,390,50
55,ts_immune_all_0268,TSP2,muscle of pelvic diaphragm,macrophage,Macrophage,macrophage,7,390,50
56,ts_immune_all_0080,TSP2,blood,macrophage,Macrophage,macrophage,7,385,50
57,ts_immune_all_0187,TSP2,spleen,"naive thymus-derived CD8-positive, alpha-beta T cell",Naive_CD8,T_lineage,5,374,50
58,ts_immune_all_0164,TSP2,lung,non-classical monocyte,NC_Mono,monocyte,6,368,50
59,ts_immune_all_0176,TSP2,spleen,"CD4-positive, alpha-beta T cell",Memory_CD4,T_lineage,6,367,50
60,ts_immune_all_0174,TSP2,spleen,monocyte,Macrophage,macrophage,7,355,50
61,ts_immune_all_0063,TSP2,lymph node,natural killer cell,NK,NK,5,355,50
62,ts_immune_all_0986,TSP20,stomach smooth muscle,"CD8-positive, alpha-beta T cell",Memory_CD8,T_lineage,6,348,50
63,ts_immune_all_0939,TSP17,liver,macrophage,Macrophage,macrophage,7,336,50
64,ts_immune_all_0192,TSP2,kidney,macrophage,Macrophage,macrophage,7,333,50
65,ts_immune_all_0182,TSP2,spleen,plasma cell,Plasma,B_lineage,7,324,50
66,ts_immune_all_0947,TSP17,liver,plasma cell,Plasma,B_lineage,7,306,50
67,ts_immune_all_0237,TSP2,bone marrow,plasma cell,Plasma,B_lineage,7,295,50
68,ts_immune_all_0275,TSP2,muscle of pelvic diaphragm,"CD8-positive, alpha-beta T cell",Memory_CD8,T_lineage,6,292,50
69,ts_immune_all_0160,TSP2,lung,basophil,Basophil,granulocyte,5,291,50
70,ts_immune_all_0156,TSP2,lung,monocyte,Cl_Mono,monocyte,5,290,50
71,ts_immune_all_0313,TSP4,endometrium,"CD4-positive, alpha-beta T cell",Memory_CD4,T_lineage,6,287,50
72,ts_immune_all_0056,TSP2,lymph node,T cell,Memory_CD4,T_lineage,6,286,50
73,ts_immune_all_0196,TSP2,kidney,"CD4-positive, alpha-beta T cell",Memory_CD4,T_lineage,6,283,50
74,ts_immune_all_0085,TSP2,blood,natural killer cell,NK,NK,5,281,50
75,ts_immune_all_0326,TSP4,mammary gland,macrophage,Macrophage,macrophage,7,269,50
76,ts_immune_all_0222,TSP2,bone marrow,erythroid progenitor cell,MEP,erythroid,3,266,50
77,ts_immune_all_0277,TSP2,bladder organ,T cell,Memory_CD4,T_lineage,6,262,50
78,ts_immune_all_0069,TSP2,lymph node,plasma cell,Plasma,B_lineage,7,259,50
79,ts_immune_all_0274,TSP2,muscle of pelvic diaphragm,"CD8-positive, alpha-beta T cell",Memory_CD4,T_lineage,6,257,50
80,ts_immune_all_0221,TSP2,bone marrow,hematopoietic stem cell,HSC,stem,0,250,50
81,ts_immune_all_0089,TSP2,blood,neutrophil,Neutrophil,granulocyte,5,236,50
82,ts_immune_all_0186,TSP2,spleen,"naive thymus-derived CD4-positive, alpha-beta T cell",Naive_CD4,T_lineage,5,235,50
83,ts_immune_all_0135,TSP2,inguinal lymph node,B cell,Memory_B,B_lineage,6,235,50
84,ts_immune_all_0319,TSP4,myometrium,macrophage,Macrophage,macrophage,7,234,50
85,ts_immune_all_0220,TSP2,thymus,"naive thymus-derived CD8-positive, alpha-beta T cell",Naive_CD8,T_lineage,5,223,50
86,ts_immune_all_0209,TSP2,thymus,macrophage,Macrophage,macrophage,7,218,50
87,ts_immune_all_0988,TSP20,stomach smooth muscle,regulatory T cell,Treg,T_lineage,6,213,50
88,ts_immune_all_0104,TSP2,aorta,"CD8-positive, alpha-beta T cell",Memory_CD4,T_lineage,6,209,50
89,ts_immune_all_0315,TSP4,endometrium,"CD8-positive, alpha-beta T cell",Memory_CD8,T_lineage,6,204,50
90,ts_immune_all_0155,TSP2,lung,B cell,Naive_B,B_lineage,5,197,50
91,ts_immune_all_0088,TSP2,blood,"CD8-positive, alpha-beta T cell",NK,NK,5,196,50
92,ts_immune_all_0334,TSP4,mammary gland,plasma cell,Plasma,B_lineage,7,196,50
93,ts_immune_all_1749,TSP30,right ovary,macrophage,Macrophage,macrophage,7,196,50
94,ts_immune_all_0244,TSP2,bone marrow,hematopoietic precursor cell,MPP,stem,1,194,50
95,ts_immune_all_0281,TSP2,bladder organ,B cell,Memory_B,B_lineage,6,182,50
96,ts_immune_all_0195,TSP2,kidney,natural killer cell,NK,NK,5,179,50
97,ts_immune_all_0985,TSP20,stomach smooth muscle,"CD8-positive, alpha-beta T cell",Memory_CD4,T_lineage,6,176,50
98,ts_immune_all_0945,TSP17,liver,neutrophil,Neutrophil,granulocyte,5,163,50
99,ts_immune_all_0255,TSP2,muscle of abdomen,"CD8-positive, alpha-beta T cell",Memory_CD8,T_lineage,6,161,50
100,ts_immune_all_0273,TSP2,muscle of pelvic diaphragm,"CD4-positive, alpha-beta T cell",Memory_CD4,T_lineage,6,152,50
101,ts_immune_all_0180,TSP2,spleen,neutrophil,Neutrophil,granulocyte,5,149,50
102,ts_immune_all_0079,TSP2,blood,platelet,Platelet,megakaryocyte,6,149,50
103,ts_immune_all_0977,TSP20,muscularis mucosae of stomach,B cell,Naive_B,B_lineage,5,147,50
104,ts_immune_all_0213,TSP2,thymus,natural killer cell,NK,NK,5,144,50
105,ts_immune_all_0980,TSP20,stomach smooth muscle,macrophage,Macrophage,macrophage,7,144,50
106,ts_immune_all_0974,TSP20,mucosa of stomach,"CD8-positive, alpha-beta T cell",Memory_CD8,T_lineage,6,132,50
107,ts_immune_all_0071,TSP2,lymph node,classical monocyte,Cl_Mono,monocyte,5,131,50
108,ts_immune_all_0972,TSP20,mucosa of stomach,"CD4-positive, alpha-beta T cell",Memory_CD4,T_lineage,6,131,50
109,ts_immune_all_0227,TSP2,bone marrow,B cell,Naive_B,B_lineage,5,131,50
110,ts_immune_all_0944,TSP17,liver,"CD8-positive, alpha-beta T cell",Memory_CD4,T_lineage,6,131,50
111,ts_immune_all_0226,TSP2,bone marrow,B cell,Memory_B,B_lineage,6,130,50
112,ts_immune_all_0093,TSP2,blood,non-classical monocyte,Cl_Mono,monocyte,5,129,50
113,ts_immune_all_0075,TSP2,lymph node,intermediate monocyte,Cl_Mono,monocyte,5,119,50
114,ts_immune_all_0344,TSP5,eye,microglial cell,Macrophage,macrophage,7,117,50
115,ts_immune_all_0197,TSP2,kidney,"CD8-positive, alpha-beta T cell",Memory_CD4,T_lineage,6,114,50
116,ts_immune_all_0284,TSP2,bladder organ,natural killer cell,NK,NK,5,106,50
117,ts_immune_all_0342,TSP4,muscle of pelvic diaphragm,"CD8-positive, alpha-beta T cell",Memory_CD8,T_lineage,6,104,50
118,ts_immune_all_0941,TSP17,liver,monocyte,Cl_Mono,monocyte,5,104,50
119,ts_immune_all_0138,TSP2,inguinal lymph node,"CD4-positive, alpha-beta T cell",Memory_CD4,T_lineage,6,102,50
120,ts_immune_all_0065,TSP2,lymph node,"CD8-positive, alpha-beta T cell",Memory_CD4,T_lineage,6,101,50
121,ts_immune_all_0225,TSP2,bone marrow,macrophage,Macrophage,macrophage,7,99,50
122,ts_immune_all_0103,TSP2,aorta,"CD4-positive, alpha-beta T cell",Memory_CD4,T_lineage,6,99,50
123,ts_immune_all_0059,TSP2,lymph node,macrophage,Macrophage,macrophage,7,99,50
124,ts_immune_all_0338,TSP4,muscle of abdomen,"CD8-positive, alpha-beta T cell",Memory_CD8,T_lineage,6,98,50
125,ts_immune_all_0162,TSP2,lung,plasma cell,Plasma,B_lineage,7,96,50
126,ts_immune_all_0942,TSP17,liver,natural killer cell,NK,NK,5,95,50
127,ts_immune_all_0217,TSP2,thymus,plasma cell,Plasma,B_lineage,7,93,50
128,ts_immune_all_0978,TSP20,muscularis mucosae of stomach,"CD4-positive, alpha-beta T cell",Memory_CD4,T_lineage,6,92,50
129,ts_immune_all_0081,TSP2,blood,B cell,Memory_B,B_lineage,6,90,50
130,ts_immune_all_0223,TSP2,bone marrow,common myeloid progenitor,CMP,myeloid,2,87,50
131,ts_immune_all_0142,TSP2,inguinal lymph node,innate lymphoid cell,ILC,lymphoid,5,86,50
132,ts_immune_all_0926,TSP15,sclera,"CD8-positive, alpha-beta T cell",Memory_CD4,T_lineage,6,85,50
133,ts_immune_all_1754,TSP30,left ovary,macrophage,Macrophage,macrophage,7,81,50
134,ts_immune_all_0351,TSP5,eye,"CD8-positive, alpha-beta T cell",Memory_CD4,T_lineage,6,81,50
135,ts_immune_all_0141,TSP2,inguinal lymph node,"naive thymus-derived CD4-positive, alpha-beta T cell",Naive_CD4,T_lineage,5,79,50
136,ts_immune_all_0125,TSP2,skin of abdomen,macrophage,Macrophage,macrophage,7,78,50
137,ts_immune_all_0218,TSP2,thymus,thymocyte,DN_T,T_lineage,3,77,50
138,ts_immune_all_0097,TSP2,aorta,mast cell,Mast,granulocyte,5,76,50
139,ts_immune_all_0147,TSP2,skin of chest,macrophage,Macrophage,macrophage,7,76,50
140,ts_immune_all_0242,TSP2,bone marrow,intermediate monocyte,Cl_Mono,monocyte,5,74,50
141,ts_immune_all_0202,TSP2,duodenum,B cell,Naive_B,B_lineage,5,74,50
142,ts_immune_all_0983,TSP20,stomach smooth muscle,natural killer cell,NK,NK,5,73,50
143,ts_immune_all_0266,TSP2,muscle of pelvic diaphragm,T cell,Memory_CD4,T_lineage,6,73,50
144,ts_immune_all_0324,TSP4,mammary gland,T cell,Memory_CD4,T_lineage,6,73,50
145,ts_immune_all_0300,TSP4,uterus,macrophage,Macrophage,macrophage,7,72,50
146,ts_immune_all_0973,TSP20,mucosa of stomach,"CD8-positive, alpha-beta T cell",Memory_CD4,T_lineage,6,72,50
147,ts_immune_all_0350,TSP5,eye,"CD4-positive, alpha-beta T cell",Memory_CD4,T_lineage,6,71,50
148,ts_immune_all_0145,TSP2,skin of chest,mast cell,Mast,granulocyte,5,69,50
149,ts_immune_all_0340,TSP4,muscle of pelvic diaphragm,macrophage,Macrophage,macrophage,7,66,50
150,ts_immune_all_0139,TSP2,inguinal lymph node,"CD8-positive, alpha-beta T cell",Memory_CD8,T_lineage,6,66,50
151,ts_immune_all_0098,TSP2,aorta,erythrocyte,Erythrocyte,erythroid,6,65,50
152,ts_immune_all_0167,TSP2,spleen,T cell,Memory_CD4,T_lineage,6,64,50
153,ts_immune_all_0205,TSP2,subcutaneous adipose tissue,"CD4-positive, alpha-beta T cell",Memory_CD4,T_lineage,6,63,50
154,ts_immune_all_0230,TSP2,bone marrow,monocyte,Macrophage,macrophage,7,62,50
155,ts_immune_all_0921,TSP15,sclera,macrophage,Macrophage,macrophage,7,62,50
156,ts_immune_all_0123,TSP2,skin of abdomen,mast cell,Mast,granulocyte,5,60,50
157,ts_immune_all_0288,TSP2,bladder organ,neutrophil,Neutrophil,granulocyte,5,59,50
158,ts_immune_all_0323,TSP4,myometrium,neutrophil,Neutrophil,granulocyte,5,58,50
159,ts_immune_all_1745,TSP28,left ovary,macrophage,Macrophage,macrophage,7,57,50
160,ts_immune_all_0183,TSP2,spleen,regulatory T cell,Treg,T_lineage,6,54,50
161,ts_immune_all_0347,TSP5,eye,B cell,Naive_B,B_lineage,5,54,50
162,ts_immune_all_0194,TSP2,kidney,monocyte,Macrophage,macrophage,7,54,50
163,ts_immune_all_0108,TSP2,adipose tissue,B cell,Naive_B,B_lineage,5,53,50
164,ts_immune_all_0062,TSP2,lymph node,monocyte,Cl_Mono,monocyte,5,51,50
165,ts_immune_all_0336,TSP4,muscle of abdomen,macrophage,Macrophage,macrophage,7,51,50
166,ts_immune_all_0925,TSP15,sclera,"CD4-positive, alpha-beta T cell",Memory_CD4,T_lineage,6,51,50
167,ts_immune_all_0264,TSP2,trachea,"CD8-positive, alpha-beta T cell",Memory_CD4,T_lineage,6,50,50
168,ts_immune_all_0189,TSP2,spleen,intermediate monocyte,Cl_Mono,monocyte,5,49,49
169,ts_immune_all_0254,TSP2,muscle of abdomen,"CD8-positive, alpha-beta T cell",Memory_CD4,T_lineage,6,48,48
170,ts_immune_all_0938,TSP17,liver,erythrocyte,Erythrocyte,erythroid,6,48,48
171,ts_immune_all_0940,TSP17,liver,B cell,Naive_B,B_lineage,5,48,48
172,ts_immune_all_0513,TSP9,exocrine pancreas,natural killer cell,NK,NK,5,47,47
173,ts_immune_all_0295,TSP3,lacrimal gland,"CD4-positive, alpha-beta T cell",Memory_CD4,T_lineage,6,47,47
174,ts_immune_all_0107,TSP2,aorta,mature NK T cell,NK,NK,5,47,47
175,ts_immune_all_0304,TSP4,uterus,"CD4-positive, alpha-beta T cell",Memory_CD4,T_lineage,6,46,46
176,ts_immune_all_0239,TSP2,bone marrow,classical monocyte,Cl_Mono,monocyte,5,46,46
177,ts_immune_all_0206,TSP2,subcutaneous adipose tissue,"CD8-positive, alpha-beta T cell",Memory_CD4,T_lineage,6,46,46
178,ts_immune_all_0095,TSP2,blood,intermediate monocyte,Cl_Mono,monocyte,5,46,46
179,ts_immune_all_0949,TSP17,liver,non-classical monocyte,Cl_Mono,monocyte,5,46,46
180,ts_immune_all_0922,TSP15,sclera,B cell,Naive_B,B_lineage,5,44,44
181,ts_immune_all_0236,TSP2,bone marrow,myeloid dendritic cell,Dendritic,dendritic,5,43,43
182,ts_immune_all_0074,TSP2,lymph node,innate lymphoid cell,ILC,lymphoid,5,43,43
183,ts_immune_all_0519,TSP9,exocrine pancreas,intermediate monocyte,Cl_Mono,monocyte,5,42,42
184,ts_immune_all_0282,TSP2,bladder organ,B cell,Naive_B,B_lineage,5,42,42
185,ts_immune_all_0272,TSP2,muscle of pelvic diaphragm,natural killer cell,NK,NK,5,42,42
186,ts_immune_all_0091,TSP2,blood,mature NK T cell,NK,NK,5,41,41
187,ts_immune_all_0185,TSP2,spleen,non-classical monocyte,NC_Mono,monocyte,6,41,41
188,ts_immune_all_0234,TSP2,bone marrow,neutrophil,Neutrophil,granulocyte,5,40,40
189,ts_immune_all_0928,TSP15,sclera,plasma cell,Plasma,B_lineage,7,40,40
190,ts_immune_all_0341,TSP4,muscle of pelvic diaphragm,"CD4-positive, alpha-beta T cell",Memory_CD4,T_lineage,6,39,39
191,ts_immune_all_0948,TSP17,liver,classical monocyte,Cl_Mono,monocyte,5,38,38
192,ts_immune_all_0137,TSP2,inguinal lymph node,natural killer cell,NK,NK,5,38,38
193,ts_immune_all_0609,TSP12,cardiac ventricle,macrophage,Macrophage,macrophage,7,38,38
194,ts_immune_all_0105,TSP2,aorta,"CD8-positive, alpha-beta T cell",NK,NK,5,38,38
195,ts_immune_all_0253,TSP2,muscle of abdomen,"CD4-positive, alpha-beta T cell",Memory_CD4,T_lineage,6,37,37
196,ts_immune_all_0177,TSP2,spleen,"CD8-positive, alpha-beta T cell",Memory_CD4,T_lineage,6,37,37
197,ts_immune_all_0161,TSP2,lung,neutrophil,Neutrophil,granulocyte,5,37,37
198,ts_immune_all_0068,TSP2,lymph node,myeloid dendritic cell,Dendritic,dendritic,5,36,36
199,ts_immune_all_0514,TSP9,exocrine pancreas,"CD4-positive, alpha-beta T cell",Memory_CD4,T_lineage,6,35,35
200,ts_immune_all_0325,TSP4,mammary gland,mast cell,Mast,granulocyte,5,35,35
201,ts_immune_all_0106,TSP2,aorta,plasma cell,Plasma,B_lineage,7,35,35
202,ts_immune_all_0316,TSP4,endometrium,neutrophil,Neutrophil,granulocyte,5,35,35
203,ts_immune_all_0269,TSP2,muscle of pelvic diaphragm,B cell,Naive_B,B_lineage,5,34,34
204,ts_immune_all_0117,TSP2,cortex of kidney,B cell,Naive_B,B_lineage,5,34,34
205,ts_immune_all_0265,TSP2,trachea,"CD8-positive, alpha-beta T cell",Memory_CD8,T_lineage,6,34,34
206,ts_immune_all_0129,TSP2,skin of abdomen,"CD4-positive, alpha-beta T cell",Memory_CD4,T_lineage,6,33,33
207,ts_immune_all_0102,TSP2,aorta,natural killer cell,NK,NK,5,33,33
208,ts_immune_all_0122,TSP2,skin of abdomen,T cell,Memory_CD4,T_lineage,6,33,33
209,ts_immune_all_0120,TSP2,cortex of kidney,"CD8-positive, alpha-beta T cell",Memory_CD8,T_lineage,6,31,31
210,ts_immune_all_0987,TSP20,stomach smooth muscle,plasma cell,Plasma,B_lineage,7,31,31
211,ts_immune_all_0311,TSP4,endometrium,B cell,Naive_B,B_lineage,5,30,30
212,ts_immune_all_0914,TSP15,cornea,"CD8-positive, alpha-beta T cell",Memory_CD4,T_lineage,6,30,30
213,ts_immune_all_0109,TSP2,adipose tissue,"CD4-positive, alpha-beta T cell",Memory_CD4,T_lineage,6,29,29
214,ts_immune_all_0144,TSP2,skin of chest,T cell,Memory_CD4,T_lineage,6,29,29
215,ts_immune_all_1743,TSP28,right ovary,macrophage,Macrophage,macrophage,7,29,29
216,ts_immune_all_0188,TSP2,spleen,innate lymphoid cell,ILC,lymphoid,5,29,29
217,ts_immune_all_0943,TSP17,liver,"CD4-positive, alpha-beta T cell",Memory_CD4,T_lineage,6,29,29
218,ts_immune_all_0224,TSP2,bone marrow,macrophage,Cl_Mono,monocyte,5,28,28
219,ts_immune_all_0259,TSP2,trachea,macrophage,Macrophage,macrophage,7,28,28
220,ts_immune_all_0201,TSP2,kidney,non-classical monocyte,NC_Mono,monocyte,6,27,27
221,ts_immune_all_0240,TSP2,bone marrow,non-classical monocyte,Cl_Mono,monocyte,5,27,27
222,ts_immune_all_0346,TSP5,eye,macrophage,Macrophage,macrophage,7,26,26
223,ts_immune_all_0950,TSP17,liver,intermediate monocyte,Cl_Mono,monocyte,5,26,26
224,ts_immune_all_0511,TSP9,exocrine pancreas,B cell,Naive_B,B_lineage,5,26,26
225,ts_immune_all_0287,TSP2,bladder organ,"CD8-positive, alpha-beta T cell",Naive_CD8,T_lineage,5,26,26
226,ts_immune_all_1747,TSP28,left ovary,"CD8-positive, alpha-beta T cell",Memory_CD8,T_lineage,6,26,26
227,ts_immune_all_0293,TSP3,lacrimal gland,microglial cell,Macrophage,macrophage,7,25,25
228,ts_immune_all_0309,TSP4,endometrium,mast cell,Mast,granulocyte,5,25,25
229,ts_immune_all_0212,TSP2,thymus,monocyte,Cl_Mono,monocyte,5,25,25
230,ts_immune_all_0306,TSP4,uterus,"CD8-positive, alpha-beta T cell",Memory_CD8,T_lineage,6,25,25
231,ts_immune_all_0168,TSP2,spleen,erythrocyte,Erythrocyte,erythroid,6,25,25
232,ts_immune_all_1744,TSP28,right ovary,"CD8-positive, alpha-beta T cell",Memory_CD8,T_lineage,6,25,25
233,ts_immune_all_0150,TSP2,skin of chest,"CD8-positive, alpha-beta T cell",Memory_CD8,T_lineage,6,25,25
234,ts_immune_all_0057,TSP2,lymph node,mast cell,Mast,granulocyte,5,25,25
235,ts_immune_all_0337,TSP4,muscle of abdomen,"CD4-positive, alpha-beta T cell",Memory_CD4,T_lineage,6,25,25
236,ts_immune_all_0303,TSP4,uterus,natural killer cell,NK,NK,5,24,24
237,ts_immune_all_0912,TSP15,cornea,microglial cell,Macrophage,macrophage,7,24,24
238,ts_immune_all_0140,TSP2,inguinal lymph node,plasma cell,Plasma,B_lineage,7,24,24
239,ts_immune_all_0969,TSP20,mucosa of stomach,mast cell,Mast,granulocyte,5,24,24
240,ts_immune_all_0260,TSP2,trachea,B cell,Memory_B,B_lineage,6,24,24
241,ts_immune_all_0111,TSP2,ascending colon,B cell,Naive_B,B_lineage,5,23,23
242,ts_immune_all_0246,TSP2,muscle of abdomen,mast cell,Mast,granulocyte,5,23,23
243,ts_immune_all_0604,TSP12,cardiac atrium,macrophage,Macrophage,macrophage,7,23,23
244,ts_immune_all_0131,TSP2,skin of abdomen,"CD8-positive, alpha-beta T cell",Memory_CD8,T_lineage,6,22,22
245,ts_immune_all_0118,TSP2,cortex of kidney,natural killer cell,NK,NK,5,22,22
246,ts_immune_all_0930,TSP15,retinal neural layer,microglial cell,Macrophage,macrophage,7,22,22
247,ts_immune_all_0290,TSP2,bladder organ,regulatory T cell,Treg,T_lineage,6,22,22
248,ts_immune_all_0199,TSP2,kidney,neutrophil,Neutrophil,granulocyte,5,22,22
249,ts_immune_all_0258,TSP2,trachea,mast cell,Mast,granulocyte,5,22,22
250,ts_immune_all_0937,TSP17,liver,mast cell,Mast,granulocyte,5,22,22
251,ts_immune_all_0072,TSP2,lymph node,non-classical monocyte,NC_Mono,monocyte,6,22,22
252,ts_immune_all_0077,TSP2,blood,hematopoietic stem cell,HSC,stem,0,21,21
253,ts_immune_all_0301,TSP4,uterus,macrophage,Neutrophil,granulocyte,5,21,21
254,ts_immune_all_0148,TSP2,skin of chest,"CD4-positive, alpha-beta T cell",Memory_CD4,T_lineage,6,20,20
255,ts_immune_all_0291,TSP3,eye,microglial cell,Macrophage,macrophage,7,20,20
256,ts_immune_all_0110,TSP2,adipose tissue,"CD8-positive, alpha-beta T cell",Memory_CD4,T_lineage,6,19,19
257,ts_immune_all_0321,TSP4,myometrium,"CD8-positive, alpha-beta T cell",Memory_CD4,T_lineage,6,19,19
258,ts_immune_all_0915,TSP15,cornea,neutrophil,Neutrophil,granulocyte,5,19,19
259,ts_immune_all_0348,TSP5,eye,monocyte,Cl_Mono,monocyte,5,18,18
260,ts_immune_all_0173,TSP2,spleen,monocyte,Cl_Mono,monocyte,5,18,18
261,ts_immune_all_0913,TSP15,cornea,macrophage,Macrophage,macrophage,7,18,18
262,ts_immune_all_0179,TSP2,spleen,"CD8-positive, alpha-beta T cell",NK,NK,5,18,18
263,ts_immune_all_0951,TSP17,liver,hematopoietic precursor cell,MPP,stem,1,18,18
264,ts_immune_all_0296,TSP3,lacrimal gland,"CD8-positive, alpha-beta T cell",Memory_CD4,T_lineage,6,18,18
265,ts_immune_all_0297,TSP3,lacrimal gland,myeloid dendritic cell,Dendritic,dendritic,5,18,18
266,ts_immune_all_0257,TSP2,muscle of abdomen,neutrophil,Neutrophil,granulocyte,5,18,18
267,ts_immune_all_0308,TSP4,endometrium,T cell,Memory_CD4,T_lineage,6,18,18
268,ts_immune_all_0305,TSP4,uterus,"CD8-positive, alpha-beta T cell",Memory_CD4,T_lineage,6,18,18
269,ts_immune_all_0241,TSP2,bone marrow,non-classical monocyte,NC_Mono,monocyte,6,18,18
270,ts_immune_all_0152,TSP2,skin of chest,myeloid dendritic cell,Dendritic,dendritic,5,17,17
271,ts_immune_all_0263,TSP2,trachea,"CD4-positive, alpha-beta T cell",Memory_CD4,T_lineage,6,17,17
272,ts_immune_all_0279,TSP2,bladder organ,macrophage,Cl_Mono,monocyte,5,17,17
273,ts_immune_all_0981,TSP20,stomach smooth muscle,B cell,Memory_B,B_lineage,6,17,17
274,ts_immune_all_0191,TSP2,kidney,T cell,Memory_CD4,T_lineage,6,17,17
275,ts_immune_all_0153,TSP2,skin of chest,myeloid dendritic cell,Macrophage,macrophage,7,16,16
276,ts_immune_all_0119,TSP2,cortex of kidney,"CD4-positive, alpha-beta T cell",Memory_CD4,T_lineage,6,16,16
277,ts_immune_all_0245,TSP2,muscle of abdomen,T cell,Memory_CD4,T_lineage,6,16,16
278,ts_immune_all_0317,TSP4,endometrium,plasma cell,Plasma,B_lineage,7,16,16
279,ts_immune_all_0267,TSP2,muscle of pelvic diaphragm,erythrocyte,Erythrocyte,erythroid,6,16,16
280,ts_immune_all_0919,TSP15,sclera,microglial cell,Macrophage,macrophage,7,16,16
281,ts_immune_all_0929,TSP15,sclera,mature NK T cell,Memory_CD4,T_lineage,6,16,16
282,ts_immune_all_0920,TSP15,sclera,erythrocyte,Erythrocyte,erythroid,6,15,15
283,ts_immune_all_0114,TSP2,sigmoid colon,"CD8-positive, alpha-beta T cell",Memory_CD8,T_lineage,6,15,15
284,ts_immune_all_0207,TSP2,thymus,mast cell,Mast,granulocyte,5,15,15
285,ts_immune_all_0251,TSP2,muscle of abdomen,natural killer cell,Memory_CD4,T_lineage,6,14,14
286,ts_immune_all_0238,TSP2,bone marrow,mature NK T cell,NK,NK,5,14,14
287,ts_immune_all_0353,TSP5,eye,mature NK T cell,Memory_CD4,T_lineage,6,13,13
288,ts_immune_all_0136,TSP2,inguinal lymph node,B cell,Naive_B,B_lineage,5,13,13
289,ts_immune_all_0312,TSP4,endometrium,monocyte,Cl_Mono,monocyte,5,13,13
