feature_id,n_perfeature,n_global,n_deployed
0,0,0,1
1,0,0,1
2,0,0,15
3,0,0,0
4,0,0,0
5,0,0,10
6,0,0,13
7,0,0,8
8,0,0,2
9,0,0,0
10,0,0,1
11,0,0,8
12,0,0,11
13,0,0,21
14,0,0,7
15,0,0,8
16,0,0,1
17,0,0,27
18,0,0,1
19,0,0,0
20,0,0,3
21,0,0,1
22,0,0,18
23,0,0,7
24,0,0,18
25,0,0,5
26,0,0,19
27,0,0,0
28,0,0,12
29,0,0,3
30,0,0,0
31,0,0,4
32,0,0,4
33,0,0,12
34,0,0,22
35,0,0,1
36,0,0,0
37,0,0,0
38,0,0,9
39,0,0,1
40,0,0,0
41,0,0,1
42,0,0,6
43,0,0,1
44,0,0,6
45,0,0,6
46,0,0,1
47,0,0,0
48,0,0,17
49,0,0,0
50,0,0,11
51,0,0,3
52,0,0,10
53,0,0,0
54,0,0,1
55,0,0,3
56,0,0,24
57,0,0,15
58,0,0,3
59,0,0,18
60,0,0,2
61,0,0,0
62,0,0,15
63,0,0,0
64,0,0,12
65,0,0,2
66,0,0,6
67,0,0,0
68,0,0,7
69,0,0,4
70,0,0,6
71,0,0,1
72,0,0,0
73,0,0,3
74,0,0,0
75,0,0,0
76,0,0,1
77,0,0,1
78,0,0,0
79,0,0,0
80,0,0,10
81,0,0,0
82,0,0,5
83,0,0,2
84,0,0,0
85,0,0,4
86,0,0,6
87,0,0,0
88,0,0,4
89,0,0,22
90,0,0,10
91,0,0,1
92,0,0,5
93,0,0,0
94,0,0,8
95,0,0,33
96,0,0,8
97,0,0,0
98,0,0,5
99,0,0,4
100,0,0,4
101,15,0,54
102,0,0,24
103,0,0,37
104,0,0,10
105,0,0,0
106,0,0,0
107,0,0,1
108,0,0,31
109,0,0,1
110,0,0,3
111,0,0,1
112,0,0,13
113,0,0,17
114,0,0,15
115,0,0,7
116,0,0,8
117,0,0,5
118,0,0,2
119,0,0,6
120,0,0,4
121,0,0,0
122,0,0,0
123,0,0,17
124,0,0,4
125,0,0,2
126,0,0,3
127,5,0,20
128,0,0,0
129,0,0,8
130,0,0,7
131,0,0,10
132,0,0,44
133,0,0,2
134,0,0,1
135,0,0,3
136,0,0,2
137,0,0,1
138,0,0,1
139,0,0,12
140,0,0,5
141,0,0,1
142,0,0,1
143,0,0,5
144,0,0,2
145,0,0,1
146,0,0,0
147,0,0,7
148,0,0,1
149,0,0,4
150,0,0,11
151,0,0,9
152,0,0,9
153,0,0,0
154,0,0,3
155,0,0,0
156,0,0,0
157,0,0,13
158,0,0,14
159,0,0,4
160,0,0,0
161,0,0,2
162,0,0,3
163,0,0,1
164,0,0,1
165,0,0,0
166,0,0,12
167,0,0,3
168,0,0,0
169,0,0,6
170,0,0,5
171,0,0,0
172,0,0,25
173,0,0,6
174,0,0,0
175,0,0,0
176,0,0,0
177,0,0,1
178,0,0,16
179,0,0,2
180,0,0,2
181,0,0,15
182,0,0,4
183,0,0,0
184,0,0,1
185,0,0,1
186,0,0,11
187,0,0,8
188,0,0,3
189,0,0,16
190,0,0,16
191,0,0,3
192,0,0,5
193,0,0,2
194,0,0,2
195,0,0,0
196,0,0,3
197,0,0,0
198,0,0,11
199,0,0,2
200,0,0,0
201,0,0,9
202,0,0,1
203,0,0,1
204,0,0,12
205,0,0,9
206,0,0,6
207,0,0,7
208,0,0,3
209,0,0,31
210,0,0,12
211,0,0,1
212,0,0,1
213,0,0,0
214,0,0,0
215,0,0,1
216,0,0,0
217,0,0,3
218,0,0,1
219,0,0,0
220,0,0,3
221,0,0,1
222,0,0,9
223,0,0,5
224,0,0,11
225,0,0,0
226,0,0,2
227,0,0,46
228,0,0,2
229,0,0,38
230,0,0,63
231,0,0,1
232,0,0,0
233,0,0,2
234,0,0,0
235,0,0,0
236,0,0,0
237,0,0,1
238,0,0,4
239,0,0,8
240,0,0,25
241,0,0,5
242,0,0,7
243,0,0,12
244,0,0,2
245,0,0,10
246,0,0,0
247,1,0,9
248,0,0,0
249,0,0,8
250,0,0,1
251,0,0,7
252,0,0,2
253,0,0,5
254,0,0,7
255,0,0,18
256,0,0,0
257,0,0,11
258,0,0,2
259,0,0,9
260,0,0,30
261,0,0,5
262,0,0,1
263,0,0,5
264,0,0,3
265,0,0,1
266,0,0,1
267,0,0,0
268,0,0,15
269,0,0,5
270,0,0,4
271,0,0,0
272,0,0,13
273,0,0,1
274,0,0,7
275,0,0,5
276,0,0,8
277,0,0,1
278,0,0,1
279,0,0,1
280,0,0,0
281,0,0,8
282,0,0,6
283,0,0,7
284,0,0,16
285,0,0,0
286,0,0,0
287,0,0,9
288,0,0,0
289,0,0,1
290,0,0,16
291,0,0,0
292,0,0,0
293,0,0,0
294,0,0,3
295,0,0,0
296,0,0,4
297,0,0,1
298,0,0,12
299,0,0,26
300,0,0,0
301,0,0,6
302,0,0,14
303,0,0,0
304,0,0,4
305,0,0,12
306,0,0,13
307,0,0,1
308,0,0,2
309,0,0,14
310,0,0,0
311,0,0,0
312,0,0,1
313,0,0,0
314,0,0,14
315,0,0,15
316,0,0,12
317,0,0,4
318,0,0,0
319,0,0,0
320,0,0,5
321,0,0,0
322,0,0,5
323,4,0,9
324,0,0,23
325,0,0,0
326,0,0,0
327,0,0,3
328,0,0,2
329,0,0,0
330,0,0,1
331,0,0,1
332,0,0,0
333,0,0,0
334,0,0,1
335,0,0,0
336,0,0,1
337,10,0,44
338,0,0,11
339,0,0,9
340,0,0,25
341,0,0,7
342,0,0,6
343,0,0,12
344,0,0,4
345,0,0,12
346,0,0,0
347,0,0,14
348,0,0,7
349,0,0,13
350,0,0,2
351,0,0,3
352,0,0,4
353,0,0,1
354,0,0,5
355,0,0,2
356,0,0,1
357,0,0,3
358,0,0,2
359,0,0,0
360,0,0,0
361,55,0,78
362,0,0,2
363,0,0,20
364,0,0,5
365,0,0,0
366,0,0,1
367,0,0,3
368,0,0,0
369,0,0,10
370,0,0,1
371,0,0,0
372,0,0,1
373,0,0,15
374,0,0,12
375,0,0,1
376,0,0,5
377,0,0,1
378,0,0,0
379,0,0,9
380,0,0,6
381,0,0,0
382,0,0,4
383,0,0,0
384,0,0,2
385,0,0,13
386,0,0,31
387,0,0,19
388,0,0,9
389,0,0,2
390,0,0,1
391,0,0,5
392,0,0,2
393,0,0,1
394,0,0,0
395,0,0,12
396,0,0,8
397,0,0,3
398,0,0,2
399,0,0,12
400,0,0,1
401,0,0,3
402,0,0,0
403,0,0,8
404,0,0,22
405,0,0,4
406,0,0,1
407,0,0,17
408,0,0,5
409,0,0,0
410,0,0,5
411,0,0,0
412,0,0,13
413,0,0,6
414,0,0,0
415,0,0,14
416,0,0,4
417,0,0,0
418,0,0,6
419,0,0,15
420,0,0,0
421,0,0,0
422,0,0,15
423,0,0,2
424,0,0,0
425,0,0,8
426,0,0,1
427,0,0,0
428,0,0,19
429,0,0,17
430,0,0,4
431,0,0,0
432,0,0,0
433,0,0,0
434,0,0,0
435,0,0,0
436,0,0,0
437,0,0,2
438,2,0,12
439,9,0,17
440,0,0,0
441,0,0,0
442,0,0,0
443,0,0,32
444,0,0,10
445,0,0,32
446,0,0,0
447,0,0,5
448,0,0,5
449,0,0,8
450,0,0,14
451,0,0,1
452,0,0,19
453,0,0,21
454,0,0,9
455,0,0,2
456,0,0,1
457,0,0,16
458,0,0,9
459,0,0,7
460,0,0,1
461,0,0,1
462,0,0,0
463,0,0,9
464,0,0,1
465,0,0,9
466,0,0,0
467,0,0,0
468,0,0,23
469,0,0,0
470,0,0,7
471,0,0,1
472,0,0,11
473,0,0,6
474,0,0,9
475,0,0,4
476,0,0,33
477,0,0,4
478,0,0,0
479,0,0,0
480,0,0,0
481,0,0,10
482,0,0,23
483,0,0,0
484,0,0,4
485,0,0,1
486,0,0,1
487,0,0,1
488,0,0,3
489,0,0,1
490,0,0,5
491,0,0,3
492,0,0,0
493,0,0,1
494,0,0,0
495,0,0,7
496,0,0,7
497,0,0,0
498,0,0,26
499,0,0,0
500,0,0,5
501,0,0,0
502,0,0,0
503,0,0,5
504,0,0,1
505,0,0,2
506,0,0,0
507,0,0,13
508,0,0,4
509,0,0,3
510,0,0,2
511,0,0,13
512,0,0,31
513,0,0,19
514,0,0,3
515,0,0,0
516,0,0,4
517,0,0,6
518,0,0,1
519,0,0,14
520,0,0,18
521,0,0,31
522,0,0,4
523,0,0,0
524,0,0,0
525,0,0,2
526,0,0,0
527,0,0,14
528,0,0,2
529,0,0,0
530,0,0,13
531,0,0,1
532,0,0,29
533,0,0,3
534,0,0,4
535,0,0,1
536,0,0,7
537,0,0,0
538,0,0,1
539,0,0,3
540,0,0,11
541,0,0,1
542,0,0,2
543,0,0,18
544,0,0,0
545,0,0,21
546,0,0,6
547,0,0,0
548,0,0,10
549,0,0,4
550,0,0,0
551,0,0,33
552,0,0,9
553,0,0,6
554,0,0,1
555,0,0,3
556,0,0,8
557,0,0,0
558,2,0,57
559,0,0,14
560,0,0,0
561,0,0,13
562,0,0,13
563,0,0,6
564,0,0,12
565,0,0,5
566,0,0,0
567,0,0,1
568,0,0,5
569,0,0,22
570,0,0,2
571,0,0,1
572,0,0,4
573,0,0,0
574,62,1,106
575,0,0,7
576,0,0,9
577,0,0,1
578,0,0,2
579,0,0,3
580,0,0,0
581,0,0,7
582,0,0,3
583,0,0,4
584,0,0,4
585,0,0,29
586,0,0,1
587,0,0,4
588,0,0,15
589,2,0,41
590,0,0,0
591,0,0,0
592,0,0,0
593,6,0,46
594,0,0,0
595,0,0,5
596,0,0,0
597,0,0,1
598,0,0,0
599,0,0,22
600,0,0,1
601,0,0,0
602,0,0,1
603,0,0,1
604,0,0,0
605,0,0,3
606,0,0,0
607,0,0,5
608,0,0,0
609,0,0,8
610,0,0,1
611,0,0,8
612,10,0,39
613,0,0,0
614,0,0,4
615,0,0,3
616,1,0,22
617,0,0,0
618,0,0,16
619,0,0,4
620,0,0,2
621,0,0,4
622,0,0,5
623,0,0,3
624,0,0,0
625,0,0,15
626,1,0,15
627,0,0,10
628,0,0,64
629,0,0,1
630,0,0,0
631,0,0,0
632,0,0,3
633,0,0,0
634,0,0,0
635,0,0,19
636,0,0,3
637,0,0,3
638,0,0,6
639,0,0,0
640,0,0,4
641,0,0,11
642,0,0,4
643,0,0,0
644,0,0,3
645,0,0,3
646,0,0,2
647,0,0,1
648,0,0,1
649,0,0,0
650,0,0,9
651,1,0,22
652,0,0,0
653,0,0,3
654,0,0,7
655,0,0,1
656,0,0,4
657,0,0,4
658,0,0,0
659,0,0,3
660,0,0,18
661,0,0,0
662,0,0,0
663,0,0,1
664,0,0,0
665,0,0,1
666,0,0,9
667,0,0,5
668,0,0,4
669,0,0,13
670,0,0,13
671,0,0,6
672,0,0,6
673,0,0,0
674,0,0,4
675,0,0,4
676,0,0,2
677,0,0,2
678,0,0,0
679,0,0,0
680,0,0,1
681,0,0,6
682,0,0,2
683,0,0,2
684,0,0,1
685,0,0,6
686,0,0,1
687,0,0,2
688,0,0,12
689,0,0,5
690,0,0,2
691,0,0,0
692,0,0,1
693,0,0,1
694,0,0,5
695,0,0,21
696,0,0,10
697,0,0,6
698,0,0,14
699,0,0,0
700,0,0,1
701,0,0,4
702,0,0,0
703,0,0,0
704,0,0,11
705,0,0,2
706,0,0,0
707,0,0,0
708,0,0,7
709,0,0,4
710,0,0,27
711,0,0,1
712,0,0,3
713,0,0,3
714,0,0,0
715,0,0,5
716,0,0,4
717,0,0,2
718,0,0,3
719,0,0,0
720,0,0,1
721,0,0,0
722,0,0,1
723,0,0,8
724,0,0,25
725,0,0,6
726,0,0,1
727,0,0,2
728,0,0,5
729,0,0,3
730,0,0,6
731,0,0,10
732,0,0,0
733,0,0,4
734,0,0,0
735,0,0,33
736,0,0,4
737,0,0,1
738,0,0,5
739,0,0,0
740,0,0,0
741,0,0,1
742,0,0,6
743,0,0,1
744,0,0,0
745,0,0,1
746,0,0,0
747,0,0,31
748,0,0,7
749,0,0,1
750,0,0,0
751,0,0,6
752,0,0,2
753,0,0,10
754,0,0,13
755,0,0,0
756,0,0,6
757,0,0,0
758,0,0,0
759,0,0,2
760,0,0,21
761,0,0,0
762,0,0,1
763,0,0,5
764,0,0,0
765,0,0,7
766,0,0,9
767,0,0,6
768,0,0,0
769,0,0,0
770,0,0,2
771,0,0,0
772,0,0,0
773,0,0,0
774,0,0,26
775,0,0,5
776,0,0,0
777,0,0,5
778,0,0,28
779,0,0,0
780,0,0,26
781,0,0,1
782,0,0,2
783,0,0,2
784,0,0,5
785,0,0,0
786,0,0,0
787,0,0,4
788,0,0,2
789,0,0,3
790,0,0,0
791,0,0,69
792,0,0,14
793,0,0,3
794,31,0,58
795,0,0,1
796,0,0,0
797,0,0,0
798,0,0,2
799,0,0,1
800,0,0,2
801,0,0,0
802,0,0,2
803,5,0,38
804,0,0,5
805,0,0,38
806,0,0,2
807,0,0,0
808,0,0,4
809,0,0,9
810,0,0,2
811,0,0,1
812,0,0,3
813,0,0,15
814,0,0,0
815,0,0,6
816,0,0,24
817,0,0,11
818,0,0,21
819,0,0,15
820,0,0,1
821,0,0,0
822,0,0,1
823,0,0,4
824,0,0,13
825,0,0,0
826,0,0,0
827,0,0,1
828,0,0,0
829,0,0,1
830,0,0,1
831,0,0,13
832,0,0,0
833,0,0,2
834,0,0,15
835,0,0,18
836,0,0,4
837,0,0,0
838,0,0,4
839,0,0,1
840,0,0,10
841,0,0,0
842,0,0,0
843,0,0,6
844,0,0,2
845,0,0,9
846,0,0,0
847,0,0,0
848,0,0,0
849,0,0,8
850,0,0,0
851,0,0,1
852,0,0,3
853,0,0,0
854,0,0,11
855,0,0,1
856,0,0,6
857,0,0,19
858,0,0,0
859,0,0,3
860,0,0,10
861,0,0,0
862,0,0,6
863,0,0,0
864,0,0,4
865,0,0,3
866,0,0,4
867,0,0,12
868,0,0,7
869,0,0,11
870,0,0,2
871,0,0,1
872,0,0,0
873,0,0,1
874,0,0,7
875,0,0,2
876,0,0,0
877,0,0,1
878,0,0,5
879,0,0,3
880,0,0,34
881,0,0,4
882,0,0,1
883,0,0,5
884,0,0,16
885,0,0,9
886,0,0,0
887,0,0,0
888,0,0,28
889,0,0,1
890,0,0,2
891,0,0,9
892,0,0,1
893,0,0,2
894,0,0,6
895,0,0,0
896,0,0,4
897,0,0,8
898,0,0,4
899,0,0,10
900,0,0,1
901,0,0,12
902,0,0,30
903,0,0,0
904,0,0,0
905,0,0,0
906,0,0,2
907,0,0,5
908,0,0,8
909,0,0,13
910,0,0,19
911,0,0,0
912,0,0,0
913,0,0,10
914,0,0,15
915,0,0,6
916,0,0,1
917,0,0,4
918,0,0,3
919,0,0,14
920,0,0,11
921,1,0,62
922,0,0,1
923,0,0,4
924,0,0,1
925,0,0,0
926,0,0,10
927,0,0,1
928,0,0,9
929,0,0,2
930,0,0,1
931,0,0,12
932,0,0,0
933,0,0,1
934,0,0,13
935,0,0,3
936,0,0,2
937,0,0,0
938,0,0,2
939,0,0,17
940,0,0,2
941,0,0,0
942,0,0,0
943,0,0,14
944,0,0,5
945,0,0,0
946,0,0,10
947,0,0,6
948,0,0,5
949,0,0,3
950,0,0,7
951,0,0,5
952,0,0,23
953,0,0,0
954,0,0,30
955,0,0,0
956,0,0,3
957,0,0,2
958,0,0,0
959,0,0,0
960,0,0,0
961,0,0,0
962,0,0,13
963,0,0,12
964,0,0,1
965,0,0,15
966,0,0,8
967,0,0,10
968,0,0,1
969,2,0,16
970,0,0,13
971,0,0,0
972,0,0,0
973,0,0,0
974,0,0,6
975,0,0,1
976,0,0,1
977,0,0,8
978,0,0,1
979,0,0,1
980,0,0,26
981,0,0,2
982,0,0,0
983,0,0,1
984,0,0,0
985,0,0,5
986,0,0,0
987,0,0,43
988,0,0,12
989,0,0,15
990,0,0,3
991,0,0,0
992,0,0,0
993,0,0,0
994,0,0,15
995,0,0,2
996,0,0,0
997,0,0,0
998,0,0,0
999,0,0,1
1000,0,0,0
1001,0,0,2
1002,0,0,1
1003,0,0,2
1004,0,0,8
1005,0,0,0
1006,0,0,11
1007,0,0,33
1008,0,0,3
1009,0,0,5
1010,0,0,1
1011,0,0,0
1012,0,0,1
1013,0,0,2
1014,0,0,1
1015,0,0,13
1016,0,0,1
1017,0,0,0
1018,0,0,12
1019,0,0,0
1020,0,0,3
1021,0,0,4
1022,0,0,29
1023,0,0,0
1024,0,0,0
1025,0,0,0
1026,0,0,2
1027,0,0,4
1028,0,0,0
1029,0,0,5
1030,0,0,5
1031,0,0,2
1032,0,0,1
1033,0,0,9
1034,0,0,8
1035,0,0,3
1036,0,0,1
1037,0,0,2
1038,0,0,17
1039,0,0,0
1040,0,0,4
1041,0,0,0
1042,0,0,7
1043,0,0,2
1044,0,0,9
1045,0,0,0
1046,0,0,2
1047,0,0,3
1048,0,0,17
1049,0,0,5
1050,0,0,2
1051,0,0,0
1052,0,0,18
1053,0,0,13
1054,0,0,8
1055,0,0,2
1056,0,0,2
1057,0,0,0
1058,0,0,0
1059,0,0,13
1060,1,0,32
1061,0,0,4
1062,0,0,0
1063,0,0,1
1064,0,0,19
1065,0,0,13
1066,0,0,0
1067,0,0,1
1068,0,0,6
1069,0,0,0
1070,0,0,2
1071,0,0,3
1072,0,0,0
1073,1,0,11
1074,0,0,16
1075,0,0,4
1076,0,0,21
1077,0,0,15
1078,0,0,1
1079,0,0,7
1080,0,0,0
1081,0,0,3
1082,0,0,17
1083,0,0,4
1084,0,0,2
1085,0,0,2
1086,0,0,0
1087,0,0,6
1088,0,0,20
1089,0,0,6
1090,0,0,2
1091,0,0,1
1092,0,0,4
1093,0,0,20
1094,0,0,0
1095,0,0,0
1096,0,0,5
1097,0,0,7
1098,0,0,15
1099,0,0,3
1100,0,0,1
1101,0,0,3
1102,0,0,6
1103,0,0,5
1104,0,0,0
1105,0,0,5
1106,0,0,2
1107,0,0,25
1108,0,0,0
1109,0,0,0
1110,0,0,6
1111,0,0,16
1112,0,0,0
1113,0,0,0
1114,0,0,4
1115,0,0,1
1116,0,0,23
1117,0,0,0
1118,0,0,4
1119,1,0,7
1120,0,0,4
1121,0,0,7
1122,0,0,2
1123,0,0,9
1124,0,0,3
1125,0,0,0
1126,0,0,1
1127,0,0,4
1128,0,0,0
1129,0,0,0
1130,0,0,4
1131,0,0,1
1132,0,0,5
1133,0,0,0
1134,0,0,6
1135,0,0,9
1136,0,0,0
1137,0,0,9
1138,0,0,4
1139,0,0,10
1140,0,0,4
1141,0,0,0
1142,0,0,5
1143,0,0,11
1144,0,0,7
1145,0,0,2
1146,0,0,0
1147,0,0,1
1148,0,0,0
1149,0,0,4
1150,0,0,1
1151,0,0,0
1152,0,0,3
1153,0,0,0
1154,0,0,0
1155,0,0,1
1156,0,0,2
1157,0,0,8
1158,0,0,22
1159,0,0,7
1160,0,0,7
1161,0,0,12
1162,0,0,2
1163,0,0,3
1164,0,0,4
1165,0,0,2
1166,0,0,0
1167,0,0,3
1168,0,0,17
1169,0,0,0
1170,0,0,3
1171,0,0,0
1172,0,0,1
1173,0,0,1
1174,0,0,5
1175,0,0,0
1176,0,0,4
1177,0,0,2
1178,0,0,12
1179,0,0,7
1180,0,0,8
1181,0,0,1
1182,0,0,0
1183,0,0,5
1184,0,0,0
1185,0,0,7
1186,0,0,3
1187,0,0,3
1188,0,0,1
1189,0,0,2
1190,0,0,0
1191,0,0,7
1192,0,0,4
1193,0,0,4
1194,0,0,3
1195,0,0,0
1196,0,0,1
1197,0,0,10
1198,0,0,6
1199,0,0,7
1200,0,0,6
1201,0,0,0
1202,0,0,1
1203,0,0,1
1204,0,0,5
1205,0,0,1
1206,0,0,37
1207,0,0,0
1208,0,0,8
1209,0,0,0
1210,0,0,0
1211,0,0,0
1212,0,0,31
1213,0,0,1
1214,0,0,13
1215,0,0,16
1216,0,0,0
1217,0,0,0
1218,0,0,11
1219,0,0,5
1220,0,0,6
1221,0,0,0
1222,0,0,3
1223,0,0,2
1224,0,0,13
1225,0,0,7
1226,0,0,4
1227,0,0,0
1228,0,0,6
1229,0,0,1
1230,0,0,2
1231,0,0,4
1232,0,0,20
1233,0,0,7
1234,0,0,8
1235,0,0,0
1236,0,0,0
1237,0,0,1
1238,0,0,6
1239,0,0,0
1240,0,0,5
1241,0,0,4
1242,0,0,8
1243,0,0,36
1244,0,0,14
1245,0,0,10
1246,0,0,6
1247,0,0,12
1248,0,0,2
1249,0,0,2
1250,0,0,10
1251,0,0,0
1252,0,0,4
1253,0,0,0
1254,0,0,14
1255,0,0,0
1256,0,0,11
1257,0,0,0
1258,0,0,10
1259,0,0,0
1260,0,0,1
1261,0,0,12
1262,0,0,0
1263,0,0,13
1264,0,0,1
1265,0,0,7
1266,0,0,6
1267,0,0,0
1268,0,0,1
1269,0,0,10
1270,0,0,10
1271,0,0,12
1272,0,0,6
1273,0,0,1
1274,0,0,0
1275,0,0,0
1276,0,0,24
1277,0,0,7
1278,0,0,1
1279,0,0,2
1280,0,0,1
1281,1,0,25
1282,0,0,0
1283,0,0,7
1284,0,0,1
1285,0,0,1
1286,0,0,2
1287,0,0,8
1288,0,0,29
1289,0,0,1
1290,0,0,1
1291,0,0,6
1292,0,0,14
1293,0,0,0
1294,2,0,18
1295,0,0,0
1296,0,0,5
1297,0,0,9
1298,0,0,1
1299,0,0,2
1300,0,0,0
1301,0,0,0
1302,0,0,7
1303,0,0,0
1304,0,0,0
1305,0,0,5
1306,0,0,8
1307,0,0,15
1308,0,0,2
1309,0,0,6
1310,0,0,15
1311,0,0,6
1312,0,0,8
1313,0,0,1
1314,0,0,19
1315,0,0,13
1316,0,0,0
1317,0,0,0
1318,0,0,0
1319,0,0,11
1320,0,0,1
1321,0,0,11
1322,0,0,13
1323,0,0,1
1324,0,0,6
1325,0,0,0
1326,0,0,5
1327,0,0,13
1328,0,0,0
1329,0,0,2
1330,0,0,6
1331,0,0,0
1332,0,0,26
1333,0,0,19
1334,0,0,3
1335,4,0,9
1336,0,0,0
1337,0,0,21
1338,0,0,2
1339,0,0,0
1340,0,0,12
1341,0,0,5
1342,0,0,3
1343,0,0,0
1344,0,0,9
1345,0,0,0
1346,0,0,0
1347,0,0,2
1348,0,0,0
1349,0,0,0
1350,0,0,12
1351,0,0,1
1352,0,0,2
1353,26,0,64
1354,0,0,0
1355,0,0,5
1356,0,0,0
1357,1,0,12
1358,0,0,31
1359,0,0,5
1360,0,0,0
1361,0,0,17
1362,0,0,6
1363,0,0,7
1364,0,0,4
1365,0,0,2
1366,0,0,6
1367,0,0,0
1368,1,0,24
1369,0,0,28
1370,0,0,2
1371,0,0,5
1372,0,0,0
1373,0,0,0
1374,0,0,0
1375,0,0,31
1376,0,0,3
1377,0,0,1
1378,0,0,4
1379,0,0,15
1380,0,0,0
1381,0,0,16
1382,0,0,1
1383,0,0,15
1384,0,0,20
1385,0,0,2
1386,0,0,1
1387,0,0,0
1388,0,0,3
1389,0,0,0
1390,0,0,6
1391,0,0,27
1392,0,0,0
1393,0,0,4
1394,0,0,17
1395,0,0,7
1396,0,0,15
1397,0,0,1
1398,0,0,0
1399,0,0,4
1400,0,0,5
1401,0,0,7
1402,0,0,6
1403,0,0,3
1404,0,0,2
1405,0,0,7
1406,0,0,4
1407,0,0,7
1408,0,0,19
1409,0,0,23
1410,0,0,5
1411,0,0,5
1412,0,0,3
1413,0,0,12
1414,0,0,12
1415,0,0,5
1416,0,0,2
1417,0,0,2
1418,0,0,18
1419,0,0,5
1420,0,0,11
1421,0,0,1
1422,0,0,3
1423,0,0,20
1424,0,0,0
1425,0,0,0
1426,0,0,1
1427,0,0,1
1428,0,0,3
1429,0,0,4
1430,0,0,11
1431,0,0,12
1432,1,0,3
1433,0,0,8
1434,0,0,19
1435,0,0,0
1436,0,0,14
1437,0,0,0
1438,0,0,0
1439,0,0,0
1440,0,0,3
1441,0,0,12
1442,0,0,7
1443,0,0,4
1444,0,0,2
1445,0,0,2
1446,0,0,1
1447,0,0,0
1448,0,0,12
1449,0,0,0
1450,0,0,4
1451,0,0,0
1452,0,0,2
1453,0,0,0
1454,0,0,1
1455,0,0,11
1456,0,0,2
1457,0,0,0
1458,0,0,1
1459,0,0,1
1460,0,0,8
1461,0,0,1
1462,0,0,0
1463,0,0,0
1464,0,0,20
1465,0,0,3
1466,0,0,20
1467,0,0,0
1468,0,0,0
1469,0,0,7
1470,0,0,0
1471,0,0,0
1472,0,0,13
1473,0,0,4
1474,0,0,0
1475,0,0,8
1476,0,0,15
1477,0,0,11
1478,0,0,0
1479,0,0,0
1480,0,0,11
1481,0,0,6
1482,0,0,4
1483,0,0,0
1484,0,0,8
1485,0,0,0
1486,0,0,0
1487,0,0,1
1488,0,0,14
1489,0,0,18
1490,0,0,5
1491,0,0,3
1492,0,0,8
1493,0,0,0
1494,0,0,0
1495,0,0,0
1496,0,0,1
1497,0,0,2
1498,0,0,3
1499,0,0,15
1500,0,0,4
1501,0,0,0
1502,0,0,5
1503,0,0,1
1504,0,0,2
1505,0,0,4
1506,0,0,3
1507,0,0,7
1508,0,0,26
1509,0,0,2
1510,0,0,6
1511,0,0,3
1512,0,0,5
1513,0,0,2
1514,0,0,1
1515,0,0,13
1516,0,0,0
1517,0,0,10
1518,0,0,40
1519,0,0,0
1520,0,0,19
1521,0,0,0
1522,0,0,0
1523,0,0,0
1524,0,0,2
1525,0,0,18
1526,0,0,0
1527,0,0,3
1528,0,0,1
1529,0,0,0
1530,0,0,0
1531,9,3,12
1532,0,0,1
1533,0,0,5
1534,0,0,0
1535,3,0,15
1536,0,0,0
1537,0,0,2
1538,3,0,13
1539,0,0,2
1540,0,0,2
1541,0,0,9
1542,0,0,0
1543,0,0,3
1544,12,0,34
1545,0,0,1
1546,0,0,1
1547,0,0,1
1548,0,0,0
1549,0,0,0
1550,0,0,1
1551,0,0,4
1552,0,0,23
1553,0,0,13
1554,0,0,6
1555,0,0,2
1556,0,0,27
1557,0,0,1
1558,0,0,3
1559,0,0,25
1560,0,0,1
1561,0,0,0
1562,7,0,32
1563,0,0,0
1564,0,0,2
1565,0,0,8
1566,0,0,5
1567,0,0,0
1568,0,0,44
1569,0,0,4
1570,0,0,1
1571,0,0,1
1572,0,0,0
1573,0,0,21
1574,0,0,19
1575,0,0,12
1576,0,0,0
1577,0,0,3
1578,0,0,1
1579,0,0,1
1580,0,0,2
1581,0,0,0
1582,0,0,1
1583,0,0,0
1584,0,0,10
1585,0,0,30
1586,0,0,7
1587,0,0,8
1588,0,0,7
1589,0,0,3
1590,0,0,0
1591,0,0,0
1592,0,0,0
1593,0,0,0
1594,0,0,1
1595,0,0,1
1596,0,0,0
1597,0,0,0
1598,0,0,8
1599,0,0,6
1600,0,0,0
1601,0,0,0
1602,0,0,18
1603,0,0,0
1604,0,0,0
1605,0,0,2
1606,0,0,4
1607,0,0,3
1608,0,0,0
1609,0,0,22
1610,0,0,1
1611,0,0,15
1612,0,0,1
1613,0,0,10
1614,0,0,3
1615,0,0,5
1616,0,0,0
1617,0,0,0
1618,0,0,0
1619,0,0,3
1620,0,0,23
1621,0,0,0
1622,0,0,14
1623,0,0,3
1624,0,0,7
1625,0,0,0
1626,0,0,2
1627,0,0,1
1628,0,0,10
1629,0,0,2
1630,0,0,0
1631,0,0,1
1632,0,0,2
1633,0,0,7
1634,0,0,1
1635,0,0,0
1636,0,0,1
1637,0,0,5
1638,0,0,1
1639,0,0,0
1640,0,0,0
1641,0,0,0
1642,0,0,0
1643,0,0,4
1644,0,0,1
1645,0,0,7
1646,0,0,1
1647,0,0,5
1648,0,0,4
1649,0,0,5
1650,0,0,3
1651,0,0,8
1652,0,0,2
1653,0,0,0
1654,0,0,2
1655,0,0,8
1656,0,0,8
1657,0,0,1
1658,0,0,0
1659,0,0,0
1660,0,0,36
1661,0,0,4
1662,0,0,14
1663,0,0,6
1664,0,0,0
1665,0,0,13
1666,0,0,2
1667,0,0,0
1668,0,0,0
1669,0,0,2
1670,0,0,1
1671,0,0,1
1672,0,0,10
1673,0,0,1
1674,0,0,2
1675,0,0,4
1676,0,0,1
1677,0,0,0
1678,0,0,0
1679,0,0,3
1680,0,0,0
1681,0,0,0
1682,0,0,1
1683,0,0,7
1684,0,0,0
1685,0,0,11
1686,0,0,33
1687,0,0,4
1688,0,0,2
1689,0,0,10
1690,0,0,0
1691,0,0,13
1692,0,0,25
1693,0,0,0
1694,0,0,0
1695,0,0,2
1696,0,0,3
1697,0,0,2
1698,0,0,3
1699,0,0,0
1700,0,0,0
1701,0,0,6
1702,0,0,11
1703,71,0,133
1704,0,0,24
1705,0,0,1
1706,0,0,1
1707,0,0,51
1708,0,0,3
1709,0,0,2
1710,0,0,11
1711,0,0,0
1712,0,0,1
1713,0,0,2
1714,0,0,3
1715,0,0,19
1716,0,0,9
1717,0,0,2
1718,0,0,6
1719,0,0,2
1720,0,0,0
1721,0,0,1
1722,0,0,1
1723,0,0,3
1724,0,0,9
1725,0,0,28
1726,0,0,2
1727,0,0,11
1728,0,0,0
1729,0,0,0
1730,0,0,0
1731,0,0,2
1732,0,0,1
1733,0,0,0
1734,0,0,1
1735,0,0,1
1736,0,0,1
1737,0,0,9
1738,0,0,3
1739,0,0,10
1740,0,0,12
1741,0,0,17
1742,0,0,0
1743,0,0,1
1744,0,0,1
1745,0,0,11
1746,0,0,3
1747,0,0,2
1748,0,0,16
1749,0,0,16
1750,0,0,0
1751,0,0,3
1752,0,0,2
1753,0,0,7
1754,0,0,0
1755,0,0,1
1756,0,0,8
1757,0,0,2
1758,0,0,16
1759,0,0,0
1760,0,0,0
1761,0,0,12
1762,0,0,1
1763,0,0,0
1764,0,0,4
1765,0,0,1
1766,0,0,10
1767,0,0,0
1768,0,0,2
1769,0,0,1
1770,0,0,45
1771,0,0,0
1772,0,0,0
1773,0,0,0
1774,0,0,0
1775,0,0,16
1776,0,0,9
1777,0,0,5
1778,0,0,4
1779,0,0,0
1780,2,0,16
1781,0,0,12
1782,0,0,1
1783,0,0,55
1784,0,0,2
1785,0,0,3
1786,0,0,2
1787,0,0,38
1788,0,0,1
1789,0,0,5
1790,0,0,3
1791,0,0,2
1792,0,0,4
1793,0,0,3
1794,0,0,10
1795,0,0,1
1796,0,0,5
1797,0,0,5
1798,0,0,2
1799,0,0,3
1800,0,0,0
1801,0,0,31
1802,0,0,0
1803,0,0,17
1804,0,0,1
1805,0,0,1
1806,0,0,3
1807,0,0,5
1808,0,0,1
1809,0,0,14
1810,0,0,14
1811,0,0,0
1812,0,0,5
1813,0,0,0
1814,0,0,3
1815,0,0,14
1816,0,0,9
1817,0,0,10
1818,0,0,2
1819,0,0,0
1820,0,0,1
1821,0,0,17
1822,0,0,0
1823,0,0,3
1824,0,0,10
1825,0,0,13
1826,0,0,1
1827,0,0,0
1828,0,0,11
1829,0,0,7
1830,0,0,0
1831,0,0,1
1832,0,0,21
1833,0,0,0
1834,0,0,0
1835,0,0,10
1836,0,0,3
1837,0,0,5
1838,0,0,47
1839,0,0,0
1840,0,0,1
1841,0,0,2
1842,0,0,8
1843,0,0,0
1844,0,0,1
1845,0,0,3
1846,0,0,2
1847,0,0,8
1848,0,0,5
1849,0,0,3
1850,0,0,6
1851,0,0,3
1852,0,0,2
1853,0,0,5
1854,0,0,15
1855,0,0,11
1856,0,0,28
1857,0,0,0
1858,0,0,21
1859,0,0,1
1860,0,0,0
1861,0,0,5
1862,0,0,0
1863,0,0,21
1864,0,0,12
1865,0,0,2
1866,0,0,0
1867,0,0,1
1868,0,0,2
1869,0,0,12
1870,0,0,7
1871,0,0,7
1872,0,0,6
1873,0,0,12
1874,0,0,0
1875,0,0,1
1876,0,0,13
1877,0,0,1
1878,0,0,6
1879,0,0,0
1880,0,0,0
1881,0,0,0
1882,0,0,8
1883,0,0,1
1884,0,0,0
1885,0,0,10
1886,0,0,30
1887,0,0,0
1888,0,0,7
1889,0,0,5
1890,2,0,30
1891,1,0,30
1892,0,0,0
1893,0,0,0
1894,0,0,7
1895,0,0,8
1896,0,0,3
1897,0,0,7
1898,0,0,6
1899,0,0,5
1900,0,0,1
1901,0,0,0
1902,0,0,5
1903,0,0,3
1904,0,0,6
1905,0,0,5
1906,0,0,5
1907,0,0,2
1908,0,0,2
1909,0,0,1
1910,0,0,8
1911,0,0,9
1912,0,0,1
1913,0,0,0
1914,0,0,0
1915,0,0,18
1916,0,0,1
1917,0,0,1
1918,0,0,4
1919,0,0,19
1920,0,0,5
1921,0,0,15
1922,0,0,3
1923,0,0,0
1924,0,0,4
1925,0,0,11
1926,0,0,2
1927,0,0,15
1928,0,0,10
1929,0,0,11
1930,0,0,1
1931,0,0,1
1932,0,0,1
1933,0,0,0
1934,0,0,1
1935,0,0,4
1936,0,0,1
1937,0,0,0
1938,11,0,23
1939,11,0,13
1940,0,0,3
1941,0,0,2
1942,0,0,0
1943,0,0,5
1944,0,0,3
1945,0,0,17
1946,0,0,1
1947,0,0,9
1948,0,0,5
1949,0,0,33
1950,0,0,5
1951,0,0,14
1952,0,0,15
1953,0,0,1
1954,0,0,0
1955,0,0,10
1956,0,0,5
1957,0,0,11
1958,8,0,84
1959,0,0,24
1960,1,0,11
1961,0,0,5
1962,0,0,1
1963,0,0,1
1964,0,0,21
1965,0,0,5
1966,0,0,1
1967,0,0,9
1968,0,0,0
1969,0,0,3
1970,0,0,5
1971,0,0,1
1972,0,0,0
1973,0,0,3
1974,0,0,2
1975,0,0,0
1976,0,0,0
1977,0,0,0
1978,0,0,0
1979,0,0,0
1980,0,0,0
1981,0,0,4
1982,0,0,13
1983,0,0,6
1984,0,0,7
1985,0,0,9
1986,0,0,27
1987,1,0,10
1988,0,0,1
1989,0,0,20
1990,0,0,1
1991,0,0,0
1992,0,0,5
1993,0,0,3
1994,0,0,2
1995,0,0,0
1996,0,0,0
1997,0,0,1
1998,0,0,2
1999,0,0,0
2000,0,0,1
2001,0,0,0
2002,0,0,14
2003,0,0,2
2004,0,0,3
2005,0,0,4
2006,0,0,19
2007,0,0,5
2008,0,0,3
2009,0,0,3
2010,0,0,7
2011,0,0,6
2012,0,0,1
2013,0,0,0
2014,0,0,14
2015,0,0,12
2016,0,0,2
2017,0,0,7
2018,0,0,0
2019,0,0,1
2020,0,0,0
2021,0,0,27
2022,0,0,11
2023,0,0,4
2024,0,0,14
2025,0,0,10
2026,0,0,11
2027,0,0,6
2028,0,0,0
2029,0,0,1
2030,0,0,6
2031,0,0,45
2032,0,0,5
2033,0,0,7
2034,0,0,7
2035,0,0,0
2036,0,0,0
2037,0,0,10
2038,0,0,6
2039,0,0,6
2040,0,0,3
2041,0,0,5
2042,0,0,0
2043,0,0,14
2044,0,0,2
2045,0,0,4
2046,0,0,1
2047,0,0,4
2048,0,0,2
2049,0,0,0
2050,0,0,24
2051,0,0,12
2052,0,0,3
2053,0,0,4
2054,0,0,4
2055,0,0,8
2056,0,0,0
2057,0,0,0
2058,0,0,1
2059,0,0,7
2060,0,0,2
2061,0,0,15
2062,0,0,2
2063,0,0,1
2064,0,0,1
2065,0,0,2
2066,0,0,0
2067,0,0,6
2068,0,0,0
2069,0,0,1
2070,0,0,1
2071,0,0,0
2072,0,0,10
2073,0,0,6
2074,0,0,5
2075,0,0,1
2076,0,0,1
2077,0,0,0
2078,0,0,13
2079,0,0,2
2080,0,0,16
2081,0,0,10
2082,0,0,8
2083,0,0,6
2084,0,0,4
2085,0,0,1
2086,0,0,2
2087,0,0,38
2088,0,0,1
2089,0,0,10
2090,0,0,4
2091,0,0,2
2092,0,0,1
2093,0,0,13
2094,0,0,16
2095,0,0,4
2096,0,0,18
2097,0,0,2
2098,0,0,2
2099,0,0,6
2100,0,0,0
2101,0,0,3
2102,0,0,0
2103,0,0,3
2104,0,0,35
2105,0,0,1
2106,0,0,0
2107,0,0,8
2108,0,0,2
2109,0,0,0
2110,0,0,0
2111,0,0,1
2112,0,0,2
2113,0,0,22
2114,0,0,0
2115,0,0,3
2116,0,0,30
2117,0,0,0
2118,0,0,3
2119,0,0,20
2120,0,0,0
2121,0,0,2
2122,0,0,0
2123,0,0,3
2124,0,0,2
2125,0,0,3
2126,0,0,13
2127,0,0,8
2128,0,0,0
2129,0,0,16
2130,0,0,2
2131,0,0,0
2132,0,0,3
2133,0,0,5
2134,0,0,1
2135,0,0,0
2136,0,0,28
2137,0,0,0
2138,0,0,0
2139,0,0,0
2140,0,0,8
2141,0,0,4
2142,0,0,0
2143,0,0,41
2144,0,0,2
2145,0,0,1
2146,0,0,0
2147,0,0,13
2148,0,0,10
2149,0,0,0
2150,0,0,0
2151,0,0,0
2152,0,0,3
2153,0,0,0
2154,0,0,3
2155,0,0,0
2156,0,0,2
2157,0,0,35
2158,0,0,24
2159,0,0,3
2160,0,0,3
2161,0,0,4
2162,0,0,7
2163,0,0,6
2164,0,0,3
2165,0,0,1
2166,0,0,5
2167,0,0,1
2168,0,0,5
2169,0,0,0
2170,0,0,3
2171,0,0,0
2172,0,0,1
2173,0,0,2
2174,0,0,1
2175,0,0,3
2176,0,0,16
2177,0,0,0
2178,0,0,5
2179,0,0,0
2180,0,0,10
2181,0,0,14
2182,0,0,3
2183,0,0,7
2184,0,0,0
2185,0,0,7
2186,0,0,1
2187,0,0,1
2188,0,0,0
2189,0,0,1
2190,0,0,0
2191,0,0,0
2192,0,0,3
2193,0,0,7
2194,0,0,9
2195,0,0,0
2196,0,0,5
2197,0,0,1
2198,0,0,0
2199,0,0,1
2200,0,0,1
2201,0,0,2
2202,0,0,1
2203,0,0,6
2204,0,0,4
2205,0,0,0
2206,0,0,2
2207,0,0,21
2208,0,0,0
2209,0,0,0
2210,0,0,25
2211,0,0,0
2212,0,0,1
2213,0,0,2
2214,0,0,15
2215,0,0,11
2216,0,0,4
2217,0,0,6
2218,1,0,38
2219,0,0,1
2220,0,0,1
2221,0,0,0
2222,0,0,1
2223,0,0,4
2224,0,0,10
2225,0,0,2
2226,0,0,5
2227,0,0,4
2228,3,0,17
2229,0,0,5
2230,0,0,8
2231,0,0,6
2232,0,0,2
2233,0,0,2
2234,0,0,22
2235,0,0,0
2236,0,0,2
2237,0,0,8
2238,0,0,22
2239,0,0,0
2240,0,0,7
2241,0,0,1
2242,0,0,16
2243,0,0,4
2244,0,0,0
2245,0,0,23
2246,0,0,21
2247,0,0,0
2248,0,0,6
2249,0,0,0
2250,0,0,11
2251,0,0,6
2252,0,0,9
2253,0,0,0
2254,0,0,0
2255,0,0,4
2256,0,0,0
2257,0,0,11
2258,0,0,0
2259,0,0,3
2260,0,0,13
2261,0,0,16
2262,0,0,6
2263,0,0,64
2264,0,0,5
2265,0,0,0
2266,0,0,1
2267,0,0,3
2268,0,0,9
2269,0,0,2
2270,0,0,6
2271,0,0,0
2272,0,0,5
2273,0,0,32
2274,0,0,12
2275,0,0,1
2276,0,0,13
2277,0,0,1
2278,0,0,10
2279,0,0,2
2280,0,0,3
2281,0,0,1
2282,0,0,2
2283,0,0,6
2284,0,0,37
2285,0,0,0
2286,0,0,1
2287,0,0,0
2288,0,0,28
2289,0,0,1
2290,0,0,3
2291,1,0,22
2292,0,0,0
2293,0,0,20
2294,0,0,3
2295,0,0,14
2296,0,0,7
2297,75,0,137
2298,0,0,0
2299,0,0,8
2300,0,0,34
2301,0,0,0
2302,0,0,0
2303,0,0,13
2304,0,0,11
2305,0,0,2
2306,0,0,2
2307,0,0,12
2308,0,0,1
2309,0,0,1
2310,0,0,14
2311,0,0,5
2312,0,0,4
2313,0,0,0
2314,0,0,8
2315,0,0,48
2316,0,0,1
2317,0,0,1
2318,0,0,0
2319,0,0,10
2320,0,0,0
2321,0,0,2
2322,0,0,9
2323,0,0,2
2324,0,0,0
2325,0,0,8
2326,2,0,18
2327,0,0,0
2328,0,0,8
2329,0,0,0
2330,0,0,1
2331,0,0,0
2332,0,0,5
2333,0,0,0
2334,0,0,2
2335,0,0,11
2336,0,0,5
2337,0,0,0
2338,0,0,13
2339,0,0,3
2340,0,0,1
2341,0,0,6
2342,0,0,0
2343,0,0,0
2344,0,0,4
2345,0,0,0
2346,0,0,5
2347,0,0,2
2348,0,0,2
2349,0,0,1
2350,0,0,2
2351,0,0,0
2352,0,0,15
2353,0,0,10
2354,0,0,13
2355,0,0,2
2356,0,0,2
2357,0,0,0
2358,0,0,1
2359,0,0,9
2360,0,0,9
2361,0,0,24
2362,0,0,3
2363,0,0,2
2364,0,0,26
2365,0,0,18
2366,0,0,52
2367,0,0,3
2368,0,0,26
2369,0,0,0
2370,0,0,12
2371,0,0,3
2372,0,0,0
2373,0,0,6
2374,0,0,3
2375,0,0,12
2376,0,0,0
2377,0,0,1
2378,0,0,1
2379,0,0,2
2380,0,0,22
2381,0,0,14
2382,0,0,0
2383,0,0,1
2384,0,0,15
2385,0,0,4
2386,0,0,7
2387,0,0,2
2388,0,0,1
2389,0,0,11
2390,1,0,27
2391,0,0,4
2392,0,0,3
2393,0,0,15
2394,0,0,0
2395,0,0,1
2396,0,0,18
2397,0,0,0
2398,0,0,12
2399,0,0,0
2400,0,0,7
2401,0,0,0
2402,0,0,3
2403,0,0,4
2404,0,0,0
2405,0,0,16
2406,0,0,0
2407,0,0,0
2408,0,0,2
2409,0,0,7
2410,0,0,5
2411,0,0,2
2412,0,0,0
2413,0,0,0
2414,0,0,3
2415,0,0,0
2416,0,0,45
2417,0,0,56
2418,0,0,1
2419,0,0,4
2420,0,0,0
2421,0,0,0
2422,0,0,1
2423,0,0,6
2424,0,0,17
2425,0,0,1
2426,0,0,8
2427,1,0,6
2428,0,0,1
2429,0,0,1
2430,0,0,0
2431,0,0,0
2432,0,0,0
2433,0,0,4
2434,0,0,7
2435,0,0,7
2436,0,0,3
2437,0,0,3
2438,0,0,2
2439,0,0,0
2440,0,0,12
2441,0,0,3
2442,0,0,0
2443,0,0,1
2444,0,0,2
2445,0,0,3
2446,0,0,11
2447,0,0,0
2448,0,0,10
2449,55,0,98
2450,0,0,0
2451,0,0,2
2452,0,0,1
2453,0,0,0
2454,0,0,0
2455,0,0,1
2456,0,0,0
2457,0,0,10
2458,0,0,0
2459,0,0,0
2460,0,0,13
2461,0,0,0
2462,0,0,3
2463,0,0,4
2464,0,0,3
2465,0,0,4
2466,0,0,2
2467,0,0,2
2468,0,0,1
2469,0,0,0
2470,0,0,0
2471,0,0,2
2472,0,0,13
2473,0,0,8
2474,0,0,22
2475,0,0,0
2476,0,0,2
2477,0,0,1
2478,0,0,4
2479,0,0,13
2480,0,0,0
2481,0,0,9
2482,0,0,2
2483,0,0,5
2484,0,0,6
2485,0,0,5
2486,0,0,0
2487,0,0,0
2488,0,0,0
2489,0,0,2
2490,0,0,3
2491,0,0,1
2492,0,0,0
2493,0,0,16
2494,0,0,13
2495,0,0,1
2496,0,0,24
2497,0,0,6
2498,0,0,0
2499,0,0,1
2500,0,0,19
2501,0,0,16
2502,0,0,1
2503,0,0,2
2504,0,0,0
2505,0,0,5
2506,0,0,11
2507,0,0,4
2508,0,0,0
2509,0,0,9
2510,0,0,5
2511,0,0,8
2512,0,0,0
2513,0,0,4
2514,0,0,3
2515,0,0,14
2516,0,0,1
2517,0,0,1
2518,0,0,3
2519,0,0,0
2520,0,0,0
2521,0,0,1
2522,0,0,4
2523,0,0,9
2524,0,0,0
2525,0,0,39
2526,0,0,5
2527,0,0,2
2528,0,0,6
2529,0,0,2
2530,0,0,1
2531,0,0,0
2532,0,0,9
2533,0,0,0
2534,0,0,5
2535,0,0,1
2536,0,0,2
2537,0,0,0
2538,0,0,6
2539,0,0,24
2540,0,0,2
2541,0,0,17
2542,0,0,5
2543,0,0,2
2544,0,0,7
2545,0,0,12
2546,0,0,8
2547,0,0,22
2548,0,0,6
2549,0,0,2
2550,0,0,10
2551,0,0,1
2552,0,0,11
2553,0,0,2
2554,0,0,17
2555,0,0,0
2556,0,0,3
2557,0,0,0
2558,0,0,1
2559,0,0,0
2560,0,0,13
2561,0,0,1
2562,0,0,2
2563,0,0,3
2564,0,0,6
2565,0,0,7
2566,0,0,1
2567,0,0,11
2568,0,0,4
2569,0,0,4
2570,0,0,1
2571,0,0,0
2572,0,0,7
2573,0,0,0
2574,0,0,9
2575,0,0,2
2576,0,0,2
2577,0,0,0
2578,0,0,47
2579,0,0,18
2580,0,0,3
2581,0,0,10
2582,0,0,3
2583,0,0,0
2584,0,0,0
2585,0,0,4
2586,0,0,0
2587,0,0,13
2588,0,0,0
2589,0,0,5
2590,0,0,5
2591,0,0,5
2592,0,0,3
2593,0,0,5
2594,0,0,0
2595,0,0,0
2596,0,0,2
2597,0,0,0
2598,0,0,20
2599,0,0,1
2600,0,0,5
2601,0,0,3
2602,0,0,0
2603,0,0,3
2604,0,0,3
2605,0,0,0
2606,0,0,0
2607,0,0,4
2608,0,0,9
2609,0,0,0
2610,0,0,0
2611,0,0,9
2612,0,0,0
2613,0,0,3
2614,0,0,1
2615,0,0,1
2616,0,0,17
2617,0,0,4
2618,0,0,0
2619,0,0,7
2620,3,0,29
2621,0,0,11
2622,0,0,1
2623,0,0,0
2624,0,0,11
2625,0,0,2
2626,0,0,4
2627,0,0,9
2628,0,0,1
2629,0,0,9
2630,0,0,7
2631,0,0,3
2632,0,0,2
2633,0,0,2
2634,0,0,4
2635,0,0,0
2636,0,0,15
2637,0,0,28
2638,0,0,0
2639,0,0,5
2640,0,0,7
2641,0,0,2
2642,0,0,0
2643,0,0,23
2644,0,0,9
2645,0,0,8
2646,0,0,1
2647,0,0,0
2648,0,0,2
2649,0,0,0
2650,0,0,6
2651,0,0,15
2652,0,0,7
2653,0,0,3
2654,0,0,2
2655,0,0,0
2656,0,0,0
2657,0,0,1
2658,0,0,21
2659,0,0,0
2660,0,0,5
2661,0,0,10
2662,0,0,5
2663,0,0,3
2664,0,0,6
2665,0,0,0
2666,0,0,1
2667,0,0,30
2668,0,0,1
2669,0,0,3
2670,0,0,5
2671,0,0,6
2672,0,0,2
2673,0,0,2
2674,0,0,0
2675,0,0,9
2676,0,0,2
2677,0,0,1
2678,0,0,15
2679,0,0,0
2680,0,0,10
2681,0,0,10
2682,0,0,2
2683,0,0,5
2684,0,0,1
2685,0,0,1
2686,0,0,0
2687,0,0,1
2688,0,0,0
2689,0,0,5
2690,0,0,0
2691,0,0,7
2692,0,0,10
2693,0,0,0
2694,0,0,4
2695,0,0,2
2696,0,0,0
2697,0,0,13
2698,0,0,0
2699,0,0,9
2700,0,0,8
2701,0,0,3
2702,0,0,1
2703,0,0,3
2704,0,0,0
2705,0,0,1
2706,0,0,15
2707,0,0,0
2708,0,0,3
2709,0,0,2
2710,0,0,1
2711,0,0,4
2712,0,0,12
2713,0,0,0
2714,0,0,0
2715,0,0,21
2716,0,0,2
2717,0,0,1
2718,0,0,1
2719,0,0,0
2720,0,0,4
2721,0,0,32
2722,0,0,0
2723,0,0,1
2724,0,0,1
2725,0,0,12
2726,0,0,13
2727,0,0,0
2728,0,0,0
2729,0,0,3
2730,0,0,0
2731,0,0,9
2732,0,0,3
2733,0,0,1
2734,0,0,5
2735,0,0,1
2736,0,0,0
2737,0,0,10
2738,0,0,11
2739,0,0,2
2740,0,0,4
2741,0,0,6
2742,0,0,8
2743,0,0,1
2744,0,0,10
2745,0,0,6
2746,0,0,0
2747,0,0,12
2748,0,0,10
2749,0,0,0
2750,0,0,4
2751,0,0,1
2752,0,0,2
2753,0,0,1
2754,0,0,1
2755,0,0,0
2756,0,0,0
2757,0,0,2
2758,0,0,0
2759,0,0,5
2760,0,0,4
2761,0,0,0
2762,0,0,0
2763,0,0,7
2764,0,0,0
2765,0,0,2
2766,0,0,4
2767,0,0,1
2768,0,0,4
2769,0,0,35
2770,0,0,0
2771,0,0,2
2772,0,0,1
2773,0,0,0
2774,0,0,5
2775,1,0,7
2776,0,0,0
2777,0,0,0
2778,0,0,3
2779,0,0,0
2780,0,0,6
2781,0,0,0
2782,0,0,17
2783,0,0,5
2784,0,0,0
2785,0,0,0
2786,0,0,21
2787,0,0,0
2788,0,0,2
2789,0,0,0
2790,0,0,12
2791,0,0,5
2792,0,0,5
2793,0,0,5
2794,0,0,3
2795,0,0,0
2796,0,0,0
2797,0,0,21
2798,0,0,1
2799,0,0,14
2800,0,0,5
2801,2,0,19
2802,1,0,4
2803,0,0,1
2804,0,0,21
2805,0,0,0
2806,0,0,6
2807,0,0,1
2808,0,0,16
2809,0,0,15
2810,0,0,8
2811,0,0,0
2812,0,0,4
2813,0,0,0
2814,0,0,28
2815,0,0,1
2816,0,0,1
2817,0,0,5
2818,0,0,9
2819,0,0,7
2820,0,0,4
2821,0,0,3
2822,0,0,11
2823,0,0,7
2824,0,0,0
2825,0,0,14
2826,0,0,2
2827,0,0,3
2828,0,0,31
2829,0,0,2
2830,0,0,0
2831,0,0,0
2832,0,0,6
2833,0,0,6
2834,0,0,0
2835,0,0,3
2836,0,0,0
2837,0,0,2
2838,0,0,0
2839,0,0,1
2840,0,0,0
2841,0,0,7
2842,0,0,12
2843,0,0,0
2844,0,0,2
2845,0,0,9
2846,0,0,1
2847,0,0,0
2848,0,0,0
2849,0,0,1
2850,0,0,0
2851,0,0,8
2852,0,0,16
2853,0,0,16
2854,0,0,1
2855,0,0,2
2856,0,0,22
2857,0,0,6
2858,0,0,8
2859,0,0,33
2860,0,0,0
2861,0,0,1
2862,0,0,14
2863,0,0,4
2864,0,0,2
2865,0,0,7
2866,0,0,3
2867,0,0,0
2868,0,0,5
2869,0,0,0
2870,0,0,6
2871,0,0,0
2872,0,0,1
2873,0,0,0
2874,0,0,9
2875,0,0,0
2876,0,0,10
2877,0,0,4
2878,0,0,1
2879,0,0,1
2880,0,0,2
2881,0,0,14
2882,0,0,9
2883,0,0,3
2884,0,0,1
2885,0,0,1
2886,0,0,1
2887,0,0,0
2888,0,0,12
2889,0,0,5
2890,0,0,4
2891,0,0,17
2892,0,0,1
2893,0,0,12
2894,0,0,1
2895,0,0,3
2896,0,0,30
2897,0,0,3
2898,0,0,2
2899,0,0,0
2900,0,0,4
2901,0,0,0
2902,0,0,0
2903,0,0,10
2904,0,0,19
2905,0,0,0
2906,0,0,8
2907,0,0,0
2908,0,0,3
2909,0,0,10
2910,0,0,1
2911,0,0,0
2912,0,0,1
2913,0,0,4
2914,0,0,2
2915,0,0,4
2916,0,0,2
2917,0,0,1
2918,5,0,14
2919,0,0,4
2920,0,0,2
2921,0,0,1
2922,0,0,19
2923,0,0,0
2924,0,0,0
2925,0,0,4
2926,0,0,0
2927,0,0,2
2928,0,0,25
2929,0,0,0
2930,0,0,15
2931,0,0,0
2932,0,0,0
2933,0,0,2
2934,0,0,0
2935,0,0,0
2936,0,0,10
2937,0,0,0
2938,0,0,28
2939,0,0,38
2940,0,0,21
2941,0,0,7
2942,0,0,2
2943,0,0,4
2944,0,0,0
2945,0,0,4
2946,0,0,1
2947,0,0,2
2948,0,0,20
2949,0,0,7
2950,0,0,1
2951,0,0,0
2952,0,0,10
2953,0,0,5
2954,0,0,0
2955,0,0,2
2956,0,0,0
2957,0,0,1
2958,0,0,1
2959,0,0,18
2960,0,0,3
2961,0,0,7
2962,0,0,20
2963,0,0,7
2964,0,0,4
2965,0,0,0
2966,0,0,0
2967,0,0,0
2968,0,0,5
2969,0,0,32
2970,0,0,3
2971,0,0,12
2972,0,0,4
2973,0,0,1
2974,0,0,5
2975,0,0,2
2976,0,0,8
2977,0,0,22
2978,0,0,0
2979,0,0,0
2980,0,0,10
2981,0,0,2
2982,0,0,37
2983,0,0,0
2984,0,0,6
2985,0,0,8
2986,0,0,1
2987,0,0,0
2988,0,0,14
2989,0,0,6
2990,0,0,5
2991,0,0,2
2992,0,0,2
2993,0,0,4
2994,0,0,1
2995,0,0,1
2996,0,0,3
2997,0,0,10
2998,0,0,4
2999,0,0,3
3000,0,0,13
3001,0,0,0
3002,0,0,0
3003,0,0,9
3004,0,0,0
3005,0,0,21
3006,0,0,1
3007,0,0,32
3008,4,0,42
3009,0,0,9
3010,0,0,10
3011,0,0,0
3012,0,0,9
3013,0,0,0
3014,0,0,5
3015,0,0,10
3016,0,0,0
3017,0,0,0
3018,0,0,12
3019,0,0,2
3020,0,0,25
3021,0,0,37
3022,1,0,26
3023,0,0,0
3024,48,3,68
3025,0,0,0
3026,0,0,1
3027,0,0,4
3028,0,0,0
3029,0,0,25
3030,0,0,0
3031,0,0,0
3032,0,0,28
3033,0,0,0
3034,0,0,3
3035,0,0,11
3036,0,0,9
3037,0,0,1
3038,0,0,6
3039,0,0,6
3040,0,0,14
3041,0,0,18
3042,0,0,0
3043,0,0,13
3044,0,0,1
3045,0,0,39
3046,0,0,15
3047,0,0,15
3048,0,0,1
3049,0,0,0
3050,0,0,0
3051,0,0,5
3052,0,0,12
3053,0,0,0
3054,0,0,10
3055,0,0,21
3056,0,0,10
3057,0,0,1
3058,0,0,1
3059,0,0,0
3060,0,0,0
3061,0,0,1
3062,0,0,0
3063,0,0,9
3064,0,0,15
3065,0,0,18
3066,0,0,4
3067,0,0,4
3068,0,0,17
3069,0,0,2
3070,0,0,0
3071,0,0,1
3072,0,0,4
3073,0,0,0
3074,0,0,1
3075,0,0,4
3076,0,0,2
3077,0,0,2
3078,0,0,13
3079,0,0,3
3080,0,0,0
3081,0,0,0
3082,8,0,39
3083,0,0,4
3084,0,0,22
3085,0,0,11
3086,0,0,11
3087,0,0,0
3088,0,0,5
3089,0,0,10
3090,0,0,0
3091,0,0,4
3092,0,0,0
3093,0,0,0
3094,0,0,2
3095,0,0,2
3096,0,0,2
3097,0,0,1
3098,0,0,25
3099,0,0,2
3100,0,0,0
3101,0,0,11
3102,0,0,12
3103,0,0,16
3104,0,0,5
3105,0,0,0
3106,0,0,5
3107,0,0,0
3108,0,0,1
3109,0,0,42
3110,0,0,0
3111,0,0,2
3112,0,0,4
3113,0,0,3
3114,0,0,1
3115,0,0,6
3116,0,0,32
3117,0,0,0
3118,0,0,7
3119,0,0,6
3120,0,0,10
3121,0,0,2
3122,0,0,3
3123,0,0,6
3124,0,0,16
3125,0,0,0
3126,0,0,9
3127,0,0,0
3128,0,0,1
3129,0,0,0
3130,0,0,0
3131,0,0,3
3132,0,0,3
3133,0,0,13
3134,0,0,1
3135,0,0,11
3136,0,0,1
3137,0,0,4
3138,0,0,2
3139,0,0,14
3140,0,0,37
3141,0,0,8
3142,0,0,10
3143,0,0,3
3144,0,0,9
3145,0,0,0
3146,0,0,3
3147,0,0,6
3148,0,0,1
3149,0,0,5
3150,0,0,1
3151,0,0,2
3152,0,0,0
3153,0,0,9
3154,0,0,0
3155,0,0,11
3156,2,0,10
3157,0,0,0
3158,0,0,0
3159,0,0,0
3160,0,0,8
3161,0,0,5
3162,0,0,33
3163,0,0,3
3164,0,0,8
3165,0,0,0
3166,0,0,0
3167,0,0,0
3168,0,0,0
3169,0,0,3
3170,0,0,5
3171,0,0,1
3172,0,0,9
3173,0,0,1
3174,0,0,2
3175,0,0,25
3176,0,0,10
3177,0,0,31
3178,0,0,1
3179,0,0,5
3180,0,0,8
3181,0,0,2
3182,0,0,5
3183,0,0,1
3184,0,0,0
3185,0,0,1
3186,0,0,0
3187,0,0,2
3188,0,0,1
3189,0,0,1
3190,0,0,0
3191,0,0,4
3192,0,0,0
3193,0,0,11
3194,0,0,0
3195,0,0,11
3196,0,0,0
3197,0,0,4
3198,0,0,0
3199,0,0,10
3200,0,0,8
3201,0,0,0
3202,0,0,0
3203,0,0,2
3204,0,0,9
3205,0,0,5
3206,0,0,0
3207,0,0,4
3208,0,0,1
3209,0,0,8
3210,0,0,13
3211,0,0,6
3212,0,0,4
3213,0,0,7
3214,0,0,0
3215,0,0,7
3216,0,0,27
3217,0,0,4
3218,0,0,7
3219,0,0,19
3220,0,0,0
3221,1,0,14
3222,0,0,14
3223,0,0,5
3224,0,0,0
3225,0,0,4
3226,0,0,0
3227,0,0,8
3228,0,0,3
3229,0,0,6
3230,0,0,0
3231,0,0,16
3232,0,0,0
3233,0,0,0
3234,0,0,8
3235,0,0,2
3236,0,0,3
3237,0,0,21
3238,0,0,4
3239,0,0,0
3240,0,0,4
3241,0,0,10
3242,0,0,5
3243,0,0,3
3244,0,0,10
3245,0,0,23
3246,0,0,8
3247,0,0,8
3248,0,0,23
3249,0,0,1
3250,0,0,0
3251,0,0,8
3252,0,0,7
3253,0,0,18
3254,0,0,0
3255,0,0,5
3256,0,0,1
3257,0,0,5
3258,0,0,0
3259,0,0,6
3260,0,0,3
3261,0,0,0
3262,1,0,61
3263,0,0,0
3264,0,0,11
3265,0,0,0
3266,0,0,2
3267,0,0,7
3268,0,0,0
3269,0,0,0
3270,0,0,0
3271,0,0,14
3272,0,0,3
3273,0,0,0
3274,0,0,4
3275,0,0,4
3276,2,0,23
3277,0,0,21
3278,0,0,3
3279,0,0,0
3280,0,0,11
3281,0,0,6
3282,0,0,1
3283,0,0,0
3284,0,0,3
3285,0,0,3
3286,0,0,12
3287,0,0,4
3288,0,0,14
3289,0,0,0
3290,0,0,7
3291,0,0,10
3292,0,0,6
3293,0,0,0
3294,0,0,0
3295,0,0,1
3296,0,0,3
3297,0,0,6
3298,0,0,10
3299,0,0,10
3300,0,0,4
3301,0,0,26
3302,0,0,2
3303,0,0,2
3304,0,0,2
3305,0,0,1
3306,0,0,3
3307,0,0,3
3308,0,0,9
3309,0,0,3
3310,0,0,0
3311,0,0,6
3312,0,0,2
3313,0,0,4
3314,0,0,1
3315,0,0,12
3316,0,0,2
3317,0,0,5
3318,0,0,3
3319,0,0,0
3320,0,0,4
3321,0,0,2
3322,0,0,13
3323,0,0,3
3324,0,0,3
3325,0,0,0
3326,0,0,0
3327,0,0,0
3328,0,0,8
3329,0,0,7
3330,0,0,0
3331,0,0,2
3332,0,0,34
3333,0,0,1
3334,0,0,4
3335,0,0,2
3336,0,0,4
3337,0,0,10
3338,0,0,0
3339,0,0,0
3340,0,0,7
3341,0,0,0
3342,0,0,14
3343,0,0,8
3344,0,0,0
3345,0,0,8
3346,0,0,6
3347,0,0,0
3348,0,0,0
3349,0,0,28
3350,0,0,4
3351,0,0,7
3352,0,0,7
3353,0,0,0
3354,0,0,4
3355,0,0,13
3356,0,0,6
3357,0,0,6
3358,0,0,1
3359,0,0,12
3360,0,0,12
3361,0,0,0
3362,0,0,46
3363,0,0,4
3364,0,0,0
3365,0,0,2
3366,0,0,5
3367,0,0,3
3368,0,0,6
3369,0,0,8
3370,0,0,14
3371,0,0,4
3372,0,0,16
3373,0,0,0
3374,0,0,0
3375,0,0,0
3376,0,0,2
3377,0,0,0
3378,0,0,4
3379,0,0,40
3380,0,0,0
3381,0,0,0
3382,0,0,5
3383,0,0,3
3384,0,0,3
3385,0,0,2
3386,0,0,8
3387,0,0,1
3388,0,0,7
3389,0,0,0
3390,0,0,0
3391,0,0,1
3392,0,0,32
3393,0,0,3
3394,0,0,0
3395,0,0,2
3396,0,0,0
3397,0,0,0
3398,0,0,1
3399,0,0,7
3400,0,0,4
3401,0,0,2
3402,0,0,4
3403,0,0,5
3404,3,0,16
3405,0,0,3
3406,0,0,3
3407,0,0,1
3408,0,0,0
3409,0,0,17
3410,0,0,0
3411,0,0,0
3412,0,0,2
3413,0,0,1
3414,0,0,5
3415,0,0,1
3416,0,0,0
3417,1,0,44
3418,0,0,6
3419,0,0,1
3420,0,0,4
3421,0,0,2
3422,0,0,0
3423,0,0,12
3424,0,0,2
3425,0,0,2
3426,0,0,0
3427,0,0,0
3428,0,0,5
3429,0,0,11
3430,0,0,9
3431,0,0,14
3432,0,0,1
3433,0,0,9
3434,0,0,2
3435,0,0,13
3436,0,0,3
3437,0,0,30
3438,0,0,1
3439,0,0,1
3440,0,0,1
3441,0,0,1
3442,0,0,7
3443,0,0,1
3444,0,0,16
3445,0,0,19
3446,0,0,0
3447,0,0,2
3448,0,0,25
3449,0,0,14
3450,0,0,0
3451,0,0,8
3452,0,0,6
3453,0,0,0
3454,0,0,0
3455,0,0,0
3456,0,0,0
3457,0,0,6
3458,0,0,3
3459,0,0,2
3460,0,0,0
3461,0,0,0
3462,0,0,1
3463,0,0,1
3464,0,0,21
3465,0,0,2
3466,0,0,6
3467,0,0,0
3468,0,0,4
3469,0,0,0
3470,7,0,47
3471,0,0,12
3472,0,0,0
3473,0,0,6
3474,0,0,0
3475,0,0,0
3476,0,0,0
3477,0,0,1
3478,0,0,0
3479,0,0,9
3480,0,0,0
3481,0,0,2
3482,0,0,1
3483,0,0,0
3484,0,0,2
3485,0,0,1
3486,0,0,9
3487,0,0,18
3488,0,0,0
3489,0,0,19
3490,0,0,10
3491,0,0,12
3492,0,0,0
3493,0,0,1
3494,0,0,9
3495,0,0,2
3496,0,0,1
3497,0,0,5
3498,0,0,0
3499,0,0,2
3500,0,0,4
3501,0,0,3
3502,0,0,1
3503,0,0,30
3504,0,0,3
3505,0,0,0
3506,0,0,12
3507,0,0,0
3508,0,0,3
3509,0,0,5
3510,0,0,0
3511,0,0,5
3512,0,0,8
3513,0,0,4
3514,0,0,27
3515,0,0,15
3516,0,0,0
3517,0,0,20
3518,0,0,23
3519,0,0,2
3520,0,0,7
3521,0,0,11
3522,0,0,6
3523,0,0,8
3524,0,0,10
3525,0,0,4
3526,0,0,1
3527,0,0,11
3528,0,0,0
3529,0,0,3
3530,0,0,12
3531,0,0,7
3532,0,0,11
3533,0,0,0
3534,0,0,5
3535,0,0,5
3536,0,0,1
3537,0,0,1
3538,0,0,16
3539,0,0,4
3540,0,0,6
3541,0,0,0
3542,0,0,3
3543,0,0,6
3544,0,0,31
3545,0,0,7
3546,0,0,1
3547,0,0,0
3548,0,0,4
3549,0,0,1
3550,0,0,0
3551,0,0,0
3552,0,0,0
3553,0,0,2
3554,0,0,5
3555,0,0,0
3556,0,0,2
3557,0,0,1
3558,0,0,14
3559,0,0,3
3560,0,0,11
3561,0,0,2
3562,0,0,6
3563,0,0,8
3564,0,0,1
3565,0,0,50
3566,0,0,1
3567,0,0,11
3568,0,0,0
3569,0,0,35
3570,0,0,14
3571,0,0,1
3572,0,0,13
3573,0,0,0
3574,0,0,1
3575,0,0,8
3576,0,0,0
3577,0,0,3
3578,0,0,0
3579,0,0,9
3580,0,0,0
3581,0,0,0
3582,0,0,0
3583,0,0,7
3584,0,0,10
3585,0,0,4
3586,0,0,6
3587,0,0,1
3588,0,0,4
3589,0,0,1
3590,0,0,5
3591,0,0,10
3592,0,0,13
3593,0,0,19
3594,0,0,4
3595,0,0,1
3596,0,0,0
3597,0,0,11
3598,0,0,0
3599,0,0,3
3600,0,0,13
3601,0,0,2
3602,0,0,0
3603,0,0,5
3604,0,0,0
3605,0,0,12
3606,0,0,2
3607,0,0,3
3608,0,0,28
3609,0,0,3
3610,0,0,0
3611,0,0,7
3612,0,0,14
3613,0,0,8
3614,0,0,0
3615,0,0,5
3616,0,0,23
3617,0,0,0
3618,0,0,9
3619,0,0,3
3620,0,0,0
3621,0,0,3
3622,0,0,1
3623,0,0,5
3624,0,0,2
3625,0,0,2
3626,0,0,2
3627,0,0,11
3628,0,0,1
3629,0,0,0
3630,0,0,2
3631,0,0,1
3632,0,0,17
3633,0,0,13
3634,0,0,1
3635,0,0,2
3636,0,0,3
3637,0,0,3
3638,0,0,0
3639,0,0,22
3640,0,0,1
3641,0,0,2
3642,0,0,0
3643,0,0,2
3644,0,0,1
3645,0,0,9
3646,1,0,26
3647,0,0,2
3648,0,0,0
3649,0,0,6
3650,0,0,3
3651,0,0,0
3652,0,0,9
3653,0,0,2
3654,0,0,0
3655,0,0,7
3656,0,0,2
3657,0,0,29
3658,0,0,4
3659,0,0,4
3660,0,0,11
3661,0,0,13
3662,0,0,9
3663,0,0,30
3664,0,0,0
3665,0,0,13
3666,0,0,1
3667,0,0,4
3668,0,0,4
3669,0,0,2
3670,0,0,7
3671,0,0,1
3672,0,0,5
3673,0,0,0
3674,0,0,0
3675,0,0,2
3676,0,0,0
3677,0,0,0
3678,2,0,32
3679,0,0,0
3680,0,0,0
3681,0,0,15
3682,0,0,0
3683,0,0,16
3684,0,0,0
3685,0,0,1
3686,0,0,8
3687,0,0,1
3688,0,0,17
3689,0,0,1
3690,0,0,3
3691,0,0,0
3692,0,0,3
3693,0,0,0
3694,0,0,0
3695,0,0,3
3696,0,0,11
3697,0,0,0
3698,0,0,0
3699,0,0,1
3700,0,0,2
3701,0,0,0
3702,0,0,8
3703,0,0,6
3704,0,0,0
3705,0,0,5
3706,0,0,1
3707,0,0,0
3708,0,0,9
3709,0,0,2
3710,0,0,1
3711,0,0,1
3712,0,0,12
3713,0,0,13
3714,12,9,13
3715,0,0,5
3716,0,0,11
3717,0,0,5
3718,0,0,0
3719,0,0,3
3720,0,0,1
3721,0,0,4
3722,0,0,8
3723,0,0,29
3724,0,0,0
3725,0,0,2
3726,0,0,12
3727,0,0,1
3728,0,0,30
3729,0,0,1
3730,0,0,2
3731,0,0,1
3732,0,0,0
3733,0,0,0
3734,0,0,0
3735,0,0,1
3736,0,0,0
3737,0,0,0
3738,0,0,5
3739,0,0,0
3740,0,0,2
3741,0,0,3
3742,0,0,13
3743,0,0,3
3744,0,0,3
3745,0,0,2
3746,0,0,2
3747,0,0,1
3748,0,0,1
3749,0,0,1
3750,0,0,14
3751,0,0,0
3752,0,0,0
3753,0,0,4
3754,0,0,7
3755,0,0,3
3756,0,0,0
3757,0,0,5
3758,0,0,2
3759,0,0,8
3760,0,0,1
3761,0,0,1
3762,0,0,17
3763,0,0,7
3764,0,0,0
3765,0,0,0
3766,0,0,0
3767,0,0,1
3768,0,0,25
3769,0,0,0
3770,0,0,2
3771,0,0,5
3772,0,0,6
3773,0,0,0
3774,0,0,0
3775,0,0,5
3776,0,0,15
3777,0,0,17
3778,0,0,7
3779,0,0,2
3780,0,0,6
3781,0,0,1
3782,0,0,10
3783,0,0,21
3784,0,0,5
3785,0,0,3
3786,0,0,26
3787,0,0,0
3788,0,0,5
3789,0,0,1
3790,0,0,2
3791,0,0,0
3792,0,0,29
3793,0,0,4
3794,0,0,3
3795,1,0,8
3796,0,0,5
3797,0,0,5
3798,0,0,0
3799,0,0,0
3800,0,0,2
3801,0,0,10
3802,0,0,0
3803,0,0,1
3804,0,0,1
3805,0,0,0
3806,0,0,14
3807,0,0,0
3808,0,0,14
3809,0,0,0
3810,0,0,0
3811,0,0,2
3812,0,0,2
3813,0,0,3
3814,0,0,18
3815,0,0,4
3816,0,0,2
3817,0,0,1
3818,0,0,2
3819,0,0,2
3820,0,0,3
3821,0,0,2
3822,0,0,12
3823,0,0,1
3824,0,0,2
3825,0,0,11
3826,0,0,1
3827,0,0,0
3828,0,0,0
3829,0,0,0
3830,0,0,3
3831,0,0,10
3832,0,0,0
3833,0,0,8
3834,0,0,4
3835,0,0,4
3836,0,0,0
3837,0,0,2
3838,0,0,2
3839,0,0,1
3840,0,0,0
3841,0,0,9
3842,0,0,0
3843,0,0,0
3844,0,0,4
3845,0,0,0
3846,0,0,16
3847,0,0,4
3848,0,0,4
3849,0,0,10
3850,0,0,0
3851,0,0,1
3852,0,0,12
3853,1,0,47
3854,0,0,5
3855,0,0,7
3856,0,0,5
3857,0,0,13
3858,0,0,1
3859,0,0,5
3860,0,0,7
3861,0,0,4
3862,0,0,3
3863,0,0,4
3864,0,0,5
3865,0,0,0
3866,0,0,0
3867,0,0,0
3868,0,0,26
3869,0,0,24
3870,0,0,0
3871,0,0,0
3872,0,0,3
3873,0,0,0
3874,0,0,1
3875,0,0,3
3876,0,0,2
3877,0,0,4
3878,0,0,1
3879,0,0,0
3880,0,0,6
3881,0,0,0
3882,0,0,0
3883,0,0,3
3884,0,0,1
3885,0,0,4
3886,0,0,16
3887,0,0,1
3888,0,0,0
3889,0,0,1
3890,0,0,2
3891,0,0,3
3892,0,0,6
3893,0,0,8
3894,0,0,0
3895,0,0,0
3896,0,0,1
3897,0,0,1
3898,0,0,11
3899,0,0,0
3900,0,0,12
3901,0,0,5
3902,0,0,0
3903,0,0,0
3904,0,0,8
3905,0,0,3
3906,0,0,0
3907,0,0,16
3908,0,0,8
3909,0,0,0
3910,0,0,10
3911,0,0,4
3912,0,0,6
3913,0,0,8
3914,0,0,2
3915,0,0,4
3916,0,0,0
3917,0,0,0
3918,0,0,4
3919,0,0,4
3920,0,0,5
3921,0,0,2
3922,0,0,9
3923,0,0,2
3924,0,0,4
3925,0,0,2
3926,0,0,16
3927,0,0,9
3928,0,0,5
3929,0,0,0
3930,0,0,4
3931,16,3,23
3932,0,0,0
3933,0,0,1
3934,0,0,40
3935,0,0,0
3936,0,0,2
3937,0,0,5
3938,0,0,8
3939,0,0,4
3940,0,0,6
3941,0,0,3
3942,0,0,0
3943,0,0,0
3944,0,0,22
3945,0,0,6
3946,0,0,4
3947,0,0,1
3948,0,0,16
3949,0,0,6
3950,0,0,14
3951,0,0,0
3952,0,0,27
3953,0,0,3
3954,0,0,0
3955,0,0,7
3956,0,0,1
3957,0,0,1
3958,0,0,0
3959,0,0,0
3960,0,0,8
3961,0,0,0
3962,0,0,0
3963,0,0,10
3964,0,0,0
3965,0,0,14
3966,0,0,2
3967,0,0,11
3968,0,0,18
3969,0,0,3
3970,0,0,11
3971,0,0,3
3972,0,0,0
3973,0,0,11
3974,0,0,0
3975,0,0,1
3976,0,0,0
3977,0,0,7
3978,0,0,15
3979,0,0,15
3980,0,0,3
3981,0,0,12
3982,0,0,20
3983,0,0,0
3984,0,0,2
3985,0,0,0
3986,0,0,5
3987,0,0,2
3988,0,0,45
3989,0,0,2
3990,0,0,1
3991,0,0,7
3992,0,0,11
3993,0,0,0
3994,0,0,1
3995,0,0,6
3996,0,0,2
3997,0,0,3
3998,0,0,12
3999,0,0,9
4000,0,0,4
4001,0,0,0
4002,0,0,14
4003,0,0,1
4004,0,0,0
4005,0,0,10
4006,0,0,2
4007,0,0,1
4008,0,0,3
4009,0,0,13
4010,0,0,11
4011,0,0,2
4012,0,0,17
4013,0,0,9
4014,0,0,2
4015,0,0,0
4016,0,0,0
4017,0,0,3
4018,0,0,35
4019,0,0,0
4020,0,0,0
4021,0,0,10
4022,0,0,1
4023,0,0,6
4024,0,0,0
4025,0,0,0
4026,0,0,10
4027,0,0,7
4028,0,0,0
4029,0,0,3
4030,0,0,11
4031,0,0,5
4032,0,0,3
4033,0,0,6
4034,0,0,3
4035,0,0,7
4036,0,0,27
4037,0,0,1
4038,0,0,23
4039,0,0,4
4040,0,0,2
4041,0,0,0
4042,0,0,1
4043,0,0,5
4044,0,0,16
4045,0,0,0
4046,0,0,1
4047,0,0,2
4048,0,0,1
4049,0,0,1
4050,0,0,0
4051,0,0,1
4052,0,0,7
4053,0,0,3
4054,0,0,0
4055,0,0,0
4056,0,0,2
4057,1,0,23
4058,0,0,8
4059,0,0,2
4060,0,0,0
4061,0,0,0
4062,0,0,5
4063,0,0,1
4064,0,0,0
4065,0,0,3
4066,0,0,1
4067,0,0,0
4068,0,0,4
4069,0,0,8
4070,0,0,1
4071,0,0,1
4072,0,0,1
4073,0,0,1
4074,0,0,11
4075,0,0,14
4076,0,0,0
4077,0,0,0
4078,0,0,19
4079,0,0,9
4080,0,0,8
4081,0,0,0
4082,0,0,3
4083,0,0,0
4084,0,0,10
4085,0,0,0
4086,0,0,0
4087,0,0,0
4088,0,0,1
4089,0,0,2
4090,0,0,10
4091,0,0,3
4092,0,0,3
4093,0,0,2
4094,0,0,7
4095,0,0,0
4096,0,0,21
4097,0,0,0
4098,0,0,0
4099,0,0,1
4100,0,0,8
4101,0,0,3
4102,0,0,5
4103,0,0,1
4104,0,0,8
4105,0,0,2
4106,0,0,1
4107,0,0,0
4108,0,0,3
4109,0,0,0
4110,0,0,59
4111,0,0,3
4112,0,0,0
4113,0,0,0
4114,0,0,6
4115,0,0,2
4116,0,0,9
4117,0,0,6
4118,0,0,8
4119,0,0,0
4120,0,0,0
4121,0,0,0
4122,0,0,1
4123,1,0,26
4124,0,0,1
4125,0,0,26
4126,0,0,2
4127,0,0,0
4128,0,0,11
4129,0,0,7
4130,0,0,0
4131,0,0,8
4132,0,0,10
4133,0,0,2
4134,1,0,10
4135,0,0,15
4136,0,0,1
4137,0,0,2
4138,0,0,2
4139,0,0,2
4140,0,0,0
4141,0,0,2
4142,0,0,0
4143,0,0,1
4144,0,0,2
4145,0,0,11
4146,0,0,5
4147,68,0,146
4148,0,0,5
4149,0,0,1
4150,0,0,5
4151,0,0,0
4152,0,0,0
4153,0,0,2
4154,0,0,0
4155,0,0,0
4156,0,0,1
4157,0,0,10
4158,0,0,1
4159,0,0,1
4160,0,0,1
4161,0,0,4
4162,0,0,38
4163,0,0,0
4164,0,0,6
4165,0,0,1
4166,0,0,5
4167,1,0,27
4168,0,0,0
4169,0,0,0
4170,0,0,12
4171,0,0,0
4172,0,0,0
4173,0,0,23
4174,0,0,6
4175,0,0,0
4176,0,0,7
4177,0,0,1
4178,0,0,1
4179,0,0,8
4180,0,0,0
4181,0,0,0
4182,0,0,1
4183,0,0,16
4184,0,0,6
4185,1,0,37
4186,0,0,1
4187,0,0,13
4188,0,0,43
4189,0,0,31
4190,0,0,3
4191,0,0,8
4192,0,0,7
4193,0,0,0
4194,0,0,1
4195,0,0,7
4196,0,0,5
4197,0,0,0
4198,0,0,16
4199,0,0,1
4200,0,0,0
4201,0,0,6
4202,0,0,0
4203,0,0,1
4204,0,0,3
4205,0,0,0
4206,0,0,5
4207,0,0,13
4208,0,0,10
4209,0,0,14
4210,0,0,2
4211,0,0,5
4212,0,0,0
4213,0,0,4
4214,0,0,1
4215,0,0,7
4216,0,0,10
4217,0,0,0
4218,0,0,7
4219,0,0,2
4220,0,0,5
4221,0,0,1
4222,0,0,1
4223,0,0,3
4224,0,0,9
4225,0,0,0
4226,0,0,0
4227,0,0,12
4228,0,0,3
4229,0,0,14
4230,0,0,0
4231,0,0,15
4232,0,0,7
4233,0,0,6
4234,0,0,9
4235,0,0,1
4236,0,0,4
4237,0,0,3
4238,0,0,0
4239,0,0,3
4240,0,0,16
4241,0,0,7
4242,0,0,3
4243,0,0,6
4244,0,0,30
4245,0,0,3
4246,0,0,0
4247,0,0,32
4248,0,0,6
4249,0,0,0
4250,0,0,0
4251,0,0,0
4252,0,0,3
4253,0,0,11
4254,0,0,11
4255,0,0,5
4256,0,0,1
4257,0,0,6
4258,0,0,1
4259,0,0,2
4260,0,0,8
4261,0,0,0
4262,0,0,2
4263,0,0,1
4264,0,0,2
4265,0,0,12
4266,0,0,1
4267,0,0,30
4268,0,0,1
4269,0,0,56
4270,0,0,2
4271,0,0,8
4272,0,0,1
4273,0,0,1
4274,0,0,6
4275,0,0,10
4276,0,0,5
4277,0,0,4
4278,0,0,0
4279,0,0,3
4280,0,0,11
4281,0,0,6
4282,0,0,0
4283,0,0,0
4284,0,0,0
4285,0,0,0
4286,0,0,3
4287,0,0,1
4288,0,0,0
4289,0,0,22
4290,0,0,15
4291,0,0,12
4292,0,0,5
4293,0,0,0
4294,0,0,8
4295,0,0,5
4296,0,0,1
4297,0,0,1
4298,0,0,0
4299,0,0,13
4300,0,0,19
4301,0,0,2
4302,0,0,1
4303,0,0,6
4304,0,0,0
4305,0,0,0
4306,0,0,0
4307,0,0,0
4308,0,0,4
4309,0,0,5
4310,0,0,0
4311,0,0,3
4312,0,0,11
4313,0,0,1
4314,0,0,15
4315,0,0,13
4316,0,0,11
4317,0,0,2
4318,0,0,1
4319,0,0,0
4320,0,0,4
4321,0,0,18
4322,0,0,4
4323,0,0,3
4324,0,0,5
4325,0,0,0
4326,0,0,0
4327,0,0,0
4328,0,0,8
4329,0,0,6
4330,0,0,7
4331,0,0,5
4332,0,0,6
4333,0,0,18
4334,0,0,3
4335,0,0,27
4336,0,0,1
4337,0,0,3
4338,0,0,1
4339,0,0,1
4340,0,0,3
4341,0,0,6
4342,0,0,3
4343,0,0,0
4344,0,0,1
4345,0,0,11
4346,0,0,3
4347,0,0,4
4348,0,0,2
4349,0,0,4
4350,0,0,4
4351,0,0,0
4352,0,0,2
4353,0,0,0
4354,0,0,2
4355,0,0,0
4356,0,0,0
4357,0,0,6
4358,0,0,4
4359,0,0,5
4360,0,0,7
4361,0,0,6
4362,0,0,2
4363,0,0,0
4364,0,0,2
4365,0,0,16
4366,0,0,1
4367,0,0,14
4368,0,0,2
4369,0,0,1
4370,0,0,3
4371,0,0,0
4372,0,0,8
4373,0,0,35
4374,0,0,7
4375,0,0,4
4376,0,0,2
4377,0,0,0
4378,0,0,15
4379,0,0,10
4380,0,0,0
4381,0,0,0
4382,0,0,21
4383,0,0,0
4384,0,0,3
4385,0,0,2
4386,0,0,2
4387,0,0,1
4388,0,0,0
4389,0,0,6
4390,0,0,2
4391,0,0,0
4392,0,0,0
4393,0,0,5
4394,0,0,0
4395,0,0,3
4396,0,0,6
4397,0,0,0
4398,0,0,17
4399,0,0,0
4400,0,0,4
4401,0,0,0
4402,0,0,19
4403,0,0,2
4404,0,0,11
4405,0,0,2
4406,0,0,10
4407,0,0,0
4408,0,0,22
4409,0,0,6
4410,0,0,1
4411,0,0,24
4412,0,0,9
4413,0,0,9
4414,0,0,1
4415,1,0,3
4416,0,0,6
4417,0,0,3
4418,0,0,2
4419,0,0,0
4420,0,0,0
4421,0,0,6
4422,0,0,0
4423,0,0,23
4424,0,0,4
4425,0,0,1
4426,0,0,0
4427,0,0,0
4428,0,0,4
4429,0,0,17
4430,0,0,12
4431,0,0,0
4432,0,0,17
4433,0,0,3
4434,0,0,1
4435,0,0,9
4436,0,0,9
4437,0,0,23
4438,0,0,0
4439,0,0,5
4440,0,0,0
4441,0,0,0
4442,0,0,4
4443,0,0,1
4444,0,0,4
4445,0,0,0
4446,0,0,9
4447,0,0,0
4448,0,0,9
4449,0,0,0
4450,0,0,11
4451,0,0,1
4452,0,0,12
4453,0,0,0
4454,0,0,0
4455,0,0,2
4456,0,0,7
4457,0,0,1
4458,0,0,1
4459,0,0,0
4460,0,0,0
4461,0,0,0
4462,0,0,2
4463,0,0,4
4464,0,0,19
4465,0,0,39
4466,0,0,12
4467,0,0,1
4468,0,0,6
4469,0,0,16
4470,0,0,5
4471,0,0,14
4472,0,0,12
4473,0,0,5
4474,0,0,5
4475,0,0,0
4476,0,0,12
4477,0,0,0
4478,0,0,16
4479,0,0,1
4480,0,0,3
4481,0,0,9
4482,0,0,4
4483,0,0,4
4484,0,0,1
4485,0,0,15
4486,0,0,12
4487,0,0,0
4488,0,0,1
4489,0,0,25
4490,0,0,9
4491,0,0,1
4492,0,0,2
4493,0,0,26
4494,0,0,19
4495,0,0,7
4496,0,0,1
4497,0,0,11
4498,0,0,3
4499,0,0,0
4500,0,0,24
4501,0,0,29
4502,0,0,5
4503,0,0,8
4504,0,0,7
4505,0,0,17
4506,0,0,0
4507,0,0,3
4508,0,0,0
4509,0,0,0
4510,0,0,0
4511,0,0,16
4512,0,0,1
4513,0,0,2
4514,0,0,9
4515,0,0,15
4516,0,0,2
4517,0,0,0
4518,0,0,2
4519,0,0,2
4520,0,0,0
4521,23,0,63
4522,0,0,6
4523,0,0,0
4524,0,0,0
4525,0,0,2
4526,0,0,5
4527,0,0,61
4528,0,0,0
4529,0,0,17
4530,0,0,3
4531,0,0,18
4532,0,0,1
4533,0,0,0
4534,0,0,20
4535,0,0,5
4536,0,0,0
4537,0,0,25
4538,0,0,17
4539,0,0,2
4540,0,0,0
4541,0,0,4
4542,0,0,8
4543,0,0,20
4544,0,0,3
4545,0,0,9
4546,0,0,2
4547,0,0,3
4548,0,0,0
4549,0,0,3
4550,0,0,0
4551,0,0,7
4552,0,0,0
4553,47,0,72
4554,0,0,2
4555,0,0,2
4556,0,0,8
4557,0,0,0
4558,0,0,0
4559,0,0,1
4560,0,0,0
4561,0,0,5
4562,0,0,0
4563,0,0,5
4564,0,0,0
4565,0,0,5
4566,0,0,5
4567,0,0,1
4568,0,0,1
4569,0,0,0
4570,1,0,10
4571,0,0,27
4572,0,0,7
4573,0,0,14
4574,0,0,40
4575,0,0,26
4576,0,0,25
4577,0,0,0
4578,0,0,1
4579,0,0,5
4580,0,0,1
4581,0,0,0
4582,0,0,5
4583,0,0,0
4584,0,0,0
4585,0,0,10
4586,0,0,1
4587,0,0,0
4588,0,0,5
4589,0,0,25
4590,0,0,3
4591,0,0,1
4592,0,0,4
4593,0,0,0
4594,0,0,4
4595,0,0,0
4596,0,0,1
4597,0,0,6
4598,0,0,1
4599,0,0,26
4600,0,0,4
4601,0,0,7
4602,0,0,5
4603,0,0,0
4604,0,0,7
4605,0,0,0
4606,0,0,21
4607,0,0,32
4608,0,0,0
4609,0,0,0
4610,0,0,8
4611,0,0,0
4612,0,0,2
4613,0,0,2
4614,0,0,33
4615,0,0,0
4616,0,0,1
4617,0,0,20
4618,0,0,11
4619,0,0,1
4620,0,0,3
4621,0,0,5
4622,0,0,9
4623,0,0,0
4624,0,0,1
4625,0,0,6
4626,0,0,3
4627,0,0,3
4628,0,0,0
4629,0,0,0
4630,0,0,8
4631,0,0,1
4632,0,0,21
4633,0,0,0
4634,0,0,0
4635,0,0,7
4636,0,0,3
4637,0,0,0
4638,0,0,0
4639,0,0,6
4640,0,0,0
4641,0,0,0
4642,0,0,2
4643,0,0,4
4644,0,0,5
4645,0,0,4
4646,0,0,9
4647,0,0,0
4648,0,0,5
4649,0,0,12
4650,0,0,0
4651,0,0,3
4652,0,0,14
4653,0,0,3
4654,0,0,0
4655,0,0,16
4656,0,0,43
4657,0,0,31
4658,0,0,9
4659,0,0,0
4660,0,0,14
4661,0,0,0
4662,0,0,2
4663,0,0,8
4664,0,0,0
4665,0,0,7
4666,0,0,37
4667,0,0,33
4668,0,0,18
4669,0,0,14
4670,0,0,0
4671,0,0,3
4672,0,0,5
4673,0,0,5
4674,0,0,2
4675,0,0,4
4676,0,0,0
4677,0,0,8
4678,0,0,0
4679,0,0,0
4680,0,0,2
4681,0,0,10
4682,0,0,1
4683,0,0,3
4684,0,0,0
4685,0,0,9
4686,0,0,18
4687,0,0,0
4688,0,0,0
4689,0,0,13
4690,0,0,7
4691,0,0,2
4692,0,0,18
4693,0,0,0
4694,0,0,11
4695,0,0,0
4696,0,0,2
4697,0,0,17
4698,0,0,0
4699,0,0,1
4700,0,0,1
4701,0,0,7
4702,0,0,3
4703,0,0,4
4704,0,0,6
4705,0,0,33
4706,0,0,6
4707,0,0,3
4708,0,0,3
4709,0,0,10
4710,0,0,0
4711,0,0,0
4712,0,0,0
4713,0,0,9
4714,0,0,25
4715,0,0,41
4716,0,0,6
4717,0,0,2
4718,0,0,0
4719,0,0,2
4720,0,0,19
4721,0,0,5
4722,0,0,2
4723,0,0,1
4724,0,0,5
4725,0,0,10
4726,0,0,29
4727,0,0,4
4728,0,0,0
4729,0,0,16
4730,0,0,2
4731,0,0,2
4732,0,0,2
4733,0,0,14
4734,0,0,4
4735,0,0,8
4736,0,0,1
4737,0,0,2
4738,0,0,6
4739,0,0,3
4740,0,0,0
4741,0,0,0
4742,0,0,2
4743,0,0,2
4744,0,0,21
4745,0,0,1
4746,0,0,0
4747,0,0,0
4748,0,0,11
4749,0,0,3
4750,0,0,0
4751,0,0,0
4752,0,0,2
4753,0,0,3
4754,0,0,8
4755,0,0,2
4756,0,0,0
4757,0,0,4
4758,0,0,0
4759,0,0,9
4760,0,0,2
4761,0,0,0
4762,0,0,9
4763,0,0,5
4764,0,0,2
4765,0,0,1
4766,0,0,6
4767,0,0,9
4768,0,0,1
4769,0,0,4
4770,0,0,16
4771,0,0,2
4772,0,0,0
4773,0,0,16
4774,0,0,5
4775,0,0,20
4776,0,0,4
4777,0,0,0
4778,0,0,1
4779,0,0,5
4780,0,0,15
4781,0,0,0
4782,0,0,12
4783,0,0,9
4784,0,0,7
4785,0,0,0
4786,0,0,13
4787,0,0,11
4788,0,0,3
4789,0,0,0
4790,0,0,0
4791,0,0,0
4792,0,0,4
4793,0,0,30
4794,0,0,0
4795,0,0,2
4796,0,0,2
4797,0,0,3
4798,0,0,12
4799,0,0,0
4800,0,0,0
4801,0,0,6
4802,0,0,1
4803,0,0,0
4804,0,0,5
4805,0,0,3
4806,0,0,0
4807,0,0,1
4808,0,0,5
4809,0,0,0
4810,0,0,0
4811,0,0,0
4812,0,0,0
4813,0,0,1
4814,0,0,1
4815,0,0,0
4816,0,0,3
4817,0,0,0
4818,0,0,3
4819,0,0,0
4820,0,0,0
4821,0,0,0
4822,0,0,1
4823,0,0,11
4824,0,0,7
4825,0,0,1
4826,0,0,17
4827,0,0,7
4828,0,0,0
4829,0,0,12
4830,0,0,2
4831,0,0,22
4832,0,0,3
4833,0,0,1
4834,0,0,1
4835,0,0,2
4836,0,0,15
4837,0,0,2
4838,0,0,21
4839,0,0,0
4840,0,0,4
4841,0,0,29
4842,0,0,0
4843,0,0,20
4844,0,0,1
4845,0,0,3
4846,0,0,0
4847,0,0,2
4848,0,0,2
4849,0,0,4
4850,0,0,0
4851,0,0,0
4852,0,0,0
4853,0,0,3
4854,0,0,6
4855,0,0,0
4856,0,0,0
4857,0,0,13
4858,0,0,2
4859,0,0,3
4860,0,0,12
4861,0,0,8
4862,0,0,1
4863,0,0,4
4864,0,0,1
4865,0,0,2
4866,0,0,11
4867,0,0,12
4868,0,0,0
4869,0,0,4
4870,0,0,13
4871,0,0,23
4872,0,0,12
4873,0,0,4
4874,0,0,21
4875,0,0,7
4876,0,0,2
4877,0,0,1
4878,0,0,6
4879,0,0,2
4880,0,0,3
4881,0,0,0
4882,0,0,5
4883,0,0,0
4884,0,0,0
4885,0,0,1
4886,0,0,2
4887,0,0,1
4888,0,0,15
4889,0,0,0
4890,0,0,6
4891,0,0,13
4892,0,0,3
4893,0,0,14
4894,0,0,15
4895,0,0,0
4896,0,0,0
4897,0,0,0
4898,0,0,9
4899,0,0,2
4900,0,0,17
4901,0,0,0
4902,0,0,31
4903,0,0,3
4904,0,0,18
4905,0,0,0
4906,0,0,0
4907,0,0,1
4908,0,0,2
4909,0,0,3
4910,0,0,7
4911,0,0,25
4912,0,0,0
4913,0,0,0
4914,0,0,15
4915,0,0,21
4916,0,0,1
4917,0,0,2
4918,0,0,10
4919,0,0,0
4920,0,0,3
4921,0,0,3
4922,0,0,3
4923,2,0,40
4924,7,0,35
4925,0,0,7
4926,0,0,6
4927,0,0,4
