i,j,sym_i,sym_j,is_trrust,trrust_sign,is_string
166,269,ID1,ATF3,1,-1,0
172,269,LDLR,ATF3,1,-1,0
122,207,BCL6,IRF4,1,-1,0
122,345,BCL6,LITAF,1,-1,0
107,122,NFKB1,BCL6,1,-1,0
122,299,BCL6,STAT3,1,1,0
107,230,NFKB1,BTF3,1,-1,0
128,314,GNLY,CEBPB,1,0,0
207,314,IRF4,CEBPB,1,1,0
26,314,PRDM1,CEBPB,1,1,0
275,314,S100A9,CEBPB,1,1,0
186,314,SFTPD,CEBPB,1,1,0
314,361,CEBPB,TOP1,1,0,0
116,372,GAPDH,CEBPD,1,0,0
180,372,PPARG,CEBPD,1,1,0
15,294,CD44,CTNNB1,1,0,0
294,320,CTNNB1,JUN,1,1,0
14,294,VIM,CTNNB1,1,1,0
148,269,EGR1,ATF3,1,1,0
136,148,F3,EGR1,1,0,0
81,148,FLT1,EGR1,1,0,0
126,148,FN1,EGR1,1,1,0
76,148,HIF1A,EGR1,1,1,0
148,172,EGR1,LDLR,1,1,0
107,148,NFKB1,EGR1,1,-1,0
9,148,PLAUR,EGR1,1,1,0
148,180,EGR1,PPARG,1,0,0
148,349,EGR1,TCF4,1,1,0
148,278,EGR1,TGFBR2,1,0,0
148,150,EGR1,TNFSF10,1,-1,0
147,169,ELF1,CD68,1,1,0
147,324,ELF1,FCER1A,1,-1,0
147,243,ELF1,FLI1,1,1,0
73,277,TIMP3,ELF3,1,1,0
81,132,FLT1,EPAS1,1,1,0
193,253,ETS1,CD8A,1,1,0
105,193,COL1A1,ETS1,1,0,0
193,284,ETS1,CTSB,1,0,0
148,193,EGR1,ETS1,1,1,0
193,243,ETS1,FLI1,1,1,0
81,193,FLT1,ETS1,1,0,0
193,282,ETS1,HPGD,1,0,0
193,267,ETS1,SQSTM1,1,0,0
28,193,TBXAS1,ETS1,1,-1,0
193,278,ETS1,TGFBR2,1,1,0
113,193,VWF,ETS1,1,0,0
219,261,APP,ETS2,1,0,0
261,319,ETS2,CD163,1,0,0
148,261,EGR1,ETS2,1,0,0
243,261,FLI1,ETS2,1,1,0
65,261,ICAM1,ETS2,1,1,0
18,261,MSR1,ETS2,1,1,0
113,261,VWF,ETS2,1,0,0
130,243,ID2,FLI1,1,1,0
243,278,FLI1,TGFBR2,1,0,0
149,306,CLU,FOS,1,-1,0
68,306,EZR,FOS,1,1,0
57,306,GSTP1,FOS,1,0,0
107,306,NFKB1,FOS,1,-1,0
9,306,PLAUR,FOS,1,0,0
32,306,SPI1,FOS,1,-1,0
79,164,TIMP1,FOSB,1,-1,0
148,242,EGR1,FOXO1,1,-1,0
242,305,FOXO1,FABP4,1,1,0
167,242,KLF2,FOXO1,1,0,0
150,242,TNFSF10,FOXO1,1,1,0
242,381,FOXO1,TXNIP,1,-1,0
122,141,BCL6,FOXO3,1,1,0
141,150,FOXO3,TNFSF10,1,1,0
141,381,FOXO3,TXNIP,1,1,0
103,253,GATA3,CD8A,1,1,0
103,313,GATA3,CD8B,1,0,0
103,335,GATA3,MUC1,1,1,0
103,107,GATA3,NFKB1,1,1,0
103,237,GATA3,TCF7L2,1,0,0
103,235,GATA3,ZEB1,1,1,0
76,182,HIF1A,ALOX5AP,1,0,0
47,76,ENO1,HIF1A,1,1,0
76,116,HIF1A,GAPDH,1,0,0
76,335,HIF1A,MUC1,1,0,0
76,157,HIF1A,NR4A1,1,1,0
42,76,RORA,HIF1A,1,1,0
76,299,HIF1A,STAT3,1,1,0
45,76,TFRC,HIF1A,1,0,0
14,76,VIM,HIF1A,1,1,0
30,76,HIPK2,HIF1A,1,-1,0
30,54,HIPK2,MEF2C,1,-1,0
14,30,VIM,HIPK2,1,-1,0
306,312,FOS,HOPX,1,-1,0
65,279,ICAM1,IFI16,1,-1,0
169,207,CD68,IRF4,1,-1,0
169,216,CD68,IRF8,1,-1,0
219,320,APP,JUN,1,0,0
269,320,ATF3,JUN,1,1,0
194,320,CTSL,JUN,1,1,0
193,320,ETS1,JUN,1,1,0
261,320,ETS2,JUN,1,0,0
68,320,EZR,JUN,1,1,0
136,320,F3,JUN,1,0,0
57,320,GSTP1,JUN,1,0,0
178,320,LGALS3,JUN,1,1,0
115,320,MGP,JUN,1,0,0
18,320,MSR1,JUN,1,1,0
94,320,NAMPT,JUN,1,1,0
9,320,PLAUR,JUN,1,1,0
223,320,RHOB,JUN,1,1,0
117,320,SOD2,JUN,1,0,0
32,320,SPI1,JUN,1,1,0
205,320,TXN,JUN,1,0,0
149,310,CLU,JUNB,1,0,0
186,310,SFTPD,JUNB,1,0,0
122,174,BCL6,JUND,1,0,0
149,174,CLU,JUND,1,0,0
136,174,F3,JUND,1,0,0
9,174,PLAUR,JUND,1,0,0
174,186,JUND,SFTPD,1,0,0
79,174,TIMP1,JUND,1,0,0
167,283,KLF2,FABP5,1,-1,0
167,180,KLF2,PPARG,1,-1,0
206,269,KLF4,ATF3,1,1,0
206,308,KLF4,CD14,1,1,0
206,325,KLF4,CDH5,1,1,0
112,206,HSPA8,KLF4,1,1,0
206,218,KLF4,IFITM3,1,-1,0
206,311,KLF4,KRT19,1,1,0
35,88,KLF6,ASAH1,1,0,0
35,269,KLF6,ATF3,1,1,0
35,381,KLF6,TXNIP,1,0,0
38,320,MEF2A,JUN,1,1,0
54,320,MEF2C,JUN,1,0,0
54,157,MEF2C,NR4A1,1,-1,0
80,341,ACP5,MITF,1,1,0
306,341,FOS,MITF,1,1,0
203,341,GPNMB,MITF,1,1,0
76,341,HIF1A,MITF,1,1,0
117,133,SOD2,NFE2L2,1,1,0
78,233,WFDC2,NFIB,1,0,0
107,317,NFKB1,A2M,1,0,0
107,364,NFKB1,AGER,1,1,0
107,182,NFKB1,ALOX5AP,1,0,0
107,269,NFKB1,ATF3,1,0,0
107,287,NFKB1,B2M,1,1,0
107,265,NFKB1,BTG2,1,0,0
12,107,CD74,NFKB1,1,0,0
107,118,NFKB1,CD83,1,1,0
105,107,COL1A1,NFKB1,1,0,0
107,284,NFKB1,CTSB,1,1,0
53,107,CXCL2,NFKB1,1,0,0
107,277,NFKB1,ELF3,1,0,0
107,144,NFKB1,EPCAM,1,-1,0
107,136,NFKB1,F3,1,0,0
107,285,NFKB1,FBP1,1,0,0
107,126,NFKB1,FN1,1,1,0
107,141,NFKB1,FOXO3,1,0,0
57,107,GSTP1,NFKB1,1,1,0
76,107,HIF1A,NFKB1,1,0,0
65,107,ICAM1,NFKB1,1,1,0
107,207,NFKB1,IRF4,1,1,0
107,310,NFKB1,JUNB,1,1,0
107,221,NFKB1,MCL1,1,0,0
107,137,NFKB1,MUC5B,1,0,0
94,107,NAMPT,NFKB1,1,1,0
107,240,NFKB1,NCAM1,1,1,0
77,107,NFKBIA,NFKB1,1,0,0
107,227,NFKB1,NFKBIZ,1,0,0
107,315,NFKB1,OLR1,1,0,0
0,107,PDK4,NFKB1,1,-1,0
107,270,NFKB1,PIGR,1,0,0
9,107,PLAUR,NFKB1,1,1,0
107,354,NFKB1,S100A6,1,1,0
107,155,NFKB1,SFTPA1,1,0,0
107,332,NFKB1,SOCS3,1,0,0
107,117,NFKB1,SOD2,1,1,0
107,267,NFKB1,SQSTM1,1,0,0
46,107,TBX21,NFKB1,1,1,0
79,107,TIMP1,NFKB1,1,-1,0
107,139,NFKB1,TNFAIP3,1,0,0
107,150,NFKB1,TNFSF10,1,0,0
107,113,NFKB1,VWF,1,0,0
65,77,ICAM1,NFKBIA,1,-1,0
77,354,NFKBIA,S100A6,1,-1,0
77,150,NFKBIA,TNFSF10,1,-1,0
74,326,RPL3,NPM1,1,0,0
180,364,PPARG,AGER,1,-1,0
95,180,CAV1,PPARG,1,0,0
180,195,PPARG,CD36,1,1,0
118,180,CD83,PPARG,1,1,0
180,256,PPARG,DBI,1,0,0
180,305,PPARG,FABP4,1,1,0
65,180,ICAM1,PPARG,1,-1,0
180,206,PPARG,KLF4,1,0,0
180,234,PPARG,PLIN2,1,1,0
171,180,SAT1,PPARG,1,1,0
180,381,PPARG,TXNIP,1,0,0
107,295,NFKB1,RBPJ,1,0,0
136,271,F3,REL,1,0,0
65,271,ICAM1,REL,1,0,0
117,271,SOD2,REL,1,1,0
139,271,TNFAIP3,REL,1,1,0
42,158,RORA,TUBA1B,1,0,0
264,320,RUNX1,JUN,1,1,0
206,264,KLF4,RUNX1,1,0,0
178,264,LGALS3,RUNX1,1,1,0
60,264,MECOM,RUNX1,1,1,0
240,264,NCAM1,RUNX1,1,1,0
107,264,NFKB1,RUNX1,1,0,0
32,264,SPI1,RUNX1,1,1,0
79,264,TIMP1,RUNX1,1,0,0
34,193,SP100,ETS1,1,-1,0
32,80,SPI1,ACP5,1,1,0
32,122,SPI1,BCL6,1,-1,0
32,319,SPI1,CD163,1,0,0
32,169,SPI1,CD68,1,-1,0
32,273,SPI1,CTSS,1,1,0
32,324,SPI1,FCER1A,1,1,0
32,243,SPI1,FLI1,1,0,0
18,32,MSR1,SPI1,1,0,0
32,299,SPI1,STAT3,1,0,0
299,317,STAT3,A2M,1,0,0
176,299,AKAP12,STAT3,1,1,0
132,299,EPAS1,STAT3,1,0,0
212,299,ETV6,STAT3,1,1,0
299,306,STAT3,FOS,1,1,0
98,299,HSPB1,STAT3,1,1,0
65,299,ICAM1,STAT3,1,0,0
299,310,STAT3,JUNB,1,1,0
221,299,MCL1,STAT3,1,0,0
299,335,STAT3,MUC1,1,1,0
137,299,MUC5B,STAT3,1,0,0
26,299,PRDM1,STAT3,1,1,0
274,299,S100A11,STAT3,1,1,0
299,332,STAT3,SOCS3,1,1,0
79,299,TIMP1,STAT3,1,1,0
168,299,ZFP36,STAT3,1,1,0
46,103,TBX21,GATA3,1,0,0
15,349,CD44,TCF4,1,0,0
320,349,JUN,TCF4,1,0,0
206,349,KLF4,TCF4,1,0,0
341,349,MITF,TCF4,1,-1,0
17,349,VCAN,TCF4,1,0,0
14,349,VIM,TCF4,1,1,0
237,294,TCF7L2,CTNNB1,1,0,0
237,299,TCF7L2,STAT3,1,0,0
139,320,TNFAIP3,JUN,1,-1,0
242,260,FOXO1,TSC22D3,1,-1,0
141,260,FOXO3,TSC22D3,1,-1,0
111,130,ZBTB16,ID2,1,0,0
122,235,BCL6,ZEB1,1,-1,0
144,235,EPCAM,ZEB1,1,-1,0
235,335,ZEB1,MUC1,1,-1,0
14,301,VIM,ZEB2,1,1,0
76,168,HIF1A,ZFP36,1,0,0
138,284,CTSD,CTSB,0,0,1
87,254,UBR5,TRIP12,0,0,1
247,337,ZFP36L2,ZFP36L1,0,0,1
97,267,TAX1BP1,SQSTM1,0,0,1
84,209,RAB11A,RAB1A,0,0,1
246,369,TGOLN2,SNX2,0,0,1
252,296,ASAP1,ARF4,0,0,1
134,204,SRSF4,TRA2B,0,0,1
210,214,TMOD3,TPM1,0,0,1
232,333,SH3KBP1,SEPTIN9,0,0,1
239,314,CELF1,CEBPB,0,0,1
102,272,PDLIM1,PDLIM5,0,0,1
231,352,DYNLT1,DYNC1H1,0,0,1
49,254,UBE2K,TRIP12,0,0,1
110,138,CTSC,CTSD,0,0,1
37,188,ROCK1,ROCK2,0,0,1
96,179,DNAJB6,DNAJB1,0,0,1
61,371,PPP1R15A,PPP1CB,0,0,1
4,84,RALA,RAB11A,0,0,1
200,236,GLUL,GLUD1,0,0,1
241,338,LAMTOR1,LAMP1,0,0,1
3,338,LAMP2,LAMP1,0,0,1
210,289,TMOD3,TPM4,0,0,1
123,257,GNAI2,GNAQ,0,0,1
85,209,RAB2A,RAB1A,0,0,1
189,321,IL6ST,GRB2,0,0,1
84,259,RAB11A,RAB11FIP1,0,0,1
214,289,TPM1,TPM4,0,0,1
45,246,TFRC,TGOLN2,0,0,1
174,320,JUND,JUN,0,0,1
84,85,RAB11A,RAB2A,0,0,1
19,294,CTNNA1,CTNNB1,0,0,1
50,123,GNB1,GNAI2,0,0,1
134,196,SRSF4,SRPK2,0,0,1
255,318,CHD1,CHD9,0,0,1
27,371,PPP1R12A,PPP1CB,0,0,1
127,254,USP34,TRIP12,0,0,1
201,225,GCC2,GOLGA4,0,0,1
50,257,GNB1,GNAQ,0,0,1
39,159,ACSL4,ACSL3,0,0,1
56,151,PDS5B,PDS5A,0,0,1
93,209,RABAC1,RAB1A,0,0,1
196,204,SRPK2,TRA2B,0,0,1
35,320,KLF6,JUN,0,0,1
281,330,ANXA5,ANXA2,0,0,1
120,294,ERBIN,CTNNB1,0,0,1
1,25,KMT2E,KMT2C,0,0,1
120,245,ERBIN,DST,0,0,1
7,18,SEC62,MSR1,0,0,0
47,216,ENO1,IRF8,0,0,0
260,324,TSC22D3,FCER1A,0,0,0
61,241,PPP1R15A,LAMTOR1,0,0,0
147,156,ELF1,ADGRE5,0,0,0
313,375,CD8B,HLA-DPA1,0,0,0
106,337,SMURF2,ZFP36L1,0,0,0
2,327,MYCBP2,RAD51B,0,0,0
11,305,WWTR1,FABP4,0,0,0
200,213,GLUL,TCF12,0,0,0
114,350,KRT18,HLA-DQA1,0,0,0
83,135,NFAT5,ID3,0,0,0
239,375,CELF1,HLA-DPA1,0,0,0
135,346,ID3,FHIT,0,0,0
138,230,CTSD,BTF3,0,0,0
117,380,SOD2,PECAM1,0,0,0
127,351,USP34,FLNA,0,0,0
31,347,YBX1,HLA-DRB1,0,0,0
189,212,IL6ST,ETV6,0,0,0
69,236,WAC,GLUD1,0,0,0
25,160,KMT2C,SLPI,0,0,0
54,179,MEF2C,DNAJB1,0,0,0
79,151,TIMP1,PDS5A,0,0,0
300,307,SFTPB,KRT8,0,0,0
155,364,SFTPA1,AGER,0,0,0
207,347,IRF4,HLA-DRB1,0,0,0
103,376,GATA3,GPX1,0,0,0
66,99,LYZ,AGR2,0,0,0
6,240,JARID2,NCAM1,0,0,0
87,100,UBR5,ENG,0,0,0
223,290,RHOB,GPX4,0,0,0
333,336,SEPTIN9,P4HB,0,0,0
17,68,VCAN,EZR,0,0,0
192,265,COL4A2,BTG2,0,0,0
163,259,NDUFA1,RAB11FIP1,0,0,0
126,308,FN1,CD14,0,0,0
16,276,CUL3,ATP1A1,0,0,0
217,327,BCAS3,RAD51B,0,0,0
150,346,TNFSF10,FHIT,0,0,0
154,350,CALD1,HLA-DQA1,0,0,0
61,369,PPP1R15A,SNX2,0,0,0
168,220,ZFP36,ATP1B1,0,0,0
44,112,ACTN1,HSPA8,0,0,0
156,373,ADGRE5,PPP2R2A,0,0,0
84,210,RAB11A,TMOD3,0,0,0
181,314,ANKRD17,CEBPB,0,0,0
14,229,VIM,PIK3R1,0,0,0
66,198,LYZ,KRT7,0,0,0
22,205,ARID1B,TXN,0,0,0
57,64,GSTP1,RPLP0,0,0,0
247,324,ZFP36L2,FCER1A,0,0,0
9,360,PLAUR,CAPZA2,0,0,0
166,221,ID1,MCL1,0,0,0
5,108,PAFAH1B1,AREG,0,0,0
4,255,RALA,CHD1,0,0,0
9,36,PLAUR,TRAM1,0,0,0
126,263,FN1,EPB41,0,0,0
161,162,LRRFIP1,MT2A,0,0,0
0,131,PDK4,AAK1,0,0,0
17,73,VCAN,TIMP3,0,0,0
186,260,SFTPD,TSC22D3,0,0,0
167,266,KLF2,LY6E,0,0,0
67,242,CMTM6,FOXO1,0,0,0
65,283,ICAM1,FABP5,0,0,0
293,303,FTH1,TM4SF1,0,0,0
251,294,NR4A2,CTNNB1,0,0,0
78,270,WFDC2,PIGR,0,0,0
285,337,FBP1,ZFP36L1,0,0,0
344,346,COMMD6,FHIT,0,0,0
33,343,IDI1,PTMA,0,0,0
4,215,RALA,IQGAP1,0,0,0
48,122,EIF4G3,BCL6,0,0,0
22,234,ARID1B,PLIN2,0,0,0
25,291,KMT2C,TUBA1A,0,0,0
167,315,KLF2,OLR1,0,0,0
24,135,ARID4B,ID3,0,0,0
63,129,RFX2,IL1RL1,0,0,0
236,345,GLUD1,LITAF,0,0,0
342,377,COL4A1,HLA-B,0,0,0
10,183,ELOVL5,TPT1,0,0,0
115,283,MGP,FABP5,0,0,0
225,257,GOLGA4,GNAQ,0,0,0
89,160,FCGRT,SLPI,0,0,0
205,374,TXN,HLA-DPB1,0,0,0
293,374,FTH1,HLA-DPB1,0,0,0
231,283,DYNLT1,FABP5,0,0,0
65,272,ICAM1,PDLIM5,0,0,0
135,300,ID3,SFTPB,0,0,0
115,336,MGP,P4HB,0,0,0
39,250,ACSL4,RANBP2,0,0,0
77,380,NFKBIA,PECAM1,0,0,0
107,151,NFKB1,PDS5A,0,0,0
256,377,DBI,HLA-B,0,0,0
73,284,TIMP3,CTSB,0,0,0
56,371,PDS5B,PPP1CB,0,0,0
195,250,CD36,RANBP2,0,0,0
149,332,CLU,SOCS3,0,0,0
38,112,MEF2A,HSPA8,0,0,0
225,250,GOLGA4,RANBP2,0,0,0
19,354,CTNNA1,S100A6,0,0,0
331,367,DAZAP2,HLA-C,0,0,0
19,249,CTNNA1,CAST,0,0,0
266,312,LY6E,HOPX,0,0,0
175,322,CLIP1,SELENOW,0,0,0
78,206,WFDC2,KLF4,0,0,0
156,238,ADGRE5,SCGB1A1,0,0,0
321,377,GRB2,HLA-B,0,0,0
31,118,YBX1,CD83,0,0,0
271,297,REL,SFTPC,0,0,0
265,365,BTG2,HSPA1B,0,0,0
80,127,ACP5,USP34,0,0,0
76,87,HIF1A,UBR5,0,0,0
80,157,ACP5,NR4A1,0,0,0
126,276,FN1,ATP1A1,0,0,0
65,79,ICAM1,TIMP1,0,0,0
36,158,TRAM1,TUBA1B,0,0,0
87,295,UBR5,RBPJ,0,0,0
130,295,ID2,RBPJ,0,0,0
79,280,TIMP1,PBRM1,0,0,0
88,270,ASAH1,PIGR,0,0,0
95,178,CAV1,LGALS3,0,0,0
111,249,ZBTB16,CAST,0,0,0
130,231,ID2,DYNLT1,0,0,0
148,250,EGR1,RANBP2,0,0,0
94,278,NAMPT,TGFBR2,0,0,0
2,76,MYCBP2,HIF1A,0,0,0
166,379,ID1,MRC1,0,0,0
128,185,GNLY,BTG1,0,0,0
231,377,DYNLT1,HLA-B,0,0,0
21,105,LMO3,COL1A1,0,0,0
201,358,GCC2,PAPSS2,0,0,0
144,349,EPCAM,TCF4,0,0,0
104,162,ACTA2,MT2A,0,0,0
160,212,SLPI,ETV6,0,0,0
300,381,SFTPB,TXNIP,0,0,0
101,323,UBE2R2,HLA-DQB1,0,0,0
24,359,ARID4B,CD3E,0,0,0
12,266,CD74,LY6E,0,0,0
142,193,UBE2B,ETS1,0,0,0
76,91,HIF1A,NOP53,0,0,0
141,212,FOXO3,ETV6,0,0,0
246,297,TGOLN2,SFTPC,0,0,0
276,309,ATP1A1,PRKCE,0,0,0
236,255,GLUD1,CHD1,0,0,0
45,162,TFRC,MT2A,0,0,0
34,213,SP100,TCF12,0,0,0
232,303,SH3KBP1,TM4SF1,0,0,0
90,116,CD79A,GAPDH,0,0,0
103,287,GATA3,B2M,0,0,0
236,300,GLUD1,SFTPB,0,0,0
195,263,CD36,EPB41,0,0,0
71,185,HSP90AB1,BTG1,0,0,0
235,322,ZEB1,SELENOW,0,0,0
140,310,SGK1,JUNB,0,0,0
119,376,QKI,GPX1,0,0,0
111,331,ZBTB16,DAZAP2,0,0,0
45,211,TFRC,SLC39A8,0,0,0
112,344,HSPA8,COMMD6,0,0,0
273,381,CTSS,TXNIP,0,0,0
242,256,FOXO1,DBI,0,0,0
39,62,ACSL4,ADD1,0,0,0
275,322,S100A9,SELENOW,0,0,0
121,147,SPARC,ELF1,0,0,0
210,338,TMOD3,LAMP1,0,0,0
38,57,MEF2A,GSTP1,0,0,0
275,372,S100A9,CEBPD,0,0,0
195,236,CD36,GLUD1,0,0,0
326,373,NPM1,PPP2R2A,0,0,0
86,273,TRPS1,CTSS,0,0,0
54,78,MEF2C,WFDC2,0,0,0
176,350,AKAP12,HLA-DQA1,0,0,0
27,347,PPP1R12A,HLA-DRB1,0,0,0
147,316,ELF1,DENND4A,0,0,0
30,182,HIPK2,ALOX5AP,0,0,0
18,371,MSR1,PPP1CB,0,0,0
14,302,VIM,MT1E,0,0,0
138,216,CTSD,IRF8,0,0,0
101,163,UBE2R2,NDUFA1,0,0,0
74,180,RPL3,PPARG,0,0,0
162,166,MT2A,ID1,0,0,0
208,238,THBS1,SCGB1A1,0,0,0
159,370,ACSL3,HLA-A,0,0,0
80,380,ACP5,PECAM1,0,0,0
95,331,CAV1,DAZAP2,0,0,0
1,253,KMT2E,CD8A,0,0,0
22,352,ARID1B,DYNC1H1,0,0,0
203,222,GPNMB,S100A8,0,0,0
124,378,SSR3,CUX1,0,0,0
74,195,RPL3,CD36,0,0,0
35,94,KLF6,NAMPT,0,0,0
219,367,APP,HLA-C,0,0,0
203,265,GPNMB,BTG2,0,0,0
107,263,NFKB1,EPB41,0,0,0
208,316,THBS1,DENND4A,0,0,0
70,322,FKBP5,SELENOW,0,0,0
158,166,TUBA1B,ID1,0,0,0
38,46,MEF2A,TBX21,0,0,0
259,287,RAB11FIP1,B2M,0,0,0
25,131,KMT2C,AAK1,0,0,0
262,277,SLC34A2,ELF3,0,0,0
92,358,NKG7,PAPSS2,0,0,0
259,373,RAB11FIP1,PPP2R2A,0,0,0
286,377,CYB5A,HLA-B,0,0,0
199,208,USP15,THBS1,0,0,0
17,324,VCAN,FCER1A,0,0,0
234,333,PLIN2,SEPTIN9,0,0,0
95,292,CAV1,ABCA3,0,0,0
63,317,RFX2,A2M,0,0,0
78,105,WFDC2,COL1A1,0,0,0
156,332,ADGRE5,SOCS3,0,0,0
201,320,GCC2,JUN,0,0,0
256,297,DBI,SFTPC,0,0,0
61,264,PPP1R15A,RUNX1,0,0,0
167,200,KLF2,GLUL,0,0,0
1,368,KMT2E,HLA-E,0,0,0
68,178,EZR,LGALS3,0,0,0
113,334,VWF,RPS27L,0,0,0
206,306,KLF4,FOS,0,0,0
15,158,CD44,TUBA1B,0,0,0
372,374,CEBPD,HLA-DPB1,0,0,0
110,356,CTSC,HLA-DRB5,0,0,0
325,326,CDH5,NPM1,0,0,0
132,185,EPAS1,BTG1,0,0,0
205,230,TXN,BTF3,0,0,0
45,345,TFRC,LITAF,0,0,0
81,251,FLT1,NR4A2,0,0,0
165,328,VASP,EXT1,0,0,0
37,272,ROCK1,PDLIM5,0,0,0
91,309,NOP53,PRKCE,0,0,0
56,195,PDS5B,CD36,0,0,0
26,226,PRDM1,PTPRG,0,0,0
215,314,IQGAP1,CEBPB,0,0,0
28,128,TBXAS1,GNLY,0,0,0
21,45,LMO3,TFRC,0,0,0
19,142,CTNNA1,UBE2B,0,0,0
127,367,USP34,HLA-C,0,0,0
63,171,RFX2,SAT1,0,0,0
44,131,ACTN1,AAK1,0,0,0
135,274,ID3,S100A11,0,0,0
81,262,FLT1,SLC34A2,0,0,0
21,239,LMO3,CELF1,0,0,0
86,274,TRPS1,S100A11,0,0,0
24,280,ARID4B,PBRM1,0,0,0
102,330,PDLIM1,ANXA2,0,0,0
111,232,ZBTB16,SH3KBP1,0,0,0
70,166,FKBP5,ID1,0,0,0
170,338,FOXJ1,LAMP1,0,0,0
295,378,RBPJ,CUX1,0,0,0
38,363,MEF2A,HLA-DRA,0,0,0
274,317,S100A11,A2M,0,0,0
84,235,RAB11A,ZEB1,0,0,0
124,335,SSR3,MUC1,0,0,0
72,227,LGALS1,NFKBIZ,0,0,0
71,177,HSP90AB1,DIAPH1,0,0,0
146,188,DUSP1,ROCK2,0,0,0
290,303,GPX4,TM4SF1,0,0,0
144,150,EPCAM,TNFSF10,0,0,0
20,234,HSPA5,PLIN2,0,0,0
99,126,AGR2,FN1,0,0,0
204,275,TRA2B,S100A9,0,0,0
11,281,WWTR1,ANXA5,0,0,0
60,345,MECOM,LITAF,0,0,0
189,279,IL6ST,IFI16,0,0,0
21,137,LMO3,MUC5B,0,0,0
77,242,NFKBIA,FOXO1,0,0,0
59,299,CD59,STAT3,0,0,0
123,342,GNAI2,COL4A1,0,0,0
109,231,ELF2,DYNLT1,0,0,0
283,377,FABP5,HLA-B,0,0,0
204,286,TRA2B,CYB5A,0,0,0
275,300,S100A9,SFTPB,0,0,0
138,260,CTSD,TSC22D3,0,0,0
358,381,PAPSS2,TXNIP,0,0,0
96,182,DNAJB6,ALOX5AP,0,0,0
145,374,KANSL1,HLA-DPB1,0,0,0
16,43,CUL3,ATP2B1,0,0,0
3,381,LAMP2,TXNIP,0,0,0
164,259,FOSB,RAB11FIP1,0,0,0
262,309,SLC34A2,PRKCE,0,0,0
133,347,NFE2L2,HLA-DRB1,0,0,0
80,111,ACP5,ZBTB16,0,0,0
12,31,CD74,YBX1,0,0,0
118,254,CD83,TRIP12,0,0,0
57,99,GSTP1,AGR2,0,0,0
133,177,NFE2L2,DIAPH1,0,0,0
199,216,USP15,IRF8,0,0,0
114,187,KRT18,SLC38A2,0,0,0
3,265,LAMP2,BTG2,0,0,0
89,203,FCGRT,GPNMB,0,0,0
238,306,SCGB1A1,FOS,0,0,0
216,269,IRF8,ATF3,0,0,0
125,150,SPTBN1,TNFSF10,0,0,0
227,333,NFKBIZ,SEPTIN9,0,0,0
159,358,ACSL3,PAPSS2,0,0,0
155,188,SFTPA1,ROCK2,0,0,0
134,349,SRSF4,TCF4,0,0,0
2,201,MYCBP2,GCC2,0,0,0
260,308,TSC22D3,CD14,0,0,0
52,189,HSP90AA1,IL6ST,0,0,0
81,271,FLT1,REL,0,0,0
95,237,CAV1,TCF7L2,0,0,0
42,307,RORA,KRT8,0,0,0
193,202,ETS1,LMO7,0,0,0
219,240,APP,NCAM1,0,0,0
26,251,PRDM1,NR4A2,0,0,0
97,231,TAX1BP1,DYNLT1,0,0,0
251,284,NR4A2,CTSB,0,0,0
144,354,EPCAM,S100A6,0,0,0
53,239,CXCL2,CELF1,0,0,0
328,345,EXT1,LITAF,0,0,0
206,275,KLF4,S100A9,0,0,0
27,342,PPP1R12A,COL4A1,0,0,0
130,265,ID2,BTG2,0,0,0
35,159,KLF6,ACSL3,0,0,0
73,342,TIMP3,COL4A1,0,0,0
99,174,AGR2,JUND,0,0,0
111,211,ZBTB16,SLC39A8,0,0,0
32,381,SPI1,TXNIP,0,0,0
40,216,LAPTM4A,IRF8,0,0,0
196,323,SRPK2,HLA-DQB1,0,0,0
57,308,GSTP1,CD14,0,0,0
63,245,RFX2,DST,0,0,0
128,306,GNLY,FOS,0,0,0
253,299,CD8A,STAT3,0,0,0
123,303,GNAI2,TM4SF1,0,0,0
122,350,BCL6,HLA-DQA1,0,0,0
219,300,APP,SFTPB,0,0,0
24,156,ARID4B,ADGRE5,0,0,0
236,301,GLUD1,ZEB2,0,0,0
21,323,LMO3,HLA-DQB1,0,0,0
84,243,RAB11A,FLI1,0,0,0
89,231,FCGRT,DYNLT1,0,0,0
43,189,ATP2B1,IL6ST,0,0,0
59,131,CD59,AAK1,0,0,0
112,127,HSPA8,USP34,0,0,0
105,215,COL1A1,IQGAP1,0,0,0
15,140,CD44,SGK1,0,0,0
7,54,SEC62,MEF2C,0,0,0
11,261,WWTR1,ETS2,0,0,0
83,108,NFAT5,AREG,0,0,0
46,129,TBX21,IL1RL1,0,0,0
9,263,PLAUR,EPB41,0,0,0
14,378,VIM,CUX1,0,0,0
131,206,AAK1,KLF4,0,0,0
30,56,HIPK2,PDS5B,0,0,0
78,143,WFDC2,KLF9,0,0,0
141,293,FOXO3,FTH1,0,0,0
91,331,NOP53,DAZAP2,0,0,0
206,315,KLF4,OLR1,0,0,0
40,66,LAPTM4A,LYZ,0,0,0
23,236,NEDD4L,GLUD1,0,0,0
272,295,PDLIM5,RBPJ,0,0,0
59,310,CD59,JUNB,0,0,0
17,166,VCAN,ID1,0,0,0
33,100,IDI1,ENG,0,0,0
9,259,PLAUR,RAB11FIP1,0,0,0
241,336,LAMTOR1,P4HB,0,0,0
185,198,BTG1,KRT7,0,0,0
30,226,HIPK2,PTPRG,0,0,0
29,357,SLC2A3,LRBA,0,0,0
86,341,TRPS1,MITF,0,0,0
9,381,PLAUR,TXNIP,0,0,0
302,353,MT1E,S100A10,0,0,0
4,360,RALA,CAPZA2,0,0,0
200,204,GLUL,TRA2B,0,0,0
66,135,LYZ,ID3,0,0,0
175,306,CLIP1,FOS,0,0,0
47,161,ENO1,LRRFIP1,0,0,0
267,306,SQSTM1,FOS,0,0,0
46,199,TBX21,USP15,0,0,0
98,115,HSPB1,MGP,0,0,0
70,81,FKBP5,FLT1,0,0,0
107,349,NFKB1,TCF4,0,0,0
252,329,ASAP1,ATP6AP2,0,0,0
101,334,UBE2R2,RPS27L,0,0,0
90,212,CD79A,ETV6,0,0,0
167,365,KLF2,HSPA1B,0,0,0
83,157,NFAT5,NR4A1,0,0,0
23,378,NEDD4L,CUX1,0,0,0
121,195,SPARC,CD36,0,0,0
71,125,HSP90AB1,SPTBN1,0,0,0
68,254,EZR,TRIP12,0,0,0
15,211,CD44,SLC39A8,0,0,0
155,358,SFTPA1,PAPSS2,0,0,0
141,342,FOXO3,COL4A1,0,0,0
7,376,SEC62,GPX1,0,0,0
256,350,DBI,HLA-DQA1,0,0,0
25,123,KMT2C,GNAI2,0,0,0
281,282,ANXA5,HPGD,0,0,0
9,73,PLAUR,TIMP3,0,0,0
341,342,MITF,COL4A1,0,0,0
17,361,VCAN,TOP1,0,0,0
145,168,KANSL1,ZFP36,0,0,0
188,224,ROCK2,EML4,0,0,0
189,343,IL6ST,PTMA,0,0,0
213,278,TCF12,TGFBR2,0,0,0
120,144,ERBIN,EPCAM,0,0,0
247,379,ZFP36L2,MRC1,0,0,0
23,367,NEDD4L,HLA-C,0,0,0
290,372,GPX4,CEBPD,0,0,0
194,229,CTSL,PIK3R1,0,0,0
29,55,SLC2A3,PTPRC,0,0,0
227,255,NFKBIZ,CHD1,0,0,0
256,355,DBI,CLEC9A,0,0,0
289,343,TPM4,PTMA,0,0,0
251,269,NR4A2,ATF3,0,0,0
32,202,SPI1,LMO7,0,0,0
209,291,RAB1A,TUBA1A,0,0,0
83,195,NFAT5,CD36,0,0,0
17,80,VCAN,ACP5,0,0,0
272,337,PDLIM5,ZFP36L1,0,0,0
159,316,ACSL3,DENND4A,0,0,0
148,194,EGR1,CTSL,0,0,0
101,183,UBE2R2,TPT1,0,0,0
2,188,MYCBP2,ROCK2,0,0,0
77,224,NFKBIA,EML4,0,0,0
212,309,ETV6,PRKCE,0,0,0
47,346,ENO1,FHIT,0,0,0
38,125,MEF2A,SPTBN1,0,0,0
93,294,RABAC1,CTNNB1,0,0,0
105,369,COL1A1,SNX2,0,0,0
164,168,FOSB,ZFP36,0,0,0
4,380,RALA,PECAM1,0,0,0
24,117,ARID4B,SOD2,0,0,0
35,128,KLF6,GNLY,0,0,0
130,323,ID2,HLA-DQB1,0,0,0
34,118,SP100,CD83,0,0,0
51,183,PCM1,TPT1,0,0,0
311,345,KRT19,LITAF,0,0,0
49,57,UBE2K,GSTP1,0,0,0
160,307,SLPI,KRT8,0,0,0
80,202,ACP5,LMO7,0,0,0
343,377,PTMA,HLA-B,0,0,0
25,324,KMT2C,FCER1A,0,0,0
61,268,PPP1R15A,NFIA,0,0,0
66,291,LYZ,TUBA1A,0,0,0
123,325,GNAI2,CDH5,0,0,0
113,310,VWF,JUNB,0,0,0
19,84,CTNNA1,RAB11A,0,0,0
220,304,ATP1B1,UBB,0,0,0
1,132,KMT2E,EPAS1,0,0,0
2,289,MYCBP2,TPM4,0,0,0
1,217,KMT2E,BCAS3,0,0,0
218,373,IFITM3,PPP2R2A,0,0,0
64,180,RPLP0,PPARG,0,0,0
57,338,GSTP1,LAMP1,0,0,0
3,352,LAMP2,DYNC1H1,0,0,0
86,292,TRPS1,ABCA3,0,0,0
29,60,SLC2A3,MECOM,0,0,0
48,50,EIF4G3,GNB1,0,0,0
167,191,KLF2,KLRD1,0,0,0
115,369,MGP,SNX2,0,0,0
125,179,SPTBN1,DNAJB1,0,0,0
168,310,ZFP36,JUNB,0,0,0
176,375,AKAP12,HLA-DPA1,0,0,0
67,332,CMTM6,SOCS3,0,0,0
125,134,SPTBN1,SRSF4,0,0,0
193,371,ETS1,PPP1CB,0,0,0
118,263,CD83,EPB41,0,0,0
216,323,IRF8,HLA-DQB1,0,0,0
189,219,IL6ST,APP,0,0,0
198,218,KRT7,IFITM3,0,0,0
61,356,PPP1R15A,HLA-DRB5,0,0,0
200,348,GLUL,S100A4,0,0,0
8,163,CD4,NDUFA1,0,0,0
104,324,ACTA2,FCER1A,0,0,0
184,373,MYH11,PPP2R2A,0,0,0
72,171,LGALS1,SAT1,0,0,0
229,336,PIK3R1,P4HB,0,0,0
214,277,TPM1,ELF3,0,0,0
61,68,PPP1R15A,EZR,0,0,0
98,162,HSPB1,MT2A,0,0,0
156,243,ADGRE5,FLI1,0,0,0
58,219,RAB10,APP,0,0,0
71,170,HSP90AB1,FOXJ1,0,0,0
5,50,PAFAH1B1,GNB1,0,0,0
266,304,LY6E,UBB,0,0,0
158,269,TUBA1B,ATF3,0,0,0
22,121,ARID1B,SPARC,0,0,0
330,332,ANXA2,SOCS3,0,0,0
171,219,SAT1,APP,0,0,0
22,29,ARID1B,SLC2A3,0,0,0
280,356,PBRM1,HLA-DRB5,0,0,0
260,281,TSC22D3,ANXA5,0,0,0
125,358,SPTBN1,PAPSS2,0,0,0
26,368,PRDM1,HLA-E,0,0,0
60,80,MECOM,ACP5,0,0,0
245,369,DST,SNX2,0,0,0
132,347,EPAS1,HLA-DRB1,0,0,0
92,171,NKG7,SAT1,0,0,0
78,313,WFDC2,CD8B,0,0,0
94,280,NAMPT,PBRM1,0,0,0
21,260,LMO3,TSC22D3,0,0,0
110,234,CTSC,PLIN2,0,0,0
329,380,ATP6AP2,PECAM1,0,0,0
107,222,NFKB1,S100A8,0,0,0
256,290,DBI,GPX4,0,0,0
88,322,ASAH1,SELENOW,0,0,0
275,376,S100A9,GPX1,0,0,0
205,305,TXN,FABP4,0,0,0
10,240,ELOVL5,NCAM1,0,0,0
137,272,MUC5B,PDLIM5,0,0,0
10,377,ELOVL5,HLA-B,0,0,0
95,276,CAV1,ATP1A1,0,0,0
31,372,YBX1,CEBPD,0,0,0
266,301,LY6E,ZEB2,0,0,0
9,161,PLAUR,LRRFIP1,0,0,0
173,361,APOE,TOP1,0,0,0
30,294,HIPK2,CTNNB1,0,0,0
72,200,LGALS1,GLUL,0,0,0
152,220,ANXA11,ATP1B1,0,0,0
111,212,ZBTB16,ETV6,0,0,0
78,297,WFDC2,SFTPC,0,0,0
27,145,PPP1R12A,KANSL1,0,0,0
8,123,CD4,GNAI2,0,0,0
101,291,UBE2R2,TUBA1A,0,0,0
37,125,ROCK1,SPTBN1,0,0,0
117,257,SOD2,GNAQ,0,0,0
41,138,PSME4,CTSD,0,0,0
255,320,CHD1,JUN,0,0,0
177,277,DIAPH1,ELF3,0,0,0
39,126,ACSL4,FN1,0,0,0
93,241,RABAC1,LAMTOR1,0,0,0
106,251,SMURF2,NR4A2,0,0,0
150,297,TNFSF10,SFTPC,0,0,0
47,364,ENO1,AGER,0,0,0
143,308,KLF9,CD14,0,0,0
251,280,NR4A2,PBRM1,0,0,0
61,74,PPP1R15A,RPL3,0,0,0
81,344,FLT1,COMMD6,0,0,0
195,198,CD36,KRT7,0,0,0
287,304,B2M,UBB,0,0,0
70,190,FKBP5,SOX5,0,0,0
297,380,SFTPC,PECAM1,0,0,0
57,215,GSTP1,IQGAP1,0,0,0
303,324,TM4SF1,FCER1A,0,0,0
112,216,HSPA8,IRF8,0,0,0
139,361,TNFAIP3,TOP1,0,0,0
9,98,PLAUR,HSPB1,0,0,0
14,93,VIM,RABAC1,0,0,0
129,250,IL1RL1,RANBP2,0,0,0
257,359,GNAQ,CD3E,0,0,0
10,202,ELOVL5,LMO7,0,0,0
249,299,CAST,STAT3,0,0,0
37,320,ROCK1,JUN,0,0,0
225,227,GOLGA4,NFKBIZ,0,0,0
134,355,SRSF4,CLEC9A,0,0,0
22,24,ARID1B,ARID4B,0,0,0
35,157,KLF6,NR4A1,0,0,0
287,359,B2M,CD3E,0,0,0
186,362,SFTPD,HLA-DMA,0,0,0
114,123,KRT18,GNAI2,0,0,0
13,15,PHF20,CD44,0,0,0
54,172,MEF2C,LDLR,0,0,0
20,120,HSPA5,ERBIN,0,0,0
168,381,ZFP36,TXNIP,0,0,0
23,318,NEDD4L,CHD9,0,0,0
39,76,ACSL4,HIF1A,0,0,0
32,148,SPI1,EGR1,0,0,0
26,92,PRDM1,NKG7,0,0,0
193,330,ETS1,ANXA2,0,0,0
41,92,PSME4,NKG7,0,0,0
13,196,PHF20,SRPK2,0,0,0
345,368,LITAF,HLA-E,0,0,0
92,231,NKG7,DYNLT1,0,0,0
7,145,SEC62,KANSL1,0,0,0
108,342,AREG,COL4A1,0,0,0
41,208,PSME4,THBS1,0,0,0
257,345,GNAQ,LITAF,0,0,0
301,336,ZEB2,P4HB,0,0,0
286,303,CYB5A,TM4SF1,0,0,0
141,366,FOXO3,HSPA1A,0,0,0
236,245,GLUD1,DST,0,0,0
110,246,CTSC,TGOLN2,0,0,0
132,173,EPAS1,APOE,0,0,0
89,267,FCGRT,SQSTM1,0,0,0
18,225,MSR1,GOLGA4,0,0,0
140,280,SGK1,PBRM1,0,0,0
198,243,KRT7,FLI1,0,0,0
68,274,EZR,S100A11,0,0,0
170,285,FOXJ1,FBP1,0,0,0
217,373,BCAS3,PPP2R2A,0,0,0
110,353,CTSC,S100A10,0,0,0
203,283,GPNMB,FABP5,0,0,0
83,381,NFAT5,TXNIP,0,0,0
27,209,PPP1R12A,RAB1A,0,0,0
1,76,KMT2E,HIF1A,0,0,0
86,202,TRPS1,LMO7,0,0,0
94,375,NAMPT,HLA-DPA1,0,0,0
48,265,EIF4G3,BTG2,0,0,0
111,215,ZBTB16,IQGAP1,0,0,0
139,221,TNFAIP3,MCL1,0,0,0
73,299,TIMP3,STAT3,0,0,0
344,374,COMMD6,HLA-DPB1,0,0,0
151,298,PDS5A,COL3A1,0,0,0
103,345,GATA3,LITAF,0,0,0
269,375,ATF3,HLA-DPA1,0,0,0
299,311,STAT3,KRT19,0,0,0
98,341,HSPB1,MITF,0,0,0
212,314,ETV6,CEBPB,0,0,0
0,363,PDK4,HLA-DRA,0,0,0
3,58,LAMP2,RAB10,0,0,0
102,366,PDLIM1,HSPA1A,0,0,0
135,339,ID3,WWOX,0,0,0
305,306,FABP4,FOS,0,0,0
31,144,YBX1,EPCAM,0,0,0
172,192,LDLR,COL4A2,0,0,0
225,273,GOLGA4,CTSS,0,0,0
30,313,HIPK2,CD8B,0,0,0
145,244,KANSL1,ACSL1,0,0,0
297,344,SFTPC,COMMD6,0,0,0
89,115,FCGRT,MGP,0,0,0
160,363,SLPI,HLA-DRA,0,0,0
96,229,DNAJB6,PIK3R1,0,0,0
102,376,PDLIM1,GPX1,0,0,0
0,142,PDK4,UBE2B,0,0,0
322,345,SELENOW,LITAF,0,0,0
29,157,SLC2A3,NR4A1,0,0,0
40,293,LAPTM4A,FTH1,0,0,0
188,276,ROCK2,ATP1A1,0,0,0
72,333,LGALS1,SEPTIN9,0,0,0
170,260,FOXJ1,TSC22D3,0,0,0
195,239,CD36,CELF1,0,0,0
28,250,TBXAS1,RANBP2,0,0,0
178,318,LGALS3,CHD9,0,0,0
136,301,F3,ZEB2,0,0,0
16,338,CUL3,LAMP1,0,0,0
5,178,PAFAH1B1,LGALS3,0,0,0
90,193,CD79A,ETS1,0,0,0
227,355,NFKBIZ,CLEC9A,0,0,0
111,353,ZBTB16,S100A10,0,0,0
68,343,EZR,PTMA,0,0,0
337,344,ZFP36L1,COMMD6,0,0,0
112,214,HSPA8,TPM1,0,0,0
13,65,PHF20,ICAM1,0,0,0
91,236,NOP53,GLUD1,0,0,0
227,297,NFKBIZ,SFTPC,0,0,0
286,354,CYB5A,S100A6,0,0,0
40,151,LAPTM4A,PDS5A,0,0,0
173,282,APOE,HPGD,0,0,0
96,336,DNAJB6,P4HB,0,0,0
51,168,PCM1,ZFP36,0,0,0
189,317,IL6ST,A2M,0,0,0
70,107,FKBP5,NFKB1,0,0,0
273,331,CTSS,DAZAP2,0,0,0
314,370,CEBPB,HLA-A,0,0,0
108,197,AREG,CD63,0,0,0
53,227,CXCL2,NFKBIZ,0,0,0
71,224,HSP90AB1,EML4,0,0,0
37,279,ROCK1,IFI16,0,0,0
291,363,TUBA1A,HLA-DRA,0,0,0
280,339,PBRM1,WWOX,0,0,0
147,246,ELF1,TGOLN2,0,0,0
103,261,GATA3,ETS2,0,0,0
9,357,PLAUR,LRBA,0,0,0
70,141,FKBP5,FOXO3,0,0,0
121,378,SPARC,CUX1,0,0,0
18,175,MSR1,CLIP1,0,0,0
68,330,EZR,ANXA2,0,0,0
78,271,WFDC2,REL,0,0,0
131,152,AAK1,ANXA11,0,0,0
214,375,TPM1,HLA-DPA1,0,0,0
47,358,ENO1,PAPSS2,0,0,0
233,290,NFIB,GPX4,0,0,0
54,103,MEF2C,GATA3,0,0,0
4,194,RALA,CTSL,0,0,0
130,266,ID2,LY6E,0,0,0
212,224,ETV6,EML4,0,0,0
188,249,ROCK2,CAST,0,0,0
149,371,CLU,PPP1CB,0,0,0
212,375,ETV6,HLA-DPA1,0,0,0
220,258,ATP1B1,ADK,0,0,0
94,313,NAMPT,CD8B,0,0,0
35,302,KLF6,MT1E,0,0,0
131,330,AAK1,ANXA2,0,0,0
134,252,SRSF4,ASAP1,0,0,0
319,352,CD163,DYNC1H1,0,0,0
232,236,SH3KBP1,GLUD1,0,0,0
59,89,CD59,FCGRT,0,0,0
96,208,DNAJB6,THBS1,0,0,0
146,288,DUSP1,CD3D,0,0,0
59,291,CD59,TUBA1A,0,0,0
155,283,SFTPA1,FABP5,0,0,0
140,236,SGK1,GLUD1,0,0,0
131,286,AAK1,CYB5A,0,0,0
242,363,FOXO1,HLA-DRA,0,0,0
230,363,BTF3,HLA-DRA,0,0,0
259,346,RAB11FIP1,FHIT,0,0,0
182,374,ALOX5AP,HLA-DPB1,0,0,0
125,379,SPTBN1,MRC1,0,0,0
63,214,RFX2,TPM1,0,0,0
14,73,VIM,TIMP3,0,0,0
46,300,TBX21,SFTPB,0,0,0
20,28,HSPA5,TBXAS1,0,0,0
208,296,THBS1,ARF4,0,0,0
246,317,TGOLN2,A2M,0,0,0
97,368,TAX1BP1,HLA-E,0,0,0
84,165,RAB11A,VASP,0,0,0
75,81,MYH9,FLT1,0,0,0
334,375,RPS27L,HLA-DPA1,0,0,0
26,377,PRDM1,HLA-B,0,0,0
122,172,BCL6,LDLR,0,0,0
232,323,SH3KBP1,HLA-DQB1,0,0,0
86,164,TRPS1,FOSB,0,0,0
107,112,NFKB1,HSPA8,0,0,0
209,298,RAB1A,COL3A1,0,0,0
204,217,TRA2B,BCAS3,0,0,0
239,293,CELF1,FTH1,0,0,0
40,141,LAPTM4A,FOXO3,0,0,0
37,38,ROCK1,MEF2A,0,0,0
28,204,TBXAS1,TRA2B,0,0,0
173,192,APOE,COL4A2,0,0,0
191,375,KLRD1,HLA-DPA1,0,0,0
96,142,DNAJB6,UBE2B,0,0,0
157,318,NR4A1,CHD9,0,0,0
145,337,KANSL1,ZFP36L1,0,0,0
51,263,PCM1,EPB41,0,0,0
156,179,ADGRE5,DNAJB1,0,0,0
74,300,RPL3,SFTPB,0,0,0
68,79,EZR,TIMP1,0,0,0
148,223,EGR1,RHOB,0,0,0
238,365,SCGB1A1,HSPA1B,0,0,0
110,366,CTSC,HSPA1A,0,0,0
10,82,ELOVL5,TSC22D1,0,0,0
291,360,TUBA1A,CAPZA2,0,0,0
22,162,ARID1B,MT2A,0,0,0
47,68,ENO1,EZR,0,0,0
205,378,TXN,CUX1,0,0,0
164,271,FOSB,REL,0,0,0
7,324,SEC62,FCER1A,0,0,0
45,192,TFRC,COL4A2,0,0,0
21,216,LMO3,IRF8,0,0,0
136,332,F3,SOCS3,0,0,0
21,340,LMO3,TEAD1,0,0,0
96,361,DNAJB6,TOP1,0,0,0
30,347,HIPK2,HLA-DRB1,0,0,0
45,58,TFRC,RAB10,0,0,0
12,101,CD74,UBE2R2,0,0,0
115,240,MGP,NCAM1,0,0,0
48,338,EIF4G3,LAMP1,0,0,0
28,357,TBXAS1,LRBA,0,0,0
122,306,BCL6,FOS,0,0,0
19,345,CTNNA1,LITAF,0,0,0
324,339,FCER1A,WWOX,0,0,0
187,256,SLC38A2,DBI,0,0,0
156,268,ADGRE5,NFIA,0,0,0
217,274,BCAS3,S100A11,0,0,0
157,212,NR4A1,ETV6,0,0,0
132,172,EPAS1,LDLR,0,0,0
147,220,ELF1,ATP1B1,0,0,0
279,312,IFI16,HOPX,0,0,0
106,369,SMURF2,SNX2,0,0,0
95,233,CAV1,NFIB,0,0,0
11,330,WWTR1,ANXA2,0,0,0
97,220,TAX1BP1,ATP1B1,0,0,0
19,91,CTNNA1,NOP53,0,0,0
165,187,VASP,SLC38A2,0,0,0
3,103,LAMP2,GATA3,0,0,0
71,240,HSP90AB1,NCAM1,0,0,0
69,74,WAC,RPL3,0,0,0
35,323,KLF6,HLA-DQB1,0,0,0
265,283,BTG2,FABP5,0,0,0
88,274,ASAH1,S100A11,0,0,0
98,140,HSPB1,SGK1,0,0,0
189,216,IL6ST,IRF8,0,0,0
132,289,EPAS1,TPM4,0,0,0
125,344,SPTBN1,COMMD6,0,0,0
199,210,USP15,TMOD3,0,0,0
157,220,NR4A1,ATP1B1,0,0,0
264,297,RUNX1,SFTPC,0,0,0
232,346,SH3KBP1,FHIT,0,0,0
292,295,ABCA3,RBPJ,0,0,0
113,381,VWF,TXNIP,0,0,0
84,149,RAB11A,CLU,0,0,0
34,381,SP100,TXNIP,0,0,0
237,357,TCF7L2,LRBA,0,0,0
4,50,RALA,GNB1,0,0,0
33,125,IDI1,SPTBN1,0,0,0
207,237,IRF4,TCF7L2,0,0,0
202,372,LMO7,CEBPD,0,0,0
285,372,FBP1,CEBPD,0,0,0
61,240,PPP1R15A,NCAM1,0,0,0
40,116,LAPTM4A,GAPDH,0,0,0
231,335,DYNLT1,MUC1,0,0,0
140,229,SGK1,PIK3R1,0,0,0
13,118,PHF20,CD83,0,0,0
11,56,WWTR1,PDS5B,0,0,0
163,237,NDUFA1,TCF7L2,0,0,0
36,186,TRAM1,SFTPD,0,0,0
92,220,NKG7,ATP1B1,0,0,0
100,356,ENG,HLA-DRB5,0,0,0
94,345,NAMPT,LITAF,0,0,0
5,332,PAFAH1B1,SOCS3,0,0,0
34,133,SP100,NFE2L2,0,0,0
111,204,ZBTB16,TRA2B,0,0,0
60,63,MECOM,RFX2,0,0,0
14,228,VIM,RPS3A,0,0,0
87,372,UBR5,CEBPD,0,0,0
68,214,EZR,TPM1,0,0,0
162,325,MT2A,CDH5,0,0,0
246,321,TGOLN2,GRB2,0,0,0
226,371,PTPRG,PPP1CB,0,0,0
247,296,ZFP36L2,ARF4,0,0,0
111,258,ZBTB16,ADK,0,0,0
227,238,NFKBIZ,SCGB1A1,0,0,0
284,372,CTSB,CEBPD,0,0,0
163,300,NDUFA1,SFTPB,0,0,0
233,370,NFIB,HLA-A,0,0,0
154,343,CALD1,PTMA,0,0,0
2,196,MYCBP2,SRPK2,0,0,0
21,121,LMO3,SPARC,0,0,0
8,271,CD4,REL,0,0,0
148,363,EGR1,HLA-DRA,0,0,0
88,160,ASAH1,SLPI,0,0,0
227,263,NFKBIZ,EPB41,0,0,0
230,357,BTF3,LRBA,0,0,0
2,151,MYCBP2,PDS5A,0,0,0
243,245,FLI1,DST,0,0,0
2,223,MYCBP2,RHOB,0,0,0
94,309,NAMPT,PRKCE,0,0,0
42,352,RORA,DYNC1H1,0,0,0
34,99,SP100,AGR2,0,0,0
39,165,ACSL4,VASP,0,0,0
46,132,TBX21,EPAS1,0,0,0
15,199,CD44,USP15,0,0,0
249,263,CAST,EPB41,0,0,0
38,336,MEF2A,P4HB,0,0,0
48,128,EIF4G3,GNLY,0,0,0
240,334,NCAM1,RPS27L,0,0,0
357,378,LRBA,CUX1,0,0,0
83,342,NFAT5,COL4A1,0,0,0
3,231,LAMP2,DYNLT1,0,0,0
185,220,BTG1,ATP1B1,0,0,0
149,288,CLU,CD3D,0,0,0
213,252,TCF12,ASAP1,0,0,0
174,187,JUND,SLC38A2,0,0,0
30,152,HIPK2,ANXA11,0,0,0
0,194,PDK4,CTSL,0,0,0
105,294,COL1A1,CTNNB1,0,0,0
13,296,PHF20,ARF4,0,0,0
52,177,HSP90AA1,DIAPH1,0,0,0
360,369,CAPZA2,SNX2,0,0,0
206,267,KLF4,SQSTM1,0,0,0
162,246,MT2A,TGOLN2,0,0,0
33,43,IDI1,ATP2B1,0,0,0
37,251,ROCK1,NR4A2,0,0,0
80,319,ACP5,CD163,0,0,0
23,80,NEDD4L,ACP5,0,0,0
86,123,TRPS1,GNAI2,0,0,0
32,211,SPI1,SLC39A8,0,0,0
19,350,CTNNA1,HLA-DQA1,0,0,0
39,180,ACSL4,PPARG,0,0,0
45,334,TFRC,RPS27L,0,0,0
172,231,LDLR,DYNLT1,0,0,0
147,298,ELF1,COL3A1,0,0,0
231,264,DYNLT1,RUNX1,0,0,0
134,365,SRSF4,HSPA1B,0,0,0
122,290,BCL6,GPX4,0,0,0
145,204,KANSL1,TRA2B,0,0,0
173,364,APOE,AGER,0,0,0
188,310,ROCK2,JUNB,0,0,0
29,335,SLC2A3,MUC1,0,0,0
11,143,WWTR1,KLF9,0,0,0
148,185,EGR1,BTG1,0,0,0
166,367,ID1,HLA-C,0,0,0
180,314,PPARG,CEBPB,0,0,0
87,221,UBR5,MCL1,0,0,0
144,308,EPCAM,CD14,0,0,0
156,211,ADGRE5,SLC39A8,0,0,0
98,356,HSPB1,HLA-DRB5,0,0,0
103,222,GATA3,S100A8,0,0,0
111,360,ZBTB16,CAPZA2,0,0,0
87,273,UBR5,CTSS,0,0,0
69,174,WAC,JUND,0,0,0
131,339,AAK1,WWOX,0,0,0
72,273,LGALS1,CTSS,0,0,0
0,300,PDK4,SFTPB,0,0,0
9,362,PLAUR,HLA-DMA,0,0,0
82,259,TSC22D1,RAB11FIP1,0,0,0
100,202,ENG,LMO7,0,0,0
184,300,MYH11,SFTPB,0,0,0
162,178,MT2A,LGALS3,0,0,0
185,325,BTG1,CDH5,0,0,0
2,323,MYCBP2,HLA-DQB1,0,0,0
22,193,ARID1B,ETS1,0,0,0
19,380,CTNNA1,PECAM1,0,0,0
123,211,GNAI2,SLC39A8,0,0,0
90,130,CD79A,ID2,0,0,0
154,324,CALD1,FCER1A,0,0,0
25,245,KMT2C,DST,0,0,0
149,168,CLU,ZFP36,0,0,0
215,245,IQGAP1,DST,0,0,0
50,142,GNB1,UBE2B,0,0,0
315,329,OLR1,ATP6AP2,0,0,0
0,38,PDK4,MEF2A,0,0,0
157,238,NR4A1,SCGB1A1,0,0,0
187,246,SLC38A2,TGOLN2,0,0,0
151,163,PDS5A,NDUFA1,0,0,0
16,238,CUL3,SCGB1A1,0,0,0
174,247,JUND,ZFP36L2,0,0,0
69,354,WAC,S100A6,0,0,0
232,249,SH3KBP1,CAST,0,0,0
25,302,KMT2C,MT1E,0,0,0
240,331,NCAM1,DAZAP2,0,0,0
115,368,MGP,HLA-E,0,0,0
112,213,HSPA8,TCF12,0,0,0
110,127,CTSC,USP34,0,0,0
165,277,VASP,ELF3,0,0,0
27,254,PPP1R12A,TRIP12,0,0,0
261,286,ETS2,CYB5A,0,0,0
144,155,EPCAM,SFTPA1,0,0,0
166,329,ID1,ATP6AP2,0,0,0
69,365,WAC,HSPA1B,0,0,0
56,312,PDS5B,HOPX,0,0,0
86,128,TRPS1,GNLY,0,0,0
264,356,RUNX1,HLA-DRB5,0,0,0
225,369,GOLGA4,SNX2,0,0,0
106,179,SMURF2,DNAJB1,0,0,0
301,329,ZEB2,ATP6AP2,0,0,0
256,304,DBI,UBB,0,0,0
28,175,TBXAS1,CLIP1,0,0,0
124,354,SSR3,S100A6,0,0,0
117,346,SOD2,FHIT,0,0,0
141,189,FOXO3,IL6ST,0,0,0
231,341,DYNLT1,MITF,0,0,0
60,349,MECOM,TCF4,0,0,0
138,267,CTSD,SQSTM1,0,0,0
18,352,MSR1,DYNC1H1,0,0,0
123,279,GNAI2,IFI16,0,0,0
16,368,CUL3,HLA-E,0,0,0
158,368,TUBA1B,HLA-E,0,0,0
274,339,S100A11,WWOX,0,0,0
119,375,QKI,HLA-DPA1,0,0,0
215,344,IQGAP1,COMMD6,0,0,0
209,230,RAB1A,BTF3,0,0,0
219,330,APP,ANXA2,0,0,0
113,194,VWF,CTSL,0,0,0
224,297,EML4,SFTPC,0,0,0
49,300,UBE2K,SFTPB,0,0,0
18,179,MSR1,DNAJB1,0,0,0
45,116,TFRC,GAPDH,0,0,0
36,240,TRAM1,NCAM1,0,0,0
156,323,ADGRE5,HLA-DQB1,0,0,0
257,338,GNAQ,LAMP1,0,0,0
14,351,VIM,FLNA,0,0,0
36,69,TRAM1,WAC,0,0,0
29,354,SLC2A3,S100A6,0,0,0
37,282,ROCK1,HPGD,0,0,0
319,348,CD163,S100A4,0,0,0
96,255,DNAJB6,CHD1,0,0,0
175,309,CLIP1,PRKCE,0,0,0
33,144,IDI1,EPCAM,0,0,0
99,275,AGR2,S100A9,0,0,0
175,350,CLIP1,HLA-DQA1,0,0,0
68,344,EZR,COMMD6,0,0,0
50,169,GNB1,CD68,0,0,0
32,204,SPI1,TRA2B,0,0,0
124,342,SSR3,COL4A1,0,0,0
29,195,SLC2A3,CD36,0,0,0
0,134,PDK4,SRSF4,0,0,0
320,346,JUN,FHIT,0,0,0
48,86,EIF4G3,TRPS1,0,0,0
277,329,ELF3,ATP6AP2,0,0,0
21,326,LMO3,NPM1,0,0,0
130,334,ID2,RPS27L,0,0,0
44,196,ACTN1,SRPK2,0,0,0
102,199,PDLIM1,USP15,0,0,0
86,91,TRPS1,NOP53,0,0,0
58,137,RAB10,MUC5B,0,0,0
97,312,TAX1BP1,HOPX,0,0,0
139,346,TNFAIP3,FHIT,0,0,0
146,153,DUSP1,ZNF644,0,0,0
9,350,PLAUR,HLA-DQA1,0,0,0
125,265,SPTBN1,BTG2,0,0,0
63,208,RFX2,THBS1,0,0,0
171,254,SAT1,TRIP12,0,0,0
143,194,KLF9,CTSL,0,0,0
95,304,CAV1,UBB,0,0,0
160,257,SLPI,GNAQ,0,0,0
76,142,HIF1A,UBE2B,0,0,0
123,353,GNAI2,S100A10,0,0,0
246,323,TGOLN2,HLA-DQB1,0,0,0
46,211,TBX21,SLC39A8,0,0,0
131,375,AAK1,HLA-DPA1,0,0,0
174,177,JUND,DIAPH1,0,0,0
59,306,CD59,FOS,0,0,0
120,304,ERBIN,UBB,0,0,0
0,349,PDK4,TCF4,0,0,0
125,163,SPTBN1,NDUFA1,0,0,0
273,289,CTSS,TPM4,0,0,0
308,342,CD14,COL4A1,0,0,0
311,362,KRT19,HLA-DMA,0,0,0
22,117,ARID1B,SOD2,0,0,0
56,135,PDS5B,ID3,0,0,0
50,250,GNB1,RANBP2,0,0,0
230,318,BTF3,CHD9,0,0,0
115,338,MGP,LAMP1,0,0,0
0,241,PDK4,LAMTOR1,0,0,0
199,319,USP15,CD163,0,0,0
24,267,ARID4B,SQSTM1,0,0,0
108,370,AREG,HLA-A,0,0,0
290,359,GPX4,CD3E,0,0,0
69,99,WAC,AGR2,0,0,0
122,140,BCL6,SGK1,0,0,0
157,180,NR4A1,PPARG,0,0,0
75,280,MYH9,PBRM1,0,0,0
20,252,HSPA5,ASAP1,0,0,0
179,320,DNAJB1,JUN,0,0,0
