domain,layer,auc_no_grouping,auc_groupkfold_tf,auc_groupkfold_target,auc_dual_axis_disjoint,delta_no_group_minus_tf,delta_no_group_minus_target,delta_no_group_minus_dual,n_test_pairs_dual
immune,0,0.5327380952380952,0.5221151489441931,0.5080743507676805,0.47324991400068794,0.010622946293902147,0.02466374447041475,0.05948818123740729,76
immune,1,0.5069444444444444,0.49638194219995685,0.5008671051749396,0.46272359821121434,0.01056250224448757,0.006077339269504822,0.04422084623323008,76
immune,2,0.48908730158730157,0.4806589703188968,0.48015021919056766,0.46148520811833504,0.008428331268404754,0.008937082396733909,0.027602093468966526,76
immune,3,0.49503968253968256,0.48248185331825033,0.4810395478631901,0.46491658066735464,0.012557829221432226,0.01400013467649247,0.030123101872327918,76
immune,4,0.5009920634920635,0.49555083090928675,0.48386059344794435,0.4531518747850017,0.005441232582776734,0.017131470044119135,0.047840188707061804,76
immune,5,0.5029761904761905,0.4915415925985779,0.4863357151105768,0.4756664946680427,0.011434597877612585,0.01664047536561364,0.027309695808147738,76
immune,6,0.4930555555555556,0.48188782724628315,0.47508508422857726,0.46455538355693166,0.011167728309272429,0.01797047132697832,0.028500171998623924,76
immune,7,0.49503968253968256,0.4873176914996768,0.4922702166116659,0.4667483660130719,0.00772199104000576,0.0027694659280166345,0.028291316526610655,76
immune,8,0.5029761904761905,0.4849831326761474,0.48422858784310663,0.45622205022359824,0.017993057800043066,0.018747602633083837,0.046754140252592225,76
immune,9,0.5287698412698413,0.492193459114415,0.48906229072559004,0.46148520811833504,0.0365763821554263,0.039707550544251236,0.06728463315150623,76
immune,10,0.5148809523809523,0.49392658505709974,0.4896626739489241,0.45095889232886127,0.020954367323852585,0.02521827843202823,0.06392206005209106,76
immune,11,0.4990079365079365,0.49322017749407454,0.4848669220968089,0.4478887168902649,0.0057877590138619706,0.014141014411127584,0.05111921961767163,76
