rep,panel,branch,n,rho,rho_diff_ct
maxtoki,external,granulocyte,57,0.5344901768062654,-0.27806916266408227
maxtoki,external,macrophage,91,,
maxtoki,external,T_lineage,219,0.20458224953297602,0.20722345983511323
maxtoki,external,B_lineage,106,0.3199871083311306,
maxtoki,external,erythroid,21,0.6482808838411874,
maxtoki,external,monocyte,54,0.06550645917886137,0.08755923319610698
maxtoki,external,NK,34,,
maxtoki,external,stem,7,0.7309879850882874,
maxtoki,external,lymphoid,7,,
maxtoki,zeroshot,granulocyte,23,0.4014940897466797,
maxtoki,zeroshot,T_lineage,56,0.2878638603990433,0.3025977060807601
maxtoki,zeroshot,monocyte,20,-0.24047454518796932,-0.27152427244212046
maxtoki,zeroshot,macrophage,14,,
maxtoki,zeroshot,stem,4,-0.2927700218845599,
maxtoki,zeroshot,B_lineage,18,0.06809576751844829,
maxtoki,zeroshot,NK,16,,
maxtoki,zeroshot,erythroid,5,0.8528028654224417,
maxtoki,lung_nonhema,granulocyte,10,-0.0955254626600592,-0.08605226206544492
maxtoki,lung_nonhema,dendritic,5,-0.1421338109037403,0.09128709291752768
maxtoki,lung_nonhema,monocyte,5,0.027741679285882632,0.027741679285882632
maxtoki,lung_nonhema,T_lineage,14,-0.015666150294630882,-0.010974180055200322
maxtoki,lung_nonhema,myeloid,3,,
maxtoki,lung_nonhema,B_lineage,4,0.0,0.05270462766947298
maxtoki,lung_nonhema,macrophage,3,,
maxtoki,internal (held out),T_lineage,101,0.03798106982899688,-0.02653777639207297
maxtoki,internal (held out),monocyte,34,0.020364924492623466,0.01788783204363156
maxtoki,internal (held out),B_lineage,45,0.28162610261737236,
maxtoki,internal (held out),erythroid,7,0.7833494518006403,
maxtoki,internal (held out),granulocyte,25,0.5301463241400665,0.21068772756528062
maxtoki,internal (held out),stem,4,0.8280786712108252,
maxtoki_pca64,external,granulocyte,57,0.6668668381164425,-0.3586018824119654
maxtoki_pca64,external,macrophage,91,,
maxtoki_pca64,external,T_lineage,219,0.32707519426137915,0.3056704324409307
maxtoki_pca64,external,B_lineage,106,0.28220268803258514,
maxtoki_pca64,external,erythroid,21,0.4798752314543861,
maxtoki_pca64,external,monocyte,54,0.003233670420864065,0.010667464056118356
maxtoki_pca64,external,NK,34,,
maxtoki_pca64,external,stem,7,0.5244044240850758,
maxtoki_pca64,external,lymphoid,7,,
maxtoki_pca64,zeroshot,granulocyte,23,0.6633142464982662,
maxtoki_pca64,zeroshot,T_lineage,56,0.5408674529914672,0.5407593700482435
maxtoki_pca64,zeroshot,monocyte,20,-0.17962506549610135,-0.22012072260696874
maxtoki_pca64,zeroshot,macrophage,14,,
maxtoki_pca64,zeroshot,stem,4,0.6831300510639732,
maxtoki_pca64,zeroshot,B_lineage,18,0.18330993341459065,
maxtoki_pca64,zeroshot,NK,16,,
maxtoki_pca64,zeroshot,erythroid,5,0.8528028654224417,
maxtoki_pca64,lung_nonhema,granulocyte,10,0.14404633258262894,0.233139530626793
maxtoki_pca64,lung_nonhema,dendritic,5,-0.42640143271122083,-0.27386127875258304
maxtoki_pca64,lung_nonhema,monocyte,5,-0.22886885410853172,-0.22886885410853172
maxtoki_pca64,lung_nonhema,T_lineage,14,0.07896271931943465,0.08922940334310626
maxtoki_pca64,lung_nonhema,myeloid,3,,
maxtoki_pca64,lung_nonhema,B_lineage,4,-0.3530939318018998,-0.3689323936863109
maxtoki_pca64,lung_nonhema,macrophage,3,,
maxtoki_pca64,internal (held out),T_lineage,101,0.07204821281608347,-0.032542113129113925
maxtoki_pca64,internal (held out),monocyte,34,-0.11064942307658751,-0.09790222053987595
maxtoki_pca64,internal (held out),B_lineage,45,0.5890725902568683,
maxtoki_pca64,internal (held out),erythroid,7,0.7833494518006403,
maxtoki_pca64,internal (held out),granulocyte,25,0.7626135875263351,0.35654846203355184
maxtoki_pca64,internal (held out),stem,4,0.8280786712108252,
lookup_ct_s0,external,granulocyte,57,0.67378366225259,-0.06363152304085312
lookup_ct_s0,external,macrophage,91,,
lookup_ct_s0,external,T_lineage,219,0.3473714728065612,0.30173869824715494
lookup_ct_s0,external,B_lineage,106,0.16961431642698607,
lookup_ct_s0,external,erythroid,21,0.4175094242204265,
lookup_ct_s0,external,monocyte,54,0.009692053716877888,-0.027425705976536555
lookup_ct_s0,external,NK,34,,
lookup_ct_s0,external,stem,7,0.2542566904654913,
lookup_ct_s0,external,lymphoid,7,,
lookup_ct_s0,zeroshot,granulocyte,23,0.7932383912293882,
lookup_ct_s0,zeroshot,T_lineage,56,0.4840973093590494,0.4418205422657624
lookup_ct_s0,zeroshot,monocyte,20,-0.07395052425186088,-0.1510570574910287
lookup_ct_s0,zeroshot,macrophage,14,,
lookup_ct_s0,zeroshot,stem,4,-0.2927700218845599,
lookup_ct_s0,zeroshot,B_lineage,18,0.1481324990093259,
lookup_ct_s0,zeroshot,NK,16,,
lookup_ct_s0,zeroshot,erythroid,5,0.8528028654224417,
lookup_ct_s0,lung_nonhema,granulocyte,10,-0.2961072731435395,-0.253543675240249
lookup_ct_s0,lung_nonhema,dendritic,5,0.21320071635561041,0.5477225575051661
lookup_ct_s0,lung_nonhema,monocyte,5,-0.4508022883955927,-0.4508022883955927
lookup_ct_s0,lung_nonhema,T_lineage,14,0.008539881291181484,0.00015215500943085368
lookup_ct_s0,lung_nonhema,myeloid,3,,
lookup_ct_s0,lung_nonhema,B_lineage,4,0.44136741475237473,0.7378647873726218
lookup_ct_s0,lung_nonhema,macrophage,3,,
lookup_ct_s0,internal (held out),T_lineage,101,0.14512451661569437,0.045485998406389075
lookup_ct_s0,internal (held out),monocyte,34,0.06725453458983675,-0.0568948464355507
lookup_ct_s0,internal (held out),B_lineage,45,0.10943135258948991,
lookup_ct_s0,internal (held out),erythroid,7,0.7659416862050704,
lookup_ct_s0,internal (held out),granulocyte,25,0.6846075611865798,0.1787244184688385
lookup_ct_s0,internal (held out),stem,4,0.4140393356054126,
lookup_ct_s1,external,granulocyte,57,0.6261629242716827,0.14054679366898593
lookup_ct_s1,external,macrophage,91,,
lookup_ct_s1,external,T_lineage,219,0.3522038376286553,0.287724846079675
lookup_ct_s1,external,B_lineage,106,0.20699396901571654,
lookup_ct_s1,external,erythroid,21,0.7568369287095205,
lookup_ct_s1,external,monocyte,54,0.18873527894142064,0.21174916151394943
lookup_ct_s1,external,NK,34,,
lookup_ct_s1,external,stem,7,0.540295467239169,
lookup_ct_s1,external,lymphoid,7,,
lookup_ct_s1,zeroshot,granulocyte,23,0.6630951501327838,
lookup_ct_s1,zeroshot,T_lineage,56,0.4219999321288995,0.37525360069468944
lookup_ct_s1,zeroshot,monocyte,20,0.468930776771317,0.4629473077178082
lookup_ct_s1,zeroshot,macrophage,14,,
lookup_ct_s1,zeroshot,stem,4,-0.09759000729485333,
lookup_ct_s1,zeroshot,B_lineage,18,0.1955736261430316,
lookup_ct_s1,zeroshot,NK,16,,
lookup_ct_s1,zeroshot,erythroid,5,0.8528028654224417,
lookup_ct_s1,lung_nonhema,granulocyte,10,-0.07148163872521436,-0.011887632079143938
lookup_ct_s1,lung_nonhema,dendritic,5,-0.2842676218074806,-0.09128709291752768
lookup_ct_s1,lung_nonhema,monocyte,5,-0.5617690055391233,-0.5617690055391233
lookup_ct_s1,lung_nonhema,T_lineage,14,0.016306433507309537,0.016737051037393907
lookup_ct_s1,lung_nonhema,myeloid,3,,
lookup_ct_s1,lung_nonhema,B_lineage,4,0.08827348295047495,0.31622776601683794
lookup_ct_s1,lung_nonhema,macrophage,3,,
lookup_ct_s1,internal (held out),T_lineage,101,0.11067694435817205,-0.0175460643223116
lookup_ct_s1,internal (held out),monocyte,34,0.07741185495405883,0.06882006779797174
lookup_ct_s1,internal (held out),B_lineage,45,0.38098676942472925,
lookup_ct_s1,internal (held out),erythroid,7,0.7137183894183612,
lookup_ct_s1,internal (held out),granulocyte,25,0.6421927536241085,0.3858106464176186
lookup_ct_s1,internal (held out),stem,4,0.8280786712108252,
lookup_ct_s2,external,granulocyte,57,0.4862130575408584,-0.38439844580690585
lookup_ct_s2,external,macrophage,91,,
lookup_ct_s2,external,T_lineage,219,0.36069563354283324,0.33687907182433924
lookup_ct_s2,external,B_lineage,106,0.1131646370067203,
lookup_ct_s2,external,erythroid,21,0.3792272428347396,
lookup_ct_s2,external,monocyte,54,-0.05524112317189089,-0.14605822963288506
lookup_ct_s2,external,NK,34,,
lookup_ct_s2,external,stem,7,0.7468790282423806,
lookup_ct_s2,external,lymphoid,7,,
lookup_ct_s2,zeroshot,granulocyte,23,0.3953593915131698,
lookup_ct_s2,zeroshot,T_lineage,56,0.43988115106489245,0.432214094455728
lookup_ct_s2,zeroshot,monocyte,20,-0.09408932002176738,-0.22705862503870705
lookup_ct_s2,zeroshot,macrophage,14,,
lookup_ct_s2,zeroshot,stem,4,0.48795003647426655,
lookup_ct_s2,zeroshot,B_lineage,18,0.21300097896765816,
lookup_ct_s2,zeroshot,NK,16,,
lookup_ct_s2,zeroshot,erythroid,5,0.21320071635561041,
lookup_ct_s2,lung_nonhema,granulocyte,10,0.12953339381114604,0.1648300030078316
lookup_ct_s2,lung_nonhema,dendritic,5,-0.2842676218074806,-0.18257418583505536
lookup_ct_s2,lung_nonhema,monocyte,5,0.24967511357294367,0.24967511357294367
lookup_ct_s2,lung_nonhema,T_lineage,14,-0.03143208498604286,-0.021140036622799233
lookup_ct_s2,lung_nonhema,myeloid,3,,
lookup_ct_s2,lung_nonhema,B_lineage,4,0.08827348295047495,0.21081851067789192
lookup_ct_s2,lung_nonhema,macrophage,3,,
lookup_ct_s2,internal (held out),T_lineage,101,0.11309911468649171,-0.14938600775993016
lookup_ct_s2,internal (held out),monocyte,34,-0.03653115467627394,-0.05774115246772252
lookup_ct_s2,internal (held out),B_lineage,45,0.4595660722185536,
lookup_ct_s2,internal (held out),erythroid,7,0.0,
lookup_ct_s2,internal (held out),granulocyte,25,0.5484459486094325,0.1260524865775183
lookup_ct_s2,internal (held out),stem,4,0.8280786712108252,
lookup_ct_s3,external,granulocyte,57,0.2804540722775496,-0.35569606262724796
lookup_ct_s3,external,macrophage,91,,
lookup_ct_s3,external,T_lineage,219,0.41790987587217154,0.42186407583911706
lookup_ct_s3,external,B_lineage,106,0.22442071224900212,
lookup_ct_s3,external,erythroid,21,0.7029183633775671,
lookup_ct_s3,external,monocyte,54,-0.04754660003190798,-0.10173663740825221
lookup_ct_s3,external,NK,34,,
lookup_ct_s3,external,stem,7,0.2383656473113981,
lookup_ct_s3,external,lymphoid,7,,
lookup_ct_s3,zeroshot,granulocyte,23,0.3355460837364475,
lookup_ct_s3,zeroshot,T_lineage,56,0.4974845576122292,0.49206996423223837
lookup_ct_s3,zeroshot,monocyte,20,-0.038220402724607465,-0.10816820609482847
lookup_ct_s3,zeroshot,macrophage,14,,
lookup_ct_s3,zeroshot,stem,4,0.6831300510639732,
lookup_ct_s3,zeroshot,B_lineage,18,0.26689668122159593,
lookup_ct_s3,zeroshot,NK,16,,
lookup_ct_s3,zeroshot,erythroid,5,0.7106690545187014,
lookup_ct_s3,lung_nonhema,granulocyte,10,0.1085221242464618,0.19570236094471286
lookup_ct_s3,lung_nonhema,dendritic,5,0.1421338109037403,0.45643546458763845
lookup_ct_s3,lung_nonhema,monocyte,5,0.24273969375147303,0.24273969375147303
lookup_ct_s3,lung_nonhema,T_lineage,14,0.22960389699328448,0.2409469671218462
lookup_ct_s3,lung_nonhema,myeloid,3,,
lookup_ct_s3,lung_nonhema,B_lineage,4,-0.08827348295047495,0.0
lookup_ct_s3,lung_nonhema,macrophage,3,,
lookup_ct_s3,internal (held out),T_lineage,101,0.1699854442119479,0.046197542898657275
lookup_ct_s3,internal (held out),monocyte,34,0.08161054926303181,0.07043574295029975
lookup_ct_s3,internal (held out),B_lineage,45,0.25777718858839105,
lookup_ct_s3,internal (held out),erythroid,7,0.6614950926316517,
lookup_ct_s3,internal (held out),granulocyte,25,0.4744720429154697,0.26921209633341414
lookup_ct_s3,internal (held out),stem,4,0.8280786712108252,
lookup_ct_s4,external,granulocyte,57,0.5671368724149689,-0.3949542809432263
lookup_ct_s4,external,macrophage,91,,
lookup_ct_s4,external,T_lineage,219,0.2928798922712686,0.2959581160323388
lookup_ct_s4,external,B_lineage,106,0.17779152143790156,
lookup_ct_s4,external,erythroid,21,0.5429599528927718,
lookup_ct_s4,external,monocyte,54,-0.06449425770144396,-0.12573843116469832
lookup_ct_s4,external,NK,34,,
lookup_ct_s4,external,stem,7,0.34960294939005054,
lookup_ct_s4,external,lymphoid,7,,
lookup_ct_s4,zeroshot,granulocyte,23,0.5650495265793654,
lookup_ct_s4,zeroshot,T_lineage,56,0.5082768734527076,0.5352492950221495
lookup_ct_s4,zeroshot,monocyte,20,0.07178506234111827,0.006622543230295621
lookup_ct_s4,zeroshot,macrophage,14,,
lookup_ct_s4,zeroshot,stem,4,0.87831006565368,
lookup_ct_s4,zeroshot,B_lineage,18,0.03517743440526476,
lookup_ct_s4,zeroshot,NK,16,,
lookup_ct_s4,zeroshot,erythroid,5,0.7106690545187014,
lookup_ct_s4,lung_nonhema,granulocyte,10,0.06281719766761262,0.17033025068624147
lookup_ct_s4,lung_nonhema,dendritic,5,0.1421338109037403,0.18257418583505536
lookup_ct_s4,lung_nonhema,monocyte,5,-0.3953189298238275,-0.3953189298238275
lookup_ct_s4,lung_nonhema,T_lineage,14,-0.04880288539235066,-0.04594130316002838
lookup_ct_s4,lung_nonhema,myeloid,3,,
lookup_ct_s4,lung_nonhema,B_lineage,4,0.9710083124552245,0.9486832980505138
lookup_ct_s4,lung_nonhema,macrophage,3,,
lookup_ct_s4,internal (held out),T_lineage,101,0.23870337958603038,0.1256373950276636
lookup_ct_s4,internal (held out),monocyte,34,-0.15135413017974478,-0.23527307694376476
lookup_ct_s4,internal (held out),B_lineage,45,0.4407488229631143,
lookup_ct_s4,internal (held out),erythroid,7,0.7833494518006403,
lookup_ct_s4,internal (held out),granulocyte,25,0.7125222425805281,0.01080449884950157
lookup_ct_s4,internal (held out),stem,4,0.4140393356054126,
lookup_cls_s0,external,granulocyte,57,0.4132058081153312,-0.3283576356730697
lookup_cls_s0,external,macrophage,91,,
lookup_cls_s0,external,T_lineage,219,0.6600102203614111,0.6612903468492461
lookup_cls_s0,external,B_lineage,106,0.30660886876072396,
lookup_cls_s0,external,erythroid,21,0.7117250623817861,
lookup_cls_s0,external,monocyte,54,0.1885919583688975,0.18518373489677725
lookup_cls_s0,external,NK,34,,
lookup_cls_s0,external,stem,7,0.2542566904654913,
lookup_cls_s0,external,lymphoid,7,,
lookup_cls_s0,zeroshot,granulocyte,23,0.5681168756961203,
lookup_cls_s0,zeroshot,T_lineage,56,0.7052609997735886,0.6781804511906074
lookup_cls_s0,zeroshot,monocyte,20,0.09885333622540118,0.0063071840288529725
lookup_cls_s0,zeroshot,macrophage,14,,
lookup_cls_s0,zeroshot,stem,4,0.48795003647426655,
lookup_cls_s0,zeroshot,B_lineage,18,0.2046100313113565,
lookup_cls_s0,zeroshot,NK,16,,
lookup_cls_s0,zeroshot,erythroid,5,0.8528028654224417,
lookup_cls_s0,lung_nonhema,granulocyte,10,0.07473080412181501,0.16376543894104256
lookup_cls_s0,lung_nonhema,dendritic,5,0.1421338109037403,0.3651483716701107
lookup_cls_s0,lung_nonhema,monocyte,5,0.6311232037538299,0.6311232037538299
lookup_cls_s0,lung_nonhema,T_lineage,14,-0.0444539487659749,-0.04141469162946049
lookup_cls_s0,lung_nonhema,myeloid,3,,
lookup_cls_s0,lung_nonhema,B_lineage,4,0.0,0.05270462766947298
lookup_cls_s0,lung_nonhema,macrophage,3,,
lookup_cls_s0,internal (held out),T_lineage,101,0.12392406061494046,-0.1965195359372695
lookup_cls_s0,internal (held out),monocyte,34,-0.07665759849136906,-0.22607911595789823
lookup_cls_s0,internal (held out),B_lineage,45,0.45246730539623187,
lookup_cls_s0,internal (held out),erythroid,7,0.5222329678670935,
lookup_cls_s0,internal (held out),granulocyte,25,0.8279804664571638,0.38896195858205657
lookup_cls_s0,internal (held out),stem,4,0.8280786712108252,
lookup_cls_s1,external,granulocyte,57,0.3841912735098555,-0.3765408718992516
lookup_cls_s1,external,macrophage,91,,
lookup_cls_s1,external,T_lineage,219,0.5794313623430967,0.4979758976909102
lookup_cls_s1,external,B_lineage,106,0.22280294070833587,
lookup_cls_s1,external,erythroid,21,0.6046068459223051,
lookup_cls_s1,external,monocyte,54,0.033062264607781895,-0.027012771982235072
lookup_cls_s1,external,NK,34,,
lookup_cls_s1,external,stem,7,0.2701477336195845,
lookup_cls_s1,external,lymphoid,7,,
lookup_cls_s1,zeroshot,granulocyte,23,0.39119656056900226,
lookup_cls_s1,zeroshot,T_lineage,56,0.5608774385519673,0.5437150436638204
lookup_cls_s1,zeroshot,monocyte,20,0.12159068628819882,-0.0006307184028852972
lookup_cls_s1,zeroshot,macrophage,14,,
lookup_cls_s1,zeroshot,stem,4,0.48795003647426655,
lookup_cls_s1,zeroshot,B_lineage,18,0.3246651285476729,
lookup_cls_s1,zeroshot,NK,16,,
lookup_cls_s1,zeroshot,erythroid,5,0.8528028654224417,
lookup_cls_s1,lung_nonhema,granulocyte,10,0.1553101059575112,0.2065254289570678
lookup_cls_s1,lung_nonhema,dendritic,5,0.5685352436149612,0.8215838362577491
lookup_cls_s1,lung_nonhema,monocyte,5,0.027741679285882632,0.027741679285882632
lookup_cls_s1,lung_nonhema,T_lineage,14,-0.07080534488258067,-0.08170724006436843
lookup_cls_s1,lung_nonhema,myeloid,3,,
lookup_cls_s1,lung_nonhema,B_lineage,4,0.6179143806533246,0.9486832980505138
lookup_cls_s1,lung_nonhema,macrophage,3,,
lookup_cls_s1,internal (held out),T_lineage,101,0.1430431861402201,-0.023087890708317727
lookup_cls_s1,internal (held out),monocyte,34,-0.025066456443389624,-0.11982924046432754
lookup_cls_s1,internal (held out),B_lineage,45,0.5947516037147256,
lookup_cls_s1,internal (held out),erythroid,7,0.5396407334626633,
lookup_cls_s1,internal (held out),granulocyte,25,0.3232675186982502,0.013505623561876963
lookup_cls_s1,internal (held out),stem,4,0.4140393356054126,
lookup_cls_s2,external,granulocyte,57,0.3715393860723852,-0.3700176029947838
lookup_cls_s2,external,macrophage,91,,
lookup_cls_s2,external,T_lineage,219,0.6084436954736188,0.5601865680699643
lookup_cls_s2,external,B_lineage,106,0.42626679685904595,
lookup_cls_s2,external,erythroid,21,0.2994277661434484,
lookup_cls_s2,external,monocyte,54,0.04669563403519819,0.03561556547768549
lookup_cls_s2,external,NK,34,,
lookup_cls_s2,external,stem,7,0.540295467239169,
lookup_cls_s2,external,lymphoid,7,,
lookup_cls_s2,zeroshot,granulocyte,23,0.4126680043862872,
lookup_cls_s2,zeroshot,T_lineage,56,0.5604790429192009,0.5360422769679628
lookup_cls_s2,zeroshot,monocyte,20,0.14844241398140745,0.13308158300879774
lookup_cls_s2,zeroshot,macrophage,14,,
lookup_cls_s2,zeroshot,stem,4,0.87831006565368,
lookup_cls_s2,zeroshot,B_lineage,18,0.37049261190132055,
lookup_cls_s2,zeroshot,NK,16,,
lookup_cls_s2,zeroshot,erythroid,5,0.8528028654224417,
lookup_cls_s2,lung_nonhema,granulocyte,10,-0.3639065244192732,-0.3301922880490577
lookup_cls_s2,lung_nonhema,dendritic,5,-0.42640143271122083,-0.27386127875258304
lookup_cls_s2,lung_nonhema,monocyte,5,0.24967511357294367,0.24967511357294367
lookup_cls_s2,lung_nonhema,T_lineage,14,-0.1337110916866585,-0.13351602077557412
lookup_cls_s2,lung_nonhema,myeloid,3,,
lookup_cls_s2,lung_nonhema,B_lineage,4,-0.44136741475237473,-0.5270462766947299
lookup_cls_s2,lung_nonhema,macrophage,3,,
lookup_cls_s2,internal (held out),T_lineage,101,0.3979342120839012,0.1687432562979453
lookup_cls_s2,internal (held out),monocyte,34,0.13239715108414218,0.016772246819405073
lookup_cls_s2,internal (held out),B_lineage,45,0.6997177216294495,
lookup_cls_s2,internal (held out),erythroid,7,0.5396407334626633,
lookup_cls_s2,internal (held out),granulocyte,25,0.6856931321296779,0.06617755545319713
lookup_cls_s2,internal (held out),stem,4,0.8280786712108252,
tokenbag_pca64,external,granulocyte,57,0.5366827109288589,-0.27646799666025845
tokenbag_pca64,external,macrophage,91,,
tokenbag_pca64,external,T_lineage,219,0.09386164503109856,0.09064208847195565
tokenbag_pca64,external,B_lineage,106,0.3198576582499998,
tokenbag_pca64,external,erythroid,21,0.455611877055007,
tokenbag_pca64,external,monocyte,54,0.05384374758979019,0.06908043255696002
tokenbag_pca64,external,NK,34,,
tokenbag_pca64,external,stem,7,0.8581163303210331,
tokenbag_pca64,external,lymphoid,7,,
tokenbag_pca64,zeroshot,granulocyte,23,0.28164837782775265,
tokenbag_pca64,zeroshot,T_lineage,56,-0.038065952964214465,0.010753564857161743
tokenbag_pca64,zeroshot,monocyte,20,-0.18742072837477483,-0.180385463225195
tokenbag_pca64,zeroshot,macrophage,14,,
tokenbag_pca64,zeroshot,stem,4,0.2927700218845599,
tokenbag_pca64,zeroshot,B_lineage,18,0.23462380562043558,
tokenbag_pca64,zeroshot,NK,16,,
tokenbag_pca64,zeroshot,erythroid,5,0.21320071635561041,
tokenbag_pca64,lung_nonhema,granulocyte,10,-0.14491277668838912,-0.09740761211119434
tokenbag_pca64,lung_nonhema,dendritic,5,0.0,0.27386127875258304
tokenbag_pca64,lung_nonhema,monocyte,5,-0.12483755678647183,-0.12483755678647183
tokenbag_pca64,lung_nonhema,T_lineage,14,0.059246985588771256,0.07051433718311124
tokenbag_pca64,lung_nonhema,myeloid,3,,
tokenbag_pca64,lung_nonhema,B_lineage,4,-0.08827348295047495,0.10540925533894596
tokenbag_pca64,lung_nonhema,macrophage,3,,
tokenbag_pca64,internal (held out),T_lineage,101,0.02286822423391256,-0.06481435275632093
tokenbag_pca64,internal (held out),monocyte,34,-0.10800952545717335,-0.07639835363151028
tokenbag_pca64,internal (held out),B_lineage,45,0.5507098244761349,
tokenbag_pca64,internal (held out),erythroid,7,0.7833494518006403,
tokenbag_pca64,internal (held out),granulocyte,25,0.4998278785149727,-0.09363899002901362
tokenbag_pca64,internal (held out),stem,4,0.8280786712108252,
hvg_pca64,external,granulocyte,57,0.6625976013705283,-0.11086592015365788
hvg_pca64,external,macrophage,91,,
hvg_pca64,external,T_lineage,219,0.08672206210153044,0.10247766181607214
hvg_pca64,external,B_lineage,106,0.2106055787345902,
hvg_pca64,external,erythroid,21,0.4209242666914502,
hvg_pca64,external,monocyte,54,-0.019599088292540503,-0.025498680211560334
hvg_pca64,external,NK,34,,
hvg_pca64,external,stem,7,0.8422252871669399,
hvg_pca64,external,lymphoid,7,,
hvg_pca64,zeroshot,granulocyte,23,0.6238769007114163,
hvg_pca64,zeroshot,T_lineage,56,0.10137983274694189,0.08407112274532831
hvg_pca64,zeroshot,monocyte,20,-0.16619920164949703,-0.20498348093772162
hvg_pca64,zeroshot,macrophage,14,,
hvg_pca64,zeroshot,stem,4,-0.6831300510639732,
hvg_pca64,zeroshot,B_lineage,18,0.020009182872719404,
hvg_pca64,zeroshot,NK,16,,
hvg_pca64,zeroshot,erythroid,5,0.2842676218074806,
hvg_pca64,lung_nonhema,granulocyte,10,-0.07927963567705594,-0.051099075205872445
hvg_pca64,lung_nonhema,dendritic,5,-0.497468338163091,-0.3651483716701107
hvg_pca64,lung_nonhema,monocyte,5,-0.07628961803617723,-0.07628961803617723
hvg_pca64,lung_nonhema,T_lineage,14,-0.15543914408574053,-0.16884451202780046
hvg_pca64,lung_nonhema,myeloid,3,,
hvg_pca64,lung_nonhema,B_lineage,4,0.08827348295047495,0.10540925533894596
hvg_pca64,lung_nonhema,macrophage,3,,
hvg_pca64,internal (held out),T_lineage,101,0.08663053125070161,0.039473665214494795
hvg_pca64,internal (held out),monocyte,34,-0.11597950207959513,-0.11605933177556217
hvg_pca64,internal (held out),B_lineage,45,0.4192906853250703,
hvg_pca64,internal (held out),erythroid,7,0.7833494518006403,
hvg_pca64,internal (held out),granulocyte,25,0.7414449541359244,0.3403417137592995
hvg_pca64,internal (held out),stem,4,0.2070196678027063,
