panel,anchor,sel_i,assay,tokens_equal_up_to_ties,n_positions_differ,len,stored_pad_to,state_max_abs_diff,state_max_rel_diff,nll_v3,top1_v3
internal,ts_immune_all_0353,11765,10x 3' v3,True,2,2899,256,2.384185791015625e-07,1.2120665815018583e-05,2.9804232120513916,0.23438039422035217
internal,ts_immune_all_0353,11766,10x 3' v3,True,0,1612,256,3.814697265625e-06,2.2328084014588967e-05,3.1603550910949707,0.19875776767730713
internal,ts_immune_all_0353,11767,10x 3' v3,True,0,2232,256,4.76837158203125e-07,7.156297215260565e-06,3.1508429050445557,0.1946188360452652
internal,ts_immune_all_0353,11768,10x 3' v3,True,0,2269,256,9.5367431640625e-07,1.0933034900517669e-05,3.136383533477783,0.1998235583305359
internal,ts_immune_all_0353,11769,10x 3' v3,True,0,2239,256,2.384185791015625e-07,1.4138453479972668e-05,3.0650253295898438,0.2096557915210724
internal,ts_immune_all_0353,11770,10x 3' v3,True,0,2086,256,2.384185791015625e-07,5.464649348141393e-06,2.973065137863159,0.22024951875209808
internal,ts_immune_all_0353,11771,10x 3' v3,True,0,1604,256,1.9073486328125e-06,1.627504389034584e-05,3.1120877265930176,0.19850187003612518
internal,ts_immune_all_0353,11772,10x 3' v3,True,0,1980,256,4.76837158203125e-07,7.067606929922476e-06,3.0534818172454834,0.21334680914878845
internal,ts_immune_all_0353,11773,10x 3' v3,True,0,2297,256,2.384185791015625e-07,9.721562491904479e-06,3.032696008682251,0.2078431397676468
internal,ts_immune_all_0353,11774,10x 3' v3,True,0,1887,256,9.5367431640625e-07,1.751859235810116e-05,3.114820957183838,0.19469496607780457
internal,ts_immune_all_0353,11775,10x 3' v3,True,0,3027,256,2.384185791015625e-07,9.994714673666749e-06,3.140639066696167,0.2042975276708603
internal,ts_immune_all_0353,11776,10x 3' v3,True,0,1726,256,1.9073486328125e-06,2.4939085051300935e-05,3.224127769470215,0.19431553781032562
internal,ts_immune_all_0353,11777,10x 3' v3,True,0,2581,256,1.9073486328125e-06,5.93836375628598e-06,3.0292351245880127,0.22605660557746887
external,ts_immune_all_0829,3340,10x 3' v3,True,0,1827,256,2.384185791015625e-07,6.2861408878234215e-06,3.1619369983673096,0.19780822098255157
external,ts_immune_all_0829,3341,10x 3' v3,True,2,2487,256,4.76837158203125e-07,1.1701430594257545e-05,2.9885919094085693,0.21287725865840912
external,ts_immune_all_0829,3342,10x 3' v3,True,0,1963,256,4.76837158203125e-07,1.3124275938025676e-05,3.038982391357422,0.21519632637500763
external,ts_immune_all_0829,3343,10x 3' v3,True,0,1729,256,4.76837158203125e-07,9.145922376774251e-06,3.162081241607666,0.21019108593463898
external,ts_immune_all_0829,3344,10x 3' v3,True,0,1835,256,4.76837158203125e-07,1.4781049685552716e-05,3.208862543106079,0.18330605328083038
external,ts_immune_all_0829,3345,10x 3' v3,True,0,1856,256,4.76837158203125e-07,1.1166250260430388e-05,3.0825512409210205,0.20388349890708923
external,ts_immune_all_0829,3346,10x 3' v3,True,0,2373,256,4.76837158203125e-07,1.022193373501068e-05,2.9223968982696533,0.22311261296272278
external,ts_immune_all_0829,3347,10x 3' v3,True,0,1872,256,9.5367431640625e-07,1.63044169312343e-05,3.2013912200927734,0.19625668227672577
external,ts_immune_all_0829,3348,10x 3' v3,True,0,1710,256,4.76837158203125e-07,1.0808269507833757e-05,3.1763792037963867,0.19789227843284607
external,ts_immune_all_0829,3349,10x 3' v3,True,0,1930,256,2.384185791015625e-07,1.391579098708462e-05,3.1044974327087402,0.20280082523822784
external,ts_immune_all_0829,3350,10x 3' v3,True,2,2437,256,1.1920928955078125e-07,3.987821855844231e-06,3.0203843116760254,0.21601642668247223
external,ts_immune_all_0829,3351,10x 3' v3,True,0,1709,256,2.384185791015625e-07,3.302513141534291e-05,3.2520699501037598,0.18570591509342194
external,ts_immune_all_0829,3352,10x 3' v3,True,0,2543,256,4.76837158203125e-07,8.274338142655324e-06,3.112400531768799,0.19480518996715546
external,ts_immune_all_0829,3353,10x 3' v3,True,0,1474,256,1.9073486328125e-06,9.775330909178592e-06,3.250739097595215,0.18410326540470123
external,ts_immune_all_0829,3354,10x 3' v3,True,0,1519,256,1.9073486328125e-06,1.165554112958489e-05,3.153672933578491,0.1760052740573883
external,ts_immune_all_0829,3355,10x 3' v3,True,0,1937,256,2.384185791015625e-07,4.870155407843413e-06,3.009861707687378,0.21808785200119019
external,ts_immune_all_0829,3356,10x 3' v3,True,0,2468,256,4.76837158203125e-07,1.1618607459240593e-05,3.05979585647583,0.20802919566631317
external,ts_immune_all_0829,3357,10x 3' v3,True,0,2854,256,9.5367431640625e-07,1.0011031918111257e-05,3.0848143100738525,0.20196352899074554
external,ts_immune_all_0829,3358,10x 3' v3,True,0,1453,256,3.814697265625e-06,1.9795746993622743e-05,3.2663424015045166,0.2005513459444046
external,ts_immune_all_0829,3359,10x 3' v3,True,0,2976,256,9.5367431640625e-07,9.286302883992903e-06,3.000112295150757,0.2195696085691452
lung_nonhema,lung_nonhema_0031,930,10x 3' v3,True,0,1689,256,2.384185791015625e-07,9.806423804548103e-06,3.128425121307373,0.20687611401081085
lung_nonhema,lung_nonhema_0031,931,10x 3' v3,True,0,2859,256,4.76837158203125e-07,9.403625881532207e-06,3.004296064376831,0.22296114265918732
lung_nonhema,lung_nonhema_0031,932,10x 3' v3,True,0,2817,256,0.0,0.0,2.906292200088501,0.22238010168075562
lung_nonhema,lung_nonhema_0031,933,10x 3' v3,True,2,3139,256,2.384185791015625e-07,6.955172921152553e-06,3.2329533100128174,0.20274147391319275
lung_nonhema,lung_nonhema_0031,934,10x 3' v3,True,0,1669,256,2.384185791015625e-07,4.378839548735414e-06,3.190310001373291,0.19916017353534698
lung_nonhema,lung_nonhema_0031,935,10x 3' v3,True,0,2733,256,2.384185791015625e-07,1.010754203889519e-05,2.9200327396392822,0.22299523651599884
lung_nonhema,lung_nonhema_0031,936,10x 3' v3,True,0,2602,256,2.384185791015625e-07,6.673577900073724e-06,3.0871875286102295,0.21115384995937347
lung_nonhema,lung_nonhema_0031,937,10x 3' v3,True,0,2275,256,2.384185791015625e-07,1.2976750440429896e-05,3.0797019004821777,0.20633524656295776
lung_nonhema,lung_nonhema_0031,938,10x 3' v3,True,0,2190,256,2.384185791015625e-07,3.910167833964806e-06,3.1251840591430664,0.17824497818946838
lung_nonhema,lung_nonhema_0031,939,10x 3' v3,True,0,3803,256,9.5367431640625e-07,1.2627725482161622e-05,2.877716541290283,0.22415153682231903
lung_nonhema,lung_nonhema_0031,940,Smart-seq2,True,0,2076,256,2.384185791015625e-07,1.2418686310411431e-05,8.216176986694336,0.011089681647717953
lung_nonhema,lung_nonhema_0031,941,10x 3' v3,True,0,4096,256,0.0,0.0,2.8679587841033936,0.24035173654556274
lung_nonhema,lung_nonhema_0031,942,10x 3' v3,True,0,2017,256,4.76837158203125e-07,9.386597412230913e-06,3.1551148891448975,0.1826302707195282
lung_nonhema,lung_nonhema_0031,943,10x 3' v3,True,0,2211,256,3.814697265625e-06,5.230636361375218e-06,3.109100818634033,0.20507016777992249
lung_nonhema,lung_nonhema_0031,944,10x 3' v3,True,2,3790,256,3.814697265625e-06,6.576120085810544e-06,2.8502776622772217,0.2375923991203308
lung_nonhema,lung_nonhema_0031,945,10x 3' v3,True,0,3876,256,4.76837158203125e-07,5.018680894863792e-06,3.0035910606384277,0.22096024453639984
lung_nonhema,lung_nonhema_0031,946,10x 3' v3,True,0,1773,256,9.5367431640625e-07,2.978878910653293e-05,3.1139962673187256,0.19988706707954407
lung_nonhema,lung_nonhema_0031,947,10x 3' v3,True,0,2136,256,4.76837158203125e-07,8.293700375361368e-06,3.091151237487793,0.19962511956691742
lung_nonhema,lung_nonhema_0031,948,10x 3' v3,True,0,2291,256,4.76837158203125e-07,5.4197184908844065e-06,3.05293345451355,0.21013543009757996
lung_nonhema,lung_nonhema_0031,949,10x 3' v3,True,0,2466,256,4.76837158203125e-07,4.27758368459763e-06,3.107278823852539,0.19886364042758942
lung_nonhema,lung_nonhema_0031,950,Smart-seq2,True,0,3480,256,2.384185791015625e-07,1.0607406693452504e-05,8.3443603515625,0.01035077590495348
lung_nonhema,lung_nonhema_0031,951,10x 3' v3,True,0,2557,256,2.384185791015625e-07,9.224725545209367e-06,2.959764242172241,0.21800391376018524
lung_nonhema,lung_nonhema_0031,952,10x 3' v3,True,0,1537,256,0.0,0.0,3.3270771503448486,0.18631921708583832
lung_nonhema,lung_nonhema_0031,953,10x 3' v3,True,0,2389,256,4.76837158203125e-07,9.427299119124655e-06,3.094536781311035,0.204859659075737
lung_nonhema,lung_nonhema_0031,954,10x 3' v3,True,0,3243,256,4.76837158203125e-07,3.653121211755206e-06,2.9275083541870117,0.23048441112041473
lung_nonhema,lung_nonhema_0031,955,10x 3' v3,True,0,2039,256,3.814697265625e-06,1.256582163478015e-05,2.980679988861084,0.221404030919075
lung_nonhema,lung_nonhema_0031,956,10x 3' v3,True,2,4096,256,0.0,0.0,2.9908182621002197,0.21470443904399872
lung_nonhema,lung_nonhema_0031,957,10x 3' v3,True,0,3486,256,2.384185791015625e-07,4.758453542308416e-06,2.9608545303344727,0.2235935777425766
lung_nonhema,lung_nonhema_0031,958,10x 3' v3,True,0,4096,256,0.0,0.0,2.8923256397247314,0.23448950052261353
lung_nonhema,lung_nonhema_0031,959,10x 3' v3,True,0,2370,256,2.384185791015625e-07,1.1510342119436245e-05,2.964489221572876,0.22635135054588318
