seed,tenx_internal_trust,tenx_external_trust,tenx_external_random,tenx_external_global,tenx_external_global_diff_ct,tenx_external_branch,tenx_external_branch_diff_ct,tenx_external_donor,tenx_zeroshot_trust,tenx_zeroshot_random,tenx_zeroshot_global,tenx_zeroshot_global_diff_ct,tenx_zeroshot_branch,tenx_zeroshot_branch_diff_ct,tenx_zeroshot_donor,all_internal_trust,all_external_trust,all_external_random,all_external_global,all_external_global_diff_ct,all_external_branch,all_external_branch_diff_ct,all_external_donor,all_zeroshot_trust,all_zeroshot_random,all_zeroshot_global,all_zeroshot_global_diff_ct,all_zeroshot_branch,all_zeroshot_branch_diff_ct,all_zeroshot_donor
42,0.864780942741469,0.9094409607693887,0.8618856900674636,0.8676689304883758,0.8404789731040564,0.45765091551856374,-0.0018697109663412352,0.889289020527774,0.8521861825105399,0.8709153292046651,0.8707522766631723,0.8592601019535536,0.3288033839813922,0.04725604943019343,0.7917838190393085,0.8585261229998072,0.9112162254682824,0.8643874205005838,0.8676638277492611,0.8397697489690673,0.4420374190096592,-0.002695774417196021,0.8877845512405328,0.8463620291037672,0.8781569442693004,0.8741504369404522,0.8611795926070007,0.34687909891206126,0.061648867093435936,0.8823707550385584
0,0.8701609793715057,0.911877922360361,0.8589936795167521,0.8660670598225954,0.8379873753973007,0.4422809291392043,0.008299455543694092,0.8806776602565942,0.848187814497484,0.8673756081783507,0.8666528531836247,0.8550792721071163,0.3377017378368087,0.07555707567755231,0.791072299165291,0.8571055041449778,0.9084232443687299,0.8627133080483521,0.8661815399222603,0.8368204538086981,0.4388044457705254,0.00455257565474639,0.885528703669027,0.8388718890248879,0.8758814390321268,0.8750494841424887,0.8613661218640174,0.3291312477406148,0.06687612959394743,0.8808175511882073
1,0.8649387892808945,0.9108358403711624,0.8730797766260643,0.8756524347862488,0.8479978077755416,0.45843056565131324,0.020884627345464923,0.8874273348019991,0.8590167278661771,0.8716759182252177,0.8724672780610276,0.8596693595104975,0.27210064782843313,0.0821356839632201,0.7986382073848419,0.8565078561789088,0.9108197308911361,0.8648110353419038,0.8668553742352484,0.8364449916211971,0.4606719674389565,0.026888130569223633,0.8904623772605552,0.8489868081055352,0.8735761484580029,0.8743241415821793,0.8602256045546164,0.3598732891033601,0.08177968315257836,0.8789736931142322
2,0.8681933198380567,0.9156934527045804,0.8656062199916594,0.8715855969809359,0.8449063060266441,0.45547412783235713,0.023088598556699463,0.8879981641463238,0.8587005303957569,0.8605266138853598,0.8588806202082951,0.8458776490077173,0.2751072865285994,0.07052218730544788,0.7903328431919167,0.859493686138423,0.9130325693412431,0.8595560978558463,0.8619847998127949,0.8299944550472443,0.4492825921534918,0.04725958547159833,0.8859995869740658,0.8529987760097919,0.8672305177853856,0.8672061389859654,0.8522895182513013,0.34057229146061846,0.06469623406871898,0.8784767098920249
3,0.8726684499710815,0.9157282894551371,0.867818141604916,0.8733161896596673,0.847354626968984,0.4739867861942824,0.010261331716232327,0.8941749260338344,0.8509655922752618,0.8666417144208373,0.865967429124142,0.8545252758318784,0.33617299913419585,0.06314169822309156,0.7986545284696518,0.8648375747059958,0.9138185105980242,0.8683495408621071,0.8696617410430812,0.8418730775531201,0.4658548663211859,0.011098569920128384,0.8972155925836741,0.8425744594043247,0.8702315796372024,0.8689982440877514,0.8556660904549074,0.3116962055385259,0.05944281259587014,0.8798454828482687
4,0.8690909967225757,0.9091689119254454,0.8668585356823792,0.871939290200635,0.8457524260636966,0.45059844173809555,0.0232982996173564,0.8941663123607565,0.8528185774513803,0.8640933217705798,0.8646400340081156,0.853068006370246,0.340917123109589,0.07644066399432238,0.796646527108397,0.8609179197994987,0.905804245653461,0.8620073179459704,0.8660352940161713,0.8374571985445042,0.4543543653796583,0.0114933074657953,0.8882350327374705,0.8458418332653339,0.8711432505729203,0.8687563214969203,0.8551846294785236,0.3436534026165786,0.06895990936507633,0.8787045198303748
5,0.8712900038557934,0.9165122170269149,0.8573694276042207,0.8655908202626176,0.8399269222814482,0.48564225056552274,0.027675287534279207,0.8853164898723692,0.8525363797089623,0.8634817299337044,0.8616008568573472,0.8513650176328451,0.365042993295518,0.07945459959094738,0.7910521986877896,0.8622794968189704,0.91060124606828,0.8598131606470517,0.8635381555488801,0.8351753932619999,0.47913286432330054,0.024513306162549802,0.8937980304148144,0.8410138718890249,0.8673279717039263,0.864796250010255,0.8509208138803434,0.35594310071662827,0.07933045262031585,0.8812208730326514
6,0.8683957489878542,0.9120885538117043,0.8577704766544991,0.8646288839447791,0.8369681178582276,0.4577026402172188,0.014640470970784969,0.8817128515313931,0.8645110839113287,0.8653586494630569,0.863467792155404,0.8518958633054182,0.31992404221341075,0.08085612549044116,0.8782556135877556,0.8534171968382495,0.9089522394190921,0.8640700987800296,0.8684377455057815,0.8396448232787008,0.4679571634427506,0.03706713798315837,0.888370426608526,0.8546885624915,0.8756615099726275,0.8730409151419013,0.8603773881582003,0.343116347503415,0.06041047114384558,0.8813357293975113
7,0.8720816464237517,0.9110915783665793,0.8682099683535529,0.8735980745893988,0.8474350376176928,0.4420850953049846,0.011608095074037752,0.8904525383860897,0.8599653202774378,0.8690003443607193,0.8686802815253852,0.8576937581873207,0.34424808426515263,0.06047611657034778,0.7928082279558016,0.8606130711393869,0.9134189954933729,0.872515057018472,0.8759896328461845,0.8489424051783557,0.47124494187787125,0.0014243744646225316,0.8994282944049425,0.8500883992928057,0.8792498506021529,0.8757363398814625,0.8618565629701422,0.3552204707103925,0.09468136953883034,0.88264151771358
8,0.8694054848660111,0.9102524758257116,0.8727864784506043,0.8775238253284817,0.8507359955967065,0.4507331194311734,-0.003386255908476299,0.890704453140671,0.8593227254181967,0.8712222426633446,0.8726398695210951,0.8608914413009441,0.35136363648992075,0.07973615987303738,0.7981735626762156,0.855589695392327,0.9090064075456804,0.8662464681663762,0.8691539911375161,0.8404856900346279,0.4580232291202238,0.0009715880647496224,0.8870696446833614,0.8500339997280022,0.8714696779298755,0.8715703384443169,0.8584280422531522,0.34334122311477844,0.06247361604708557,0.8803366814388778
