src_layer,tgt_layer,n_edges_v3,n_inhibitory_v3,n_edges_v2,n_inhibitory_v2,n_edges_deployed,n_inhibitory_deployed,share_inhibitory_v3,share_inhibitory_v2,share_inhibitory_deployed
0,1,37382,21709,34539,19993,0,0,0.5807340431223583,0.5788528909348852,
0,2,34741,20640,31578,18708,146332,143370,0.5941107049307734,0.592437773133194,0.9797583577071317
0,3,33911,19809,26811,15979,142019,139685,0.584146737046976,0.59598672186789,0.9835655792534802
0,4,24369,14204,15439,9908,139162,137028,0.5828716812343552,0.641751408769998,0.9846653540478004
0,5,22319,13247,16858,10305,132216,130849,0.5935301760831578,0.6112824771621782,0.9896608579899558
0,6,23143,13286,21746,12501,118418,116787,0.5740828760316294,0.5748643428676539,0.9862267560674898
0,7,20697,11681,23693,13266,113720,112199,0.5643813113011548,0.5599122103574895,0.9866250439676398
0,8,19963,11098,25480,14004,93845,92582,0.5559284676651806,0.549607535321821,0.9865416378070222
0,9,19353,10472,23418,12994,98722,97647,0.5411047382834703,0.5548723204372705,0.9891108364903466
0,10,18544,9669,14162,8221,108583,107113,0.5214085418464194,0.5804971049286823,0.9864619691848632
0,11,17413,9883,10301,6086,96577,95618,0.5675644633319933,0.5908164255897486,0.9900700995060936
3,4,2360,1717,2349,1917,0,0,0.7275423728813559,0.8160919540229885,
3,5,2207,1521,3469,2178,103673,65587,0.689170820117807,0.6278466416834823,0.6326333760959941
3,6,2447,1267,3694,2126,95596,76689,0.5177768696362893,0.5755278830536005,0.8022197581488765
3,7,2253,1223,4962,2682,90816,75090,0.5428317798490901,0.5405078597339782,0.8268366807610994
3,8,2149,1204,5373,2814,75283,59467,0.5602605863192183,0.5237297599106644,0.789912729301436
3,9,2137,1209,4023,2145,82210,67809,0.5657463734206832,0.5331841909023117,0.8248266634229412
3,10,2287,1215,1686,903,91162,81281,0.5312636641888937,0.5355871886120996,0.8916105394791689
3,11,2438,1319,801,416,81305,73919,0.5410172272354389,0.519350811485643,0.9091568784207613
6,7,2598,1659,774,533,0,0,0.6385681293302541,0.6886304909560723,
6,8,3134,2136,594,418,71274,39052,0.6815571155073389,0.7037037037037037,0.5479136852148049
6,9,3695,2528,377,287,71116,37061,0.6841677943166441,0.7612732095490716,0.5211344845041903
6,10,4302,3090,211,164,62448,39689,0.7182705718270572,0.7772511848341233,0.6355527799128875
6,11,4863,2584,114,91,50591,34860,0.531359243265474,0.7982456140350878,0.6890553655788579
9,10,4138,2827,290,245,0,0,0.6831802803286612,0.8448275862068966,
9,11,5544,3226,163,140,78943,67044,0.5818903318903319,0.8588957055214724,0.8492709929949457
