baseline,reference,n_valid,mean_auc_baseline,mean_auc_reference,mean_delta,median_delta,wilcoxon_W,wilcoxon_p_raw,wilcoxon_p_bh
gene_variance,attention_primary,155,0.596080029636302,0.5398362497364162,0.056243779899885896,0.034111261872455834,3795.0,5.8303999171029186e-05,9.474399865292243e-05
gene_variance,attention_primary_norm,155,0.596080029636302,0.5398362497364162,0.056243779899885896,0.034111261872455834,3795.0,5.8303999171029186e-05,9.474399865292243e-05
gene_variance,spearman,155,0.596080029636302,0.49237943339262125,0.10370059624368078,0.08149250613609066,1348.0,4.8169825024786425e-17,6.262077253222235e-16
gene_mean_expr,attention_primary,155,0.5723720568702793,0.5398362497364162,0.03253580713386312,0.03976121767668206,4022.0,0.0003014605291018762,0.00039189868783243907
gene_mean_expr,attention_primary_norm,155,0.5723720568702793,0.5398362497364162,0.03253580713386312,0.03976121767668206,4022.0,0.0003014605291018762,0.00039189868783243907
gene_mean_expr,spearman,155,0.5723720568702793,0.49237943339262125,0.079992623477658,0.08926174496644301,2459.0,1.4908926821934926e-10,9.690802434257701e-10
gene_one_minus_dropout,attention_primary,155,0.5603583974949601,0.5398362497364162,0.02052214775854388,0.03468426054281215,4523.0,0.006547612607010519,0.007093246990928061
gene_one_minus_dropout,attention_primary_norm,155,0.5603583974949601,0.5398362497364162,0.02052214775854388,0.03468426054281215,4523.0,0.006547612607010519,0.007093246990928061
gene_one_minus_dropout,spearman,155,0.5603583974949601,0.49237943339262125,0.06797896410233874,0.08078522504892366,2930.0,2.6234202156265803e-08,1.1368154267715181e-07
gene_tf_out_degree,attention_primary,155,0.5013871769336329,0.5398362497364162,-0.038449072802783354,-0.041316966761563156,3485.0,4.79919671635384e-06,1.0398259552099984e-05
gene_tf_out_degree,attention_primary_norm,155,0.5013871769336329,0.5398362497364162,-0.038449072802783354,-0.041316966761563156,3485.0,4.79919671635384e-06,1.0398259552099984e-05
gene_tf_out_degree,spearman,155,0.5013871769336329,0.49237943339262125,0.009007743541011514,0.0031814574823887387,5545.0,0.3717296310641406,0.3717296310641406
attention_primary,spearman,155,0.5398362497364162,0.49237943339262125,0.04745681634379486,0.05162677006068783,3459.0,3.840584497208231e-06,1.0398259552099984e-05
