tf,n_targets,forward,transpose,sym_mean,sym_max,rank_conditioned,order_share_F,coexpr_abs_spearman,gene_variance,gene_variance_storedX
HDAC1,8,0.4869215291750503,0.3822937625754527,0.44626089872568747,0.48667002012072436,0.4727531857813548,0.5183601609657947,0.5034372904091214,0.829309188464118,0.8132964453386988
JUN,9,0.536614466815809,0.3111111111111111,0.4877703206562267,0.5218493661446681,0.5002237136465324,0.6720357941834452,0.5806114839671886,0.5505592841163311,0.5526472781506339
NFE2L2,3,0.660873440285205,0.47259358288770054,0.45610516934046347,0.49331550802139035,0.6062834224598931,0.517825311942959,0.3627450980392157,0.17803030303030304,0.19407308377896612
PTTG1,7,0.5172347759479127,0.6238031405591727,0.628686327077748,0.5585024894676369,0.5784182305630027,0.38567598621217924,0.5372462657985446,0.6120260436614324,0.6393144389122941
EZH2,4,0.6060200668896321,0.6929765886287625,0.6732441471571906,0.5948160535117056,0.5090301003344482,0.6943143812709031,0.6904682274247491,0.7282608695652174,0.7252508361204013
MYC,27,0.6379830917874396,0.4709390096618358,0.6147091384863124,0.5494665861513688,0.540811191626409,0.7325130837359098,0.5346467391304348,0.6018770128824477,0.6200181159420289
TFDP1,5,0.39866131191432397,0.6373493975903615,0.5398929049531459,0.5132530120481927,0.32583668005354754,0.5350736278447121,0.8330655957161981,0.8149933065595716,0.8099062918340026
CHD8,3,0.7397504456327986,0.4090909090909091,0.6722370766488414,0.6183155080213903,0.6824866310160428,0.6800356506238859,0.7798573975044564,0.7925579322638147,0.7751782531194296
YY1,11,0.5652492668621701,0.4428763440860215,0.5887096774193549,0.6043499511241447,0.5119134897360704,0.6139112903225806,0.49853372434017595,0.7135874877810362,0.7187194525904204
CTCF,3,0.6330213903743316,0.4315953654188948,0.43114973262032086,0.25423351158645274,0.5920231729055259,0.6189839572192514,0.7765151515151515,0.75,0.732174688057041
BRCA1,8,0.6736250838363514,0.48222669349429914,0.6509054325955734,0.5935613682092555,0.636569416498994,0.6714453386988598,0.5024312541918176,0.818242790073776,0.8117873910127431
DNMT1,4,0.2734113712374582,0.5379598662207358,0.35735785953177257,0.40183946488294314,0.28528428093645486,0.3394648829431438,0.4590301003344482,0.809866220735786,0.8117056856187291
JUND,3,0.5496880570409982,0.8270944741532977,0.7223707664884136,0.6229946524064172,0.6319073083778967,0.1766934046345811,0.8108288770053476,0.5042335115864528,0.4781639928698752
CEBPB,3,0.6925133689839572,0.5777629233511586,0.7047682709447415,0.6169786096256684,0.6847147950089126,0.46189839572192515,0.6831550802139037,0.3233065953654189,0.3054812834224599
XBP1,4,0.3259197324414716,0.6785953177257525,0.5299331103678929,0.4801003344481605,0.33729096989966556,0.5082775919732442,0.9294314381270903,0.36923076923076925,0.39464882943143814
ATF4,5,0.6510040160642571,0.7902275769745649,0.835475234270415,0.8127175368139223,0.8344042838018741,0.2748326639892905,0.9214190093708166,0.5804551539491298,0.5659973226238286
