sample_idx_local,cell_type
0,reused-spectral-geometry
1,reused-spectral-geometry
2,reused-spectral-geometry
3,reused-spectral-geometry
4,reused-spectral-geometry
5,reused-spectral-geometry
6,reused-spectral-geometry
7,reused-spectral-geometry
8,reused-spectral-geometry
9,reused-spectral-geometry
10,reused-spectral-geometry
11,reused-spectral-geometry
12,reused-spectral-geometry
13,reused-spectral-geometry
14,reused-spectral-geometry
15,reused-spectral-geometry
16,reused-spectral-geometry
17,reused-spectral-geometry
18,reused-spectral-geometry
19,reused-spectral-geometry
20,reused-spectral-geometry
21,reused-spectral-geometry
22,reused-spectral-geometry
23,reused-spectral-geometry
24,reused-spectral-geometry
25,reused-spectral-geometry
26,reused-spectral-geometry
27,reused-spectral-geometry
28,reused-spectral-geometry
29,reused-spectral-geometry
30,reused-spectral-geometry
31,reused-spectral-geometry
32,reused-spectral-geometry
33,reused-spectral-geometry
34,reused-spectral-geometry
35,reused-spectral-geometry
36,reused-spectral-geometry
37,reused-spectral-geometry
38,reused-spectral-geometry
39,reused-spectral-geometry
40,reused-spectral-geometry
41,reused-spectral-geometry
42,reused-spectral-geometry
43,reused-spectral-geometry
44,reused-spectral-geometry
45,reused-spectral-geometry
46,reused-spectral-geometry
47,reused-spectral-geometry
48,reused-spectral-geometry
49,reused-spectral-geometry
50,reused-spectral-geometry
51,reused-spectral-geometry
52,reused-spectral-geometry
53,reused-spectral-geometry
54,reused-spectral-geometry
55,reused-spectral-geometry
56,reused-spectral-geometry
57,reused-spectral-geometry
58,reused-spectral-geometry
59,reused-spectral-geometry
60,reused-spectral-geometry
61,reused-spectral-geometry
62,reused-spectral-geometry
63,reused-spectral-geometry
64,reused-spectral-geometry
65,reused-spectral-geometry
66,reused-spectral-geometry
67,reused-spectral-geometry
68,reused-spectral-geometry
69,reused-spectral-geometry
70,reused-spectral-geometry
71,reused-spectral-geometry
72,reused-spectral-geometry
73,reused-spectral-geometry
74,reused-spectral-geometry
75,reused-spectral-geometry
76,reused-spectral-geometry
77,reused-spectral-geometry
78,reused-spectral-geometry
79,reused-spectral-geometry
80,reused-spectral-geometry
81,reused-spectral-geometry
82,reused-spectral-geometry
83,reused-spectral-geometry
84,reused-spectral-geometry
85,reused-spectral-geometry
86,reused-spectral-geometry
87,reused-spectral-geometry
88,reused-spectral-geometry
89,reused-spectral-geometry
90,reused-spectral-geometry
91,reused-spectral-geometry
92,reused-spectral-geometry
93,reused-spectral-geometry
94,reused-spectral-geometry
95,reused-spectral-geometry
96,reused-spectral-geometry
97,reused-spectral-geometry
98,reused-spectral-geometry
99,reused-spectral-geometry
100,reused-spectral-geometry
101,reused-spectral-geometry
102,reused-spectral-geometry
103,reused-spectral-geometry
104,reused-spectral-geometry
105,reused-spectral-geometry
106,reused-spectral-geometry
107,reused-spectral-geometry
108,reused-spectral-geometry
109,reused-spectral-geometry
110,reused-spectral-geometry
111,reused-spectral-geometry
112,reused-spectral-geometry
113,reused-spectral-geometry
114,reused-spectral-geometry
115,reused-spectral-geometry
116,reused-spectral-geometry
117,reused-spectral-geometry
118,reused-spectral-geometry
119,reused-spectral-geometry
120,reused-spectral-geometry
121,reused-spectral-geometry
122,reused-spectral-geometry
123,reused-spectral-geometry
124,reused-spectral-geometry
125,reused-spectral-geometry
126,reused-spectral-geometry
127,reused-spectral-geometry
128,reused-spectral-geometry
129,reused-spectral-geometry
130,reused-spectral-geometry
131,reused-spectral-geometry
132,reused-spectral-geometry
133,reused-spectral-geometry
134,reused-spectral-geometry
135,reused-spectral-geometry
136,reused-spectral-geometry
137,reused-spectral-geometry
138,reused-spectral-geometry
139,reused-spectral-geometry
140,reused-spectral-geometry
141,reused-spectral-geometry
142,reused-spectral-geometry
143,reused-spectral-geometry
144,reused-spectral-geometry
145,reused-spectral-geometry
146,reused-spectral-geometry
147,reused-spectral-geometry
148,reused-spectral-geometry
149,reused-spectral-geometry
150,reused-spectral-geometry
151,reused-spectral-geometry
152,reused-spectral-geometry
153,reused-spectral-geometry
154,reused-spectral-geometry
155,reused-spectral-geometry
156,reused-spectral-geometry
157,reused-spectral-geometry
158,reused-spectral-geometry
159,reused-spectral-geometry
160,reused-spectral-geometry
161,reused-spectral-geometry
162,reused-spectral-geometry
163,reused-spectral-geometry
164,reused-spectral-geometry
165,reused-spectral-geometry
166,reused-spectral-geometry
167,reused-spectral-geometry
168,reused-spectral-geometry
169,reused-spectral-geometry
170,reused-spectral-geometry
171,reused-spectral-geometry
172,reused-spectral-geometry
173,reused-spectral-geometry
174,reused-spectral-geometry
175,reused-spectral-geometry
176,reused-spectral-geometry
177,reused-spectral-geometry
178,reused-spectral-geometry
179,reused-spectral-geometry
180,reused-spectral-geometry
181,reused-spectral-geometry
182,reused-spectral-geometry
183,reused-spectral-geometry
184,reused-spectral-geometry
185,reused-spectral-geometry
186,reused-spectral-geometry
187,reused-spectral-geometry
188,reused-spectral-geometry
189,reused-spectral-geometry
190,reused-spectral-geometry
191,reused-spectral-geometry
192,reused-spectral-geometry
193,reused-spectral-geometry
194,reused-spectral-geometry
195,reused-spectral-geometry
196,reused-spectral-geometry
197,reused-spectral-geometry
198,reused-spectral-geometry
199,reused-spectral-geometry
200,reused-spectral-geometry
201,reused-spectral-geometry
202,reused-spectral-geometry
203,reused-spectral-geometry
204,reused-spectral-geometry
205,reused-spectral-geometry
206,reused-spectral-geometry
207,reused-spectral-geometry
208,reused-spectral-geometry
209,reused-spectral-geometry
210,reused-spectral-geometry
211,reused-spectral-geometry
212,reused-spectral-geometry
213,reused-spectral-geometry
214,reused-spectral-geometry
215,reused-spectral-geometry
216,reused-spectral-geometry
217,reused-spectral-geometry
218,reused-spectral-geometry
219,reused-spectral-geometry
220,reused-spectral-geometry
221,reused-spectral-geometry
222,reused-spectral-geometry
223,reused-spectral-geometry
224,reused-spectral-geometry
225,reused-spectral-geometry
226,reused-spectral-geometry
227,reused-spectral-geometry
228,reused-spectral-geometry
229,reused-spectral-geometry
230,reused-spectral-geometry
231,reused-spectral-geometry
232,reused-spectral-geometry
233,reused-spectral-geometry
234,reused-spectral-geometry
235,reused-spectral-geometry
236,reused-spectral-geometry
237,reused-spectral-geometry
238,reused-spectral-geometry
239,reused-spectral-geometry
240,reused-spectral-geometry
241,reused-spectral-geometry
242,reused-spectral-geometry
243,reused-spectral-geometry
244,reused-spectral-geometry
245,reused-spectral-geometry
246,reused-spectral-geometry
247,reused-spectral-geometry
248,reused-spectral-geometry
249,reused-spectral-geometry
250,reused-spectral-geometry
251,reused-spectral-geometry
252,reused-spectral-geometry
253,reused-spectral-geometry
254,reused-spectral-geometry
255,reused-spectral-geometry
256,reused-spectral-geometry
257,reused-spectral-geometry
258,reused-spectral-geometry
259,reused-spectral-geometry
260,reused-spectral-geometry
261,reused-spectral-geometry
262,reused-spectral-geometry
263,reused-spectral-geometry
264,reused-spectral-geometry
265,reused-spectral-geometry
266,reused-spectral-geometry
267,reused-spectral-geometry
268,reused-spectral-geometry
269,reused-spectral-geometry
270,reused-spectral-geometry
271,reused-spectral-geometry
272,reused-spectral-geometry
273,reused-spectral-geometry
274,reused-spectral-geometry
275,reused-spectral-geometry
276,reused-spectral-geometry
277,reused-spectral-geometry
278,reused-spectral-geometry
279,reused-spectral-geometry
280,reused-spectral-geometry
281,reused-spectral-geometry
282,reused-spectral-geometry
283,reused-spectral-geometry
284,reused-spectral-geometry
285,reused-spectral-geometry
286,reused-spectral-geometry
287,reused-spectral-geometry
288,reused-spectral-geometry
289,reused-spectral-geometry
290,reused-spectral-geometry
291,reused-spectral-geometry
292,reused-spectral-geometry
293,reused-spectral-geometry
294,reused-spectral-geometry
295,reused-spectral-geometry
296,reused-spectral-geometry
297,reused-spectral-geometry
298,reused-spectral-geometry
299,reused-spectral-geometry
300,reused-spectral-geometry
301,reused-spectral-geometry
302,reused-spectral-geometry
303,reused-spectral-geometry
304,reused-spectral-geometry
305,reused-spectral-geometry
306,reused-spectral-geometry
307,reused-spectral-geometry
308,reused-spectral-geometry
309,reused-spectral-geometry
310,reused-spectral-geometry
311,reused-spectral-geometry
312,reused-spectral-geometry
313,reused-spectral-geometry
314,reused-spectral-geometry
315,reused-spectral-geometry
316,reused-spectral-geometry
317,reused-spectral-geometry
318,reused-spectral-geometry
319,reused-spectral-geometry
320,reused-spectral-geometry
321,reused-spectral-geometry
322,reused-spectral-geometry
323,reused-spectral-geometry
324,reused-spectral-geometry
325,reused-spectral-geometry
326,reused-spectral-geometry
327,reused-spectral-geometry
328,reused-spectral-geometry
329,reused-spectral-geometry
330,reused-spectral-geometry
331,reused-spectral-geometry
332,reused-spectral-geometry
333,reused-spectral-geometry
334,reused-spectral-geometry
335,reused-spectral-geometry
336,reused-spectral-geometry
337,reused-spectral-geometry
338,reused-spectral-geometry
339,reused-spectral-geometry
340,reused-spectral-geometry
341,reused-spectral-geometry
342,reused-spectral-geometry
343,reused-spectral-geometry
344,reused-spectral-geometry
345,reused-spectral-geometry
346,reused-spectral-geometry
347,reused-spectral-geometry
348,reused-spectral-geometry
349,reused-spectral-geometry
350,reused-spectral-geometry
351,reused-spectral-geometry
352,reused-spectral-geometry
353,reused-spectral-geometry
354,reused-spectral-geometry
355,reused-spectral-geometry
356,reused-spectral-geometry
357,reused-spectral-geometry
358,reused-spectral-geometry
359,reused-spectral-geometry
360,reused-spectral-geometry
361,reused-spectral-geometry
362,reused-spectral-geometry
363,reused-spectral-geometry
364,reused-spectral-geometry
365,reused-spectral-geometry
366,reused-spectral-geometry
367,reused-spectral-geometry
368,reused-spectral-geometry
369,reused-spectral-geometry
370,reused-spectral-geometry
371,reused-spectral-geometry
372,reused-spectral-geometry
373,reused-spectral-geometry
374,reused-spectral-geometry
375,reused-spectral-geometry
376,reused-spectral-geometry
377,reused-spectral-geometry
378,reused-spectral-geometry
379,reused-spectral-geometry
380,reused-spectral-geometry
381,reused-spectral-geometry
382,reused-spectral-geometry
383,reused-spectral-geometry
384,reused-spectral-geometry
385,reused-spectral-geometry
386,reused-spectral-geometry
387,reused-spectral-geometry
388,reused-spectral-geometry
389,reused-spectral-geometry
390,reused-spectral-geometry
391,reused-spectral-geometry
392,reused-spectral-geometry
393,reused-spectral-geometry
394,reused-spectral-geometry
395,reused-spectral-geometry
396,reused-spectral-geometry
397,reused-spectral-geometry
398,reused-spectral-geometry
399,reused-spectral-geometry
400,reused-spectral-geometry
401,reused-spectral-geometry
402,reused-spectral-geometry
403,reused-spectral-geometry
404,reused-spectral-geometry
405,reused-spectral-geometry
406,reused-spectral-geometry
407,reused-spectral-geometry
408,reused-spectral-geometry
409,reused-spectral-geometry
410,reused-spectral-geometry
411,reused-spectral-geometry
412,reused-spectral-geometry
413,reused-spectral-geometry
414,reused-spectral-geometry
415,reused-spectral-geometry
416,reused-spectral-geometry
417,reused-spectral-geometry
418,reused-spectral-geometry
419,reused-spectral-geometry
420,reused-spectral-geometry
421,reused-spectral-geometry
422,reused-spectral-geometry
423,reused-spectral-geometry
424,reused-spectral-geometry
425,reused-spectral-geometry
426,reused-spectral-geometry
427,reused-spectral-geometry
428,reused-spectral-geometry
429,reused-spectral-geometry
430,reused-spectral-geometry
431,reused-spectral-geometry
432,reused-spectral-geometry
433,reused-spectral-geometry
434,reused-spectral-geometry
435,reused-spectral-geometry
436,reused-spectral-geometry
437,reused-spectral-geometry
438,reused-spectral-geometry
439,reused-spectral-geometry
440,reused-spectral-geometry
441,reused-spectral-geometry
442,reused-spectral-geometry
443,reused-spectral-geometry
444,reused-spectral-geometry
445,reused-spectral-geometry
446,reused-spectral-geometry
447,reused-spectral-geometry
448,reused-spectral-geometry
449,reused-spectral-geometry
450,reused-spectral-geometry
451,reused-spectral-geometry
452,reused-spectral-geometry
453,reused-spectral-geometry
454,reused-spectral-geometry
455,reused-spectral-geometry
456,reused-spectral-geometry
457,reused-spectral-geometry
458,reused-spectral-geometry
459,reused-spectral-geometry
460,reused-spectral-geometry
461,reused-spectral-geometry
462,reused-spectral-geometry
463,reused-spectral-geometry
464,reused-spectral-geometry
465,reused-spectral-geometry
466,reused-spectral-geometry
467,reused-spectral-geometry
468,reused-spectral-geometry
469,reused-spectral-geometry
470,reused-spectral-geometry
471,reused-spectral-geometry
472,reused-spectral-geometry
473,reused-spectral-geometry
474,reused-spectral-geometry
475,reused-spectral-geometry
476,reused-spectral-geometry
477,reused-spectral-geometry
478,reused-spectral-geometry
479,reused-spectral-geometry
480,reused-spectral-geometry
481,reused-spectral-geometry
482,reused-spectral-geometry
483,reused-spectral-geometry
484,reused-spectral-geometry
485,reused-spectral-geometry
486,reused-spectral-geometry
487,reused-spectral-geometry
488,reused-spectral-geometry
489,reused-spectral-geometry
490,reused-spectral-geometry
491,reused-spectral-geometry
492,reused-spectral-geometry
493,reused-spectral-geometry
494,reused-spectral-geometry
495,reused-spectral-geometry
496,reused-spectral-geometry
497,reused-spectral-geometry
498,reused-spectral-geometry
499,reused-spectral-geometry
500,reused-spectral-geometry
501,reused-spectral-geometry
502,reused-spectral-geometry
503,reused-spectral-geometry
504,reused-spectral-geometry
505,reused-spectral-geometry
506,reused-spectral-geometry
507,reused-spectral-geometry
508,reused-spectral-geometry
509,reused-spectral-geometry
510,reused-spectral-geometry
511,reused-spectral-geometry
512,reused-spectral-geometry
513,reused-spectral-geometry
514,reused-spectral-geometry
515,reused-spectral-geometry
516,reused-spectral-geometry
517,reused-spectral-geometry
518,reused-spectral-geometry
519,reused-spectral-geometry
520,reused-spectral-geometry
521,reused-spectral-geometry
522,reused-spectral-geometry
523,reused-spectral-geometry
524,reused-spectral-geometry
525,reused-spectral-geometry
526,reused-spectral-geometry
527,reused-spectral-geometry
528,reused-spectral-geometry
529,reused-spectral-geometry
530,reused-spectral-geometry
531,reused-spectral-geometry
532,reused-spectral-geometry
533,reused-spectral-geometry
534,reused-spectral-geometry
535,reused-spectral-geometry
536,reused-spectral-geometry
537,reused-spectral-geometry
538,reused-spectral-geometry
539,reused-spectral-geometry
540,reused-spectral-geometry
541,reused-spectral-geometry
542,reused-spectral-geometry
543,reused-spectral-geometry
544,reused-spectral-geometry
545,reused-spectral-geometry
546,reused-spectral-geometry
547,reused-spectral-geometry
548,reused-spectral-geometry
549,reused-spectral-geometry
550,reused-spectral-geometry
551,reused-spectral-geometry
552,reused-spectral-geometry
553,reused-spectral-geometry
554,reused-spectral-geometry
555,reused-spectral-geometry
556,reused-spectral-geometry
557,reused-spectral-geometry
558,reused-spectral-geometry
559,reused-spectral-geometry
560,reused-spectral-geometry
561,reused-spectral-geometry
562,reused-spectral-geometry
563,reused-spectral-geometry
564,reused-spectral-geometry
565,reused-spectral-geometry
566,reused-spectral-geometry
567,reused-spectral-geometry
568,reused-spectral-geometry
569,reused-spectral-geometry
570,reused-spectral-geometry
571,reused-spectral-geometry
572,reused-spectral-geometry
573,reused-spectral-geometry
574,reused-spectral-geometry
575,reused-spectral-geometry
576,reused-spectral-geometry
577,reused-spectral-geometry
578,reused-spectral-geometry
579,reused-spectral-geometry
580,reused-spectral-geometry
581,reused-spectral-geometry
582,reused-spectral-geometry
583,reused-spectral-geometry
584,reused-spectral-geometry
585,reused-spectral-geometry
586,reused-spectral-geometry
587,reused-spectral-geometry
588,reused-spectral-geometry
589,reused-spectral-geometry
590,reused-spectral-geometry
591,reused-spectral-geometry
592,reused-spectral-geometry
593,reused-spectral-geometry
594,reused-spectral-geometry
595,reused-spectral-geometry
596,reused-spectral-geometry
597,reused-spectral-geometry
598,reused-spectral-geometry
599,reused-spectral-geometry
600,reused-spectral-geometry
601,reused-spectral-geometry
602,reused-spectral-geometry
603,reused-spectral-geometry
604,reused-spectral-geometry
605,reused-spectral-geometry
606,reused-spectral-geometry
607,reused-spectral-geometry
608,reused-spectral-geometry
609,reused-spectral-geometry
610,reused-spectral-geometry
611,reused-spectral-geometry
612,reused-spectral-geometry
613,reused-spectral-geometry
614,reused-spectral-geometry
615,reused-spectral-geometry
616,reused-spectral-geometry
617,reused-spectral-geometry
618,reused-spectral-geometry
619,reused-spectral-geometry
620,reused-spectral-geometry
621,reused-spectral-geometry
622,reused-spectral-geometry
623,reused-spectral-geometry
624,reused-spectral-geometry
625,reused-spectral-geometry
626,reused-spectral-geometry
627,reused-spectral-geometry
628,reused-spectral-geometry
629,reused-spectral-geometry
630,reused-spectral-geometry
631,reused-spectral-geometry
632,reused-spectral-geometry
633,reused-spectral-geometry
634,reused-spectral-geometry
635,reused-spectral-geometry
636,reused-spectral-geometry
637,reused-spectral-geometry
638,reused-spectral-geometry
639,reused-spectral-geometry
640,reused-spectral-geometry
641,reused-spectral-geometry
642,reused-spectral-geometry
643,reused-spectral-geometry
644,reused-spectral-geometry
645,reused-spectral-geometry
646,reused-spectral-geometry
647,reused-spectral-geometry
648,reused-spectral-geometry
649,reused-spectral-geometry
650,reused-spectral-geometry
651,reused-spectral-geometry
652,reused-spectral-geometry
653,reused-spectral-geometry
654,reused-spectral-geometry
655,reused-spectral-geometry
656,reused-spectral-geometry
657,reused-spectral-geometry
658,reused-spectral-geometry
659,reused-spectral-geometry
660,reused-spectral-geometry
661,reused-spectral-geometry
662,reused-spectral-geometry
663,reused-spectral-geometry
664,reused-spectral-geometry
665,reused-spectral-geometry
666,reused-spectral-geometry
667,reused-spectral-geometry
668,reused-spectral-geometry
669,reused-spectral-geometry
670,reused-spectral-geometry
671,reused-spectral-geometry
672,reused-spectral-geometry
673,reused-spectral-geometry
674,reused-spectral-geometry
675,reused-spectral-geometry
676,reused-spectral-geometry
677,reused-spectral-geometry
678,reused-spectral-geometry
679,reused-spectral-geometry
680,reused-spectral-geometry
681,reused-spectral-geometry
682,reused-spectral-geometry
683,reused-spectral-geometry
684,reused-spectral-geometry
685,reused-spectral-geometry
686,reused-spectral-geometry
687,reused-spectral-geometry
688,reused-spectral-geometry
689,reused-spectral-geometry
690,reused-spectral-geometry
691,reused-spectral-geometry
692,reused-spectral-geometry
693,reused-spectral-geometry
694,reused-spectral-geometry
695,reused-spectral-geometry
696,reused-spectral-geometry
697,reused-spectral-geometry
698,reused-spectral-geometry
699,reused-spectral-geometry
700,reused-spectral-geometry
701,reused-spectral-geometry
702,reused-spectral-geometry
703,reused-spectral-geometry
704,reused-spectral-geometry
705,reused-spectral-geometry
706,reused-spectral-geometry
707,reused-spectral-geometry
708,reused-spectral-geometry
709,reused-spectral-geometry
710,reused-spectral-geometry
711,reused-spectral-geometry
712,reused-spectral-geometry
713,reused-spectral-geometry
714,reused-spectral-geometry
715,reused-spectral-geometry
716,reused-spectral-geometry
717,reused-spectral-geometry
718,reused-spectral-geometry
719,reused-spectral-geometry
720,reused-spectral-geometry
721,reused-spectral-geometry
722,reused-spectral-geometry
723,reused-spectral-geometry
724,reused-spectral-geometry
725,reused-spectral-geometry
726,reused-spectral-geometry
727,reused-spectral-geometry
728,reused-spectral-geometry
729,reused-spectral-geometry
730,reused-spectral-geometry
731,reused-spectral-geometry
732,reused-spectral-geometry
733,reused-spectral-geometry
734,reused-spectral-geometry
735,reused-spectral-geometry
736,reused-spectral-geometry
737,reused-spectral-geometry
738,reused-spectral-geometry
739,reused-spectral-geometry
740,reused-spectral-geometry
741,reused-spectral-geometry
742,reused-spectral-geometry
743,reused-spectral-geometry
744,reused-spectral-geometry
745,reused-spectral-geometry
746,reused-spectral-geometry
747,reused-spectral-geometry
748,reused-spectral-geometry
749,reused-spectral-geometry
750,reused-spectral-geometry
751,reused-spectral-geometry
752,reused-spectral-geometry
753,reused-spectral-geometry
754,reused-spectral-geometry
755,reused-spectral-geometry
756,reused-spectral-geometry
757,reused-spectral-geometry
758,reused-spectral-geometry
759,reused-spectral-geometry
760,reused-spectral-geometry
761,reused-spectral-geometry
762,reused-spectral-geometry
763,reused-spectral-geometry
764,reused-spectral-geometry
765,reused-spectral-geometry
766,reused-spectral-geometry
767,reused-spectral-geometry
768,reused-spectral-geometry
769,reused-spectral-geometry
770,reused-spectral-geometry
771,reused-spectral-geometry
772,reused-spectral-geometry
773,reused-spectral-geometry
774,reused-spectral-geometry
775,reused-spectral-geometry
776,reused-spectral-geometry
777,reused-spectral-geometry
778,reused-spectral-geometry
779,reused-spectral-geometry
780,reused-spectral-geometry
781,reused-spectral-geometry
782,reused-spectral-geometry
783,reused-spectral-geometry
784,reused-spectral-geometry
785,reused-spectral-geometry
786,reused-spectral-geometry
787,reused-spectral-geometry
788,reused-spectral-geometry
789,reused-spectral-geometry
790,reused-spectral-geometry
791,reused-spectral-geometry
792,reused-spectral-geometry
793,reused-spectral-geometry
794,reused-spectral-geometry
795,reused-spectral-geometry
796,reused-spectral-geometry
797,reused-spectral-geometry
798,reused-spectral-geometry
799,reused-spectral-geometry
800,reused-spectral-geometry
801,reused-spectral-geometry
802,reused-spectral-geometry
803,reused-spectral-geometry
804,reused-spectral-geometry
805,reused-spectral-geometry
806,reused-spectral-geometry
807,reused-spectral-geometry
808,reused-spectral-geometry
809,reused-spectral-geometry
810,reused-spectral-geometry
811,reused-spectral-geometry
812,reused-spectral-geometry
813,reused-spectral-geometry
814,reused-spectral-geometry
815,reused-spectral-geometry
816,reused-spectral-geometry
817,reused-spectral-geometry
818,reused-spectral-geometry
819,reused-spectral-geometry
820,reused-spectral-geometry
821,reused-spectral-geometry
822,reused-spectral-geometry
823,reused-spectral-geometry
824,reused-spectral-geometry
825,reused-spectral-geometry
826,reused-spectral-geometry
827,reused-spectral-geometry
828,reused-spectral-geometry
829,reused-spectral-geometry
830,reused-spectral-geometry
831,reused-spectral-geometry
832,reused-spectral-geometry
833,reused-spectral-geometry
834,reused-spectral-geometry
835,reused-spectral-geometry
836,reused-spectral-geometry
837,reused-spectral-geometry
838,reused-spectral-geometry
839,reused-spectral-geometry
840,reused-spectral-geometry
841,reused-spectral-geometry
842,reused-spectral-geometry
843,reused-spectral-geometry
844,reused-spectral-geometry
845,reused-spectral-geometry
846,reused-spectral-geometry
847,reused-spectral-geometry
848,reused-spectral-geometry
849,reused-spectral-geometry
850,reused-spectral-geometry
851,reused-spectral-geometry
852,reused-spectral-geometry
853,reused-spectral-geometry
854,reused-spectral-geometry
855,reused-spectral-geometry
856,reused-spectral-geometry
857,reused-spectral-geometry
858,reused-spectral-geometry
859,reused-spectral-geometry
860,reused-spectral-geometry
861,reused-spectral-geometry
862,reused-spectral-geometry
863,reused-spectral-geometry
864,reused-spectral-geometry
865,reused-spectral-geometry
866,reused-spectral-geometry
867,reused-spectral-geometry
868,reused-spectral-geometry
869,reused-spectral-geometry
870,reused-spectral-geometry
871,reused-spectral-geometry
872,reused-spectral-geometry
873,reused-spectral-geometry
874,reused-spectral-geometry
875,reused-spectral-geometry
876,reused-spectral-geometry
877,reused-spectral-geometry
878,reused-spectral-geometry
879,reused-spectral-geometry
880,reused-spectral-geometry
881,reused-spectral-geometry
882,reused-spectral-geometry
883,reused-spectral-geometry
884,reused-spectral-geometry
885,reused-spectral-geometry
886,reused-spectral-geometry
887,reused-spectral-geometry
888,reused-spectral-geometry
889,reused-spectral-geometry
890,reused-spectral-geometry
891,reused-spectral-geometry
892,reused-spectral-geometry
893,reused-spectral-geometry
894,reused-spectral-geometry
895,reused-spectral-geometry
896,reused-spectral-geometry
897,reused-spectral-geometry
898,reused-spectral-geometry
899,reused-spectral-geometry
900,reused-spectral-geometry
901,reused-spectral-geometry
902,reused-spectral-geometry
903,reused-spectral-geometry
904,reused-spectral-geometry
905,reused-spectral-geometry
906,reused-spectral-geometry
907,reused-spectral-geometry
908,reused-spectral-geometry
909,reused-spectral-geometry
910,reused-spectral-geometry
911,reused-spectral-geometry
912,reused-spectral-geometry
913,reused-spectral-geometry
914,reused-spectral-geometry
915,reused-spectral-geometry
916,reused-spectral-geometry
917,reused-spectral-geometry
918,reused-spectral-geometry
919,reused-spectral-geometry
920,reused-spectral-geometry
921,reused-spectral-geometry
922,reused-spectral-geometry
923,reused-spectral-geometry
924,reused-spectral-geometry
925,reused-spectral-geometry
926,reused-spectral-geometry
927,reused-spectral-geometry
928,reused-spectral-geometry
929,reused-spectral-geometry
930,reused-spectral-geometry
931,reused-spectral-geometry
932,reused-spectral-geometry
933,reused-spectral-geometry
934,reused-spectral-geometry
935,reused-spectral-geometry
936,reused-spectral-geometry
937,reused-spectral-geometry
938,reused-spectral-geometry
939,reused-spectral-geometry
940,reused-spectral-geometry
941,reused-spectral-geometry
942,reused-spectral-geometry
943,reused-spectral-geometry
944,reused-spectral-geometry
945,reused-spectral-geometry
946,reused-spectral-geometry
947,reused-spectral-geometry
948,reused-spectral-geometry
949,reused-spectral-geometry
950,reused-spectral-geometry
951,reused-spectral-geometry
952,reused-spectral-geometry
953,reused-spectral-geometry
954,reused-spectral-geometry
955,reused-spectral-geometry
956,reused-spectral-geometry
957,reused-spectral-geometry
958,reused-spectral-geometry
959,reused-spectral-geometry
960,reused-spectral-geometry
961,reused-spectral-geometry
962,reused-spectral-geometry
963,reused-spectral-geometry
964,reused-spectral-geometry
965,reused-spectral-geometry
966,reused-spectral-geometry
967,reused-spectral-geometry
968,reused-spectral-geometry
969,reused-spectral-geometry
970,reused-spectral-geometry
971,reused-spectral-geometry
972,reused-spectral-geometry
973,reused-spectral-geometry
974,reused-spectral-geometry
975,reused-spectral-geometry
976,reused-spectral-geometry
977,reused-spectral-geometry
978,reused-spectral-geometry
979,reused-spectral-geometry
980,reused-spectral-geometry
981,reused-spectral-geometry
982,reused-spectral-geometry
983,reused-spectral-geometry
984,reused-spectral-geometry
985,reused-spectral-geometry
986,reused-spectral-geometry
987,reused-spectral-geometry
988,reused-spectral-geometry
989,reused-spectral-geometry
990,reused-spectral-geometry
991,reused-spectral-geometry
992,reused-spectral-geometry
993,reused-spectral-geometry
994,reused-spectral-geometry
995,reused-spectral-geometry
996,reused-spectral-geometry
997,reused-spectral-geometry
998,reused-spectral-geometry
999,reused-spectral-geometry
1000,reused-spectral-geometry
1001,reused-spectral-geometry
1002,reused-spectral-geometry
1003,reused-spectral-geometry
1004,reused-spectral-geometry
1005,reused-spectral-geometry
1006,reused-spectral-geometry
1007,reused-spectral-geometry
1008,reused-spectral-geometry
1009,reused-spectral-geometry
1010,reused-spectral-geometry
1011,reused-spectral-geometry
1012,reused-spectral-geometry
1013,reused-spectral-geometry
1014,reused-spectral-geometry
1015,reused-spectral-geometry
1016,reused-spectral-geometry
1017,reused-spectral-geometry
1018,reused-spectral-geometry
1019,reused-spectral-geometry
1020,reused-spectral-geometry
1021,reused-spectral-geometry
1022,reused-spectral-geometry
1023,reused-spectral-geometry
1024,reused-spectral-geometry
1025,reused-spectral-geometry
1026,reused-spectral-geometry
1027,reused-spectral-geometry
1028,reused-spectral-geometry
1029,reused-spectral-geometry
1030,reused-spectral-geometry
1031,reused-spectral-geometry
1032,reused-spectral-geometry
1033,reused-spectral-geometry
1034,reused-spectral-geometry
1035,reused-spectral-geometry
1036,reused-spectral-geometry
1037,reused-spectral-geometry
1038,reused-spectral-geometry
1039,reused-spectral-geometry
1040,reused-spectral-geometry
1041,reused-spectral-geometry
1042,reused-spectral-geometry
1043,reused-spectral-geometry
1044,reused-spectral-geometry
1045,reused-spectral-geometry
1046,reused-spectral-geometry
1047,reused-spectral-geometry
1048,reused-spectral-geometry
1049,reused-spectral-geometry
1050,reused-spectral-geometry
1051,reused-spectral-geometry
1052,reused-spectral-geometry
1053,reused-spectral-geometry
1054,reused-spectral-geometry
1055,reused-spectral-geometry
1056,reused-spectral-geometry
1057,reused-spectral-geometry
1058,reused-spectral-geometry
1059,reused-spectral-geometry
1060,reused-spectral-geometry
1061,reused-spectral-geometry
1062,reused-spectral-geometry
1063,reused-spectral-geometry
1064,reused-spectral-geometry
1065,reused-spectral-geometry
1066,reused-spectral-geometry
1067,reused-spectral-geometry
1068,reused-spectral-geometry
1069,reused-spectral-geometry
1070,reused-spectral-geometry
1071,reused-spectral-geometry
1072,reused-spectral-geometry
1073,reused-spectral-geometry
1074,reused-spectral-geometry
1075,reused-spectral-geometry
1076,reused-spectral-geometry
1077,reused-spectral-geometry
1078,reused-spectral-geometry
1079,reused-spectral-geometry
1080,reused-spectral-geometry
1081,reused-spectral-geometry
1082,reused-spectral-geometry
1083,reused-spectral-geometry
1084,reused-spectral-geometry
1085,reused-spectral-geometry
1086,reused-spectral-geometry
1087,reused-spectral-geometry
1088,reused-spectral-geometry
1089,reused-spectral-geometry
1090,reused-spectral-geometry
1091,reused-spectral-geometry
1092,reused-spectral-geometry
1093,reused-spectral-geometry
1094,reused-spectral-geometry
1095,reused-spectral-geometry
1096,reused-spectral-geometry
1097,reused-spectral-geometry
1098,reused-spectral-geometry
1099,reused-spectral-geometry
1100,reused-spectral-geometry
1101,reused-spectral-geometry
1102,reused-spectral-geometry
1103,reused-spectral-geometry
1104,reused-spectral-geometry
1105,reused-spectral-geometry
1106,reused-spectral-geometry
1107,reused-spectral-geometry
1108,reused-spectral-geometry
1109,reused-spectral-geometry
1110,reused-spectral-geometry
1111,reused-spectral-geometry
1112,reused-spectral-geometry
1113,reused-spectral-geometry
1114,reused-spectral-geometry
1115,reused-spectral-geometry
1116,reused-spectral-geometry
1117,reused-spectral-geometry
1118,reused-spectral-geometry
1119,reused-spectral-geometry
1120,reused-spectral-geometry
1121,reused-spectral-geometry
1122,reused-spectral-geometry
1123,reused-spectral-geometry
1124,reused-spectral-geometry
1125,reused-spectral-geometry
1126,reused-spectral-geometry
1127,reused-spectral-geometry
1128,reused-spectral-geometry
1129,reused-spectral-geometry
1130,reused-spectral-geometry
1131,reused-spectral-geometry
1132,reused-spectral-geometry
1133,reused-spectral-geometry
1134,reused-spectral-geometry
1135,reused-spectral-geometry
1136,reused-spectral-geometry
1137,reused-spectral-geometry
1138,reused-spectral-geometry
1139,reused-spectral-geometry
1140,reused-spectral-geometry
1141,reused-spectral-geometry
1142,reused-spectral-geometry
1143,reused-spectral-geometry
1144,reused-spectral-geometry
1145,reused-spectral-geometry
1146,reused-spectral-geometry
1147,reused-spectral-geometry
1148,reused-spectral-geometry
1149,reused-spectral-geometry
1150,reused-spectral-geometry
1151,reused-spectral-geometry
1152,reused-spectral-geometry
1153,reused-spectral-geometry
1154,reused-spectral-geometry
1155,reused-spectral-geometry
1156,reused-spectral-geometry
1157,reused-spectral-geometry
1158,reused-spectral-geometry
1159,reused-spectral-geometry
1160,reused-spectral-geometry
1161,reused-spectral-geometry
1162,reused-spectral-geometry
1163,reused-spectral-geometry
1164,reused-spectral-geometry
1165,reused-spectral-geometry
1166,reused-spectral-geometry
1167,reused-spectral-geometry
1168,reused-spectral-geometry
1169,reused-spectral-geometry
1170,reused-spectral-geometry
1171,reused-spectral-geometry
1172,reused-spectral-geometry
1173,reused-spectral-geometry
1174,reused-spectral-geometry
1175,reused-spectral-geometry
1176,reused-spectral-geometry
1177,reused-spectral-geometry
1178,reused-spectral-geometry
1179,reused-spectral-geometry
1180,reused-spectral-geometry
1181,reused-spectral-geometry
1182,reused-spectral-geometry
1183,reused-spectral-geometry
1184,reused-spectral-geometry
1185,reused-spectral-geometry
1186,reused-spectral-geometry
1187,reused-spectral-geometry
1188,reused-spectral-geometry
1189,reused-spectral-geometry
1190,reused-spectral-geometry
1191,reused-spectral-geometry
1192,reused-spectral-geometry
1193,reused-spectral-geometry
1194,reused-spectral-geometry
1195,reused-spectral-geometry
1196,reused-spectral-geometry
1197,reused-spectral-geometry
1198,reused-spectral-geometry
1199,reused-spectral-geometry
1200,reused-spectral-geometry
1201,reused-spectral-geometry
1202,reused-spectral-geometry
1203,reused-spectral-geometry
1204,reused-spectral-geometry
1205,reused-spectral-geometry
1206,reused-spectral-geometry
1207,reused-spectral-geometry
1208,reused-spectral-geometry
1209,reused-spectral-geometry
1210,reused-spectral-geometry
1211,reused-spectral-geometry
1212,reused-spectral-geometry
1213,reused-spectral-geometry
1214,reused-spectral-geometry
1215,reused-spectral-geometry
1216,reused-spectral-geometry
1217,reused-spectral-geometry
1218,reused-spectral-geometry
1219,reused-spectral-geometry
1220,reused-spectral-geometry
1221,reused-spectral-geometry
1222,reused-spectral-geometry
1223,reused-spectral-geometry
1224,reused-spectral-geometry
1225,reused-spectral-geometry
1226,reused-spectral-geometry
1227,reused-spectral-geometry
1228,reused-spectral-geometry
1229,reused-spectral-geometry
1230,reused-spectral-geometry
1231,reused-spectral-geometry
1232,reused-spectral-geometry
1233,reused-spectral-geometry
1234,reused-spectral-geometry
1235,reused-spectral-geometry
1236,reused-spectral-geometry
1237,reused-spectral-geometry
1238,reused-spectral-geometry
1239,reused-spectral-geometry
1240,reused-spectral-geometry
1241,reused-spectral-geometry
1242,reused-spectral-geometry
1243,reused-spectral-geometry
1244,reused-spectral-geometry
1245,reused-spectral-geometry
1246,reused-spectral-geometry
1247,reused-spectral-geometry
1248,reused-spectral-geometry
1249,reused-spectral-geometry
1250,reused-spectral-geometry
1251,reused-spectral-geometry
1252,reused-spectral-geometry
1253,reused-spectral-geometry
1254,reused-spectral-geometry
1255,reused-spectral-geometry
1256,reused-spectral-geometry
1257,reused-spectral-geometry
1258,reused-spectral-geometry
1259,reused-spectral-geometry
1260,reused-spectral-geometry
1261,reused-spectral-geometry
1262,reused-spectral-geometry
1263,reused-spectral-geometry
1264,reused-spectral-geometry
1265,reused-spectral-geometry
1266,reused-spectral-geometry
1267,reused-spectral-geometry
1268,reused-spectral-geometry
1269,reused-spectral-geometry
1270,reused-spectral-geometry
1271,reused-spectral-geometry
1272,reused-spectral-geometry
1273,reused-spectral-geometry
1274,reused-spectral-geometry
1275,reused-spectral-geometry
1276,reused-spectral-geometry
1277,reused-spectral-geometry
1278,reused-spectral-geometry
1279,reused-spectral-geometry
1280,reused-spectral-geometry
1281,reused-spectral-geometry
1282,reused-spectral-geometry
1283,reused-spectral-geometry
1284,reused-spectral-geometry
1285,reused-spectral-geometry
1286,reused-spectral-geometry
1287,reused-spectral-geometry
1288,reused-spectral-geometry
1289,reused-spectral-geometry
1290,reused-spectral-geometry
1291,reused-spectral-geometry
1292,reused-spectral-geometry
1293,reused-spectral-geometry
1294,reused-spectral-geometry
1295,reused-spectral-geometry
1296,reused-spectral-geometry
1297,reused-spectral-geometry
1298,reused-spectral-geometry
1299,reused-spectral-geometry
1300,reused-spectral-geometry
1301,reused-spectral-geometry
1302,reused-spectral-geometry
1303,reused-spectral-geometry
1304,reused-spectral-geometry
1305,reused-spectral-geometry
1306,reused-spectral-geometry
1307,reused-spectral-geometry
1308,reused-spectral-geometry
1309,reused-spectral-geometry
1310,reused-spectral-geometry
1311,reused-spectral-geometry
1312,reused-spectral-geometry
1313,reused-spectral-geometry
1314,reused-spectral-geometry
1315,reused-spectral-geometry
1316,reused-spectral-geometry
1317,reused-spectral-geometry
1318,reused-spectral-geometry
1319,reused-spectral-geometry
1320,reused-spectral-geometry
1321,reused-spectral-geometry
1322,reused-spectral-geometry
1323,reused-spectral-geometry
1324,reused-spectral-geometry
1325,reused-spectral-geometry
1326,reused-spectral-geometry
1327,reused-spectral-geometry
1328,reused-spectral-geometry
1329,reused-spectral-geometry
1330,reused-spectral-geometry
1331,reused-spectral-geometry
1332,reused-spectral-geometry
1333,reused-spectral-geometry
1334,reused-spectral-geometry
1335,reused-spectral-geometry
1336,reused-spectral-geometry
1337,reused-spectral-geometry
1338,reused-spectral-geometry
1339,reused-spectral-geometry
1340,reused-spectral-geometry
1341,reused-spectral-geometry
1342,reused-spectral-geometry
1343,reused-spectral-geometry
1344,reused-spectral-geometry
1345,reused-spectral-geometry
1346,reused-spectral-geometry
1347,reused-spectral-geometry
1348,reused-spectral-geometry
1349,reused-spectral-geometry
1350,reused-spectral-geometry
1351,reused-spectral-geometry
1352,reused-spectral-geometry
1353,reused-spectral-geometry
1354,reused-spectral-geometry
1355,reused-spectral-geometry
1356,reused-spectral-geometry
1357,reused-spectral-geometry
1358,reused-spectral-geometry
1359,reused-spectral-geometry
1360,reused-spectral-geometry
1361,reused-spectral-geometry
1362,reused-spectral-geometry
1363,reused-spectral-geometry
1364,reused-spectral-geometry
1365,reused-spectral-geometry
1366,reused-spectral-geometry
1367,reused-spectral-geometry
1368,reused-spectral-geometry
1369,reused-spectral-geometry
1370,reused-spectral-geometry
1371,reused-spectral-geometry
1372,reused-spectral-geometry
1373,reused-spectral-geometry
1374,reused-spectral-geometry
1375,reused-spectral-geometry
1376,reused-spectral-geometry
1377,reused-spectral-geometry
1378,reused-spectral-geometry
1379,reused-spectral-geometry
1380,reused-spectral-geometry
1381,reused-spectral-geometry
1382,reused-spectral-geometry
1383,reused-spectral-geometry
1384,reused-spectral-geometry
1385,reused-spectral-geometry
1386,reused-spectral-geometry
1387,reused-spectral-geometry
1388,reused-spectral-geometry
1389,reused-spectral-geometry
1390,reused-spectral-geometry
1391,reused-spectral-geometry
1392,reused-spectral-geometry
1393,reused-spectral-geometry
1394,reused-spectral-geometry
1395,reused-spectral-geometry
1396,reused-spectral-geometry
1397,reused-spectral-geometry
1398,reused-spectral-geometry
1399,reused-spectral-geometry
1400,reused-spectral-geometry
1401,reused-spectral-geometry
1402,reused-spectral-geometry
1403,reused-spectral-geometry
1404,reused-spectral-geometry
1405,reused-spectral-geometry
1406,reused-spectral-geometry
1407,reused-spectral-geometry
1408,reused-spectral-geometry
1409,reused-spectral-geometry
1410,reused-spectral-geometry
1411,reused-spectral-geometry
1412,reused-spectral-geometry
1413,reused-spectral-geometry
1414,reused-spectral-geometry
1415,reused-spectral-geometry
1416,reused-spectral-geometry
1417,reused-spectral-geometry
1418,reused-spectral-geometry
1419,reused-spectral-geometry
1420,reused-spectral-geometry
1421,reused-spectral-geometry
1422,reused-spectral-geometry
1423,reused-spectral-geometry
1424,reused-spectral-geometry
1425,reused-spectral-geometry
1426,reused-spectral-geometry
1427,reused-spectral-geometry
1428,reused-spectral-geometry
1429,reused-spectral-geometry
1430,reused-spectral-geometry
1431,reused-spectral-geometry
1432,reused-spectral-geometry
1433,reused-spectral-geometry
1434,reused-spectral-geometry
1435,reused-spectral-geometry
1436,reused-spectral-geometry
1437,reused-spectral-geometry
1438,reused-spectral-geometry
1439,reused-spectral-geometry
1440,reused-spectral-geometry
1441,reused-spectral-geometry
1442,reused-spectral-geometry
1443,reused-spectral-geometry
1444,reused-spectral-geometry
1445,reused-spectral-geometry
1446,reused-spectral-geometry
1447,reused-spectral-geometry
1448,reused-spectral-geometry
1449,reused-spectral-geometry
1450,reused-spectral-geometry
1451,reused-spectral-geometry
1452,reused-spectral-geometry
1453,reused-spectral-geometry
1454,reused-spectral-geometry
1455,reused-spectral-geometry
1456,reused-spectral-geometry
1457,reused-spectral-geometry
1458,reused-spectral-geometry
1459,reused-spectral-geometry
1460,reused-spectral-geometry
1461,reused-spectral-geometry
1462,reused-spectral-geometry
1463,reused-spectral-geometry
1464,reused-spectral-geometry
1465,reused-spectral-geometry
1466,reused-spectral-geometry
1467,reused-spectral-geometry
1468,reused-spectral-geometry
1469,reused-spectral-geometry
1470,reused-spectral-geometry
1471,reused-spectral-geometry
1472,reused-spectral-geometry
1473,reused-spectral-geometry
1474,reused-spectral-geometry
1475,reused-spectral-geometry
1476,reused-spectral-geometry
1477,reused-spectral-geometry
1478,reused-spectral-geometry
1479,reused-spectral-geometry
1480,reused-spectral-geometry
1481,reused-spectral-geometry
1482,reused-spectral-geometry
1483,reused-spectral-geometry
1484,reused-spectral-geometry
1485,reused-spectral-geometry
1486,reused-spectral-geometry
1487,reused-spectral-geometry
1488,reused-spectral-geometry
1489,reused-spectral-geometry
1490,reused-spectral-geometry
1491,reused-spectral-geometry
1492,reused-spectral-geometry
1493,reused-spectral-geometry
1494,reused-spectral-geometry
1495,reused-spectral-geometry
1496,reused-spectral-geometry
1497,reused-spectral-geometry
1498,reused-spectral-geometry
1499,reused-spectral-geometry
1500,reused-spectral-geometry
1501,reused-spectral-geometry
1502,reused-spectral-geometry
1503,reused-spectral-geometry
1504,reused-spectral-geometry
1505,reused-spectral-geometry
1506,reused-spectral-geometry
1507,reused-spectral-geometry
1508,reused-spectral-geometry
1509,reused-spectral-geometry
1510,reused-spectral-geometry
1511,reused-spectral-geometry
1512,reused-spectral-geometry
1513,reused-spectral-geometry
1514,reused-spectral-geometry
1515,reused-spectral-geometry
1516,reused-spectral-geometry
1517,reused-spectral-geometry
1518,reused-spectral-geometry
1519,reused-spectral-geometry
1520,reused-spectral-geometry
1521,reused-spectral-geometry
1522,reused-spectral-geometry
1523,reused-spectral-geometry
1524,reused-spectral-geometry
1525,reused-spectral-geometry
1526,reused-spectral-geometry
1527,reused-spectral-geometry
1528,reused-spectral-geometry
1529,reused-spectral-geometry
1530,reused-spectral-geometry
1531,reused-spectral-geometry
1532,reused-spectral-geometry
1533,reused-spectral-geometry
1534,reused-spectral-geometry
1535,reused-spectral-geometry
1536,reused-spectral-geometry
1537,reused-spectral-geometry
1538,reused-spectral-geometry
1539,reused-spectral-geometry
1540,reused-spectral-geometry
1541,reused-spectral-geometry
1542,reused-spectral-geometry
1543,reused-spectral-geometry
1544,reused-spectral-geometry
1545,reused-spectral-geometry
1546,reused-spectral-geometry
1547,reused-spectral-geometry
1548,reused-spectral-geometry
1549,reused-spectral-geometry
1550,reused-spectral-geometry
1551,reused-spectral-geometry
1552,reused-spectral-geometry
1553,reused-spectral-geometry
1554,reused-spectral-geometry
1555,reused-spectral-geometry
1556,reused-spectral-geometry
1557,reused-spectral-geometry
1558,reused-spectral-geometry
1559,reused-spectral-geometry
1560,reused-spectral-geometry
1561,reused-spectral-geometry
1562,reused-spectral-geometry
1563,reused-spectral-geometry
1564,reused-spectral-geometry
1565,reused-spectral-geometry
1566,reused-spectral-geometry
1567,reused-spectral-geometry
1568,reused-spectral-geometry
1569,reused-spectral-geometry
1570,reused-spectral-geometry
1571,reused-spectral-geometry
1572,reused-spectral-geometry
1573,reused-spectral-geometry
1574,reused-spectral-geometry
1575,reused-spectral-geometry
1576,reused-spectral-geometry
1577,reused-spectral-geometry
1578,reused-spectral-geometry
1579,reused-spectral-geometry
1580,reused-spectral-geometry
1581,reused-spectral-geometry
1582,reused-spectral-geometry
1583,reused-spectral-geometry
1584,reused-spectral-geometry
1585,reused-spectral-geometry
1586,reused-spectral-geometry
1587,reused-spectral-geometry
1588,reused-spectral-geometry
1589,reused-spectral-geometry
1590,reused-spectral-geometry
1591,reused-spectral-geometry
1592,reused-spectral-geometry
1593,reused-spectral-geometry
1594,reused-spectral-geometry
1595,reused-spectral-geometry
1596,reused-spectral-geometry
1597,reused-spectral-geometry
1598,reused-spectral-geometry
1599,reused-spectral-geometry
1600,reused-spectral-geometry
1601,reused-spectral-geometry
1602,reused-spectral-geometry
1603,reused-spectral-geometry
1604,reused-spectral-geometry
1605,reused-spectral-geometry
1606,reused-spectral-geometry
1607,reused-spectral-geometry
1608,reused-spectral-geometry
1609,reused-spectral-geometry
1610,reused-spectral-geometry
1611,reused-spectral-geometry
1612,reused-spectral-geometry
1613,reused-spectral-geometry
1614,reused-spectral-geometry
1615,reused-spectral-geometry
1616,reused-spectral-geometry
1617,reused-spectral-geometry
1618,reused-spectral-geometry
1619,reused-spectral-geometry
1620,reused-spectral-geometry
1621,reused-spectral-geometry
1622,reused-spectral-geometry
1623,reused-spectral-geometry
1624,reused-spectral-geometry
1625,reused-spectral-geometry
1626,reused-spectral-geometry
1627,reused-spectral-geometry
1628,reused-spectral-geometry
1629,reused-spectral-geometry
1630,reused-spectral-geometry
1631,reused-spectral-geometry
1632,reused-spectral-geometry
1633,reused-spectral-geometry
1634,reused-spectral-geometry
1635,reused-spectral-geometry
1636,reused-spectral-geometry
1637,reused-spectral-geometry
1638,reused-spectral-geometry
1639,reused-spectral-geometry
1640,reused-spectral-geometry
1641,reused-spectral-geometry
1642,reused-spectral-geometry
1643,reused-spectral-geometry
1644,reused-spectral-geometry
1645,reused-spectral-geometry
1646,reused-spectral-geometry
1647,reused-spectral-geometry
1648,reused-spectral-geometry
1649,reused-spectral-geometry
1650,reused-spectral-geometry
1651,reused-spectral-geometry
1652,reused-spectral-geometry
1653,reused-spectral-geometry
1654,reused-spectral-geometry
1655,reused-spectral-geometry
1656,reused-spectral-geometry
1657,reused-spectral-geometry
1658,reused-spectral-geometry
1659,reused-spectral-geometry
1660,reused-spectral-geometry
1661,reused-spectral-geometry
1662,reused-spectral-geometry
1663,reused-spectral-geometry
1664,reused-spectral-geometry
1665,reused-spectral-geometry
1666,reused-spectral-geometry
1667,reused-spectral-geometry
1668,reused-spectral-geometry
1669,reused-spectral-geometry
1670,reused-spectral-geometry
1671,reused-spectral-geometry
1672,reused-spectral-geometry
1673,reused-spectral-geometry
1674,reused-spectral-geometry
1675,reused-spectral-geometry
1676,reused-spectral-geometry
1677,reused-spectral-geometry
1678,reused-spectral-geometry
1679,reused-spectral-geometry
1680,reused-spectral-geometry
1681,reused-spectral-geometry
1682,reused-spectral-geometry
1683,reused-spectral-geometry
1684,reused-spectral-geometry
1685,reused-spectral-geometry
1686,reused-spectral-geometry
1687,reused-spectral-geometry
1688,reused-spectral-geometry
1689,reused-spectral-geometry
1690,reused-spectral-geometry
1691,reused-spectral-geometry
1692,reused-spectral-geometry
1693,reused-spectral-geometry
1694,reused-spectral-geometry
1695,reused-spectral-geometry
1696,reused-spectral-geometry
1697,reused-spectral-geometry
1698,reused-spectral-geometry
1699,reused-spectral-geometry
1700,reused-spectral-geometry
1701,reused-spectral-geometry
1702,reused-spectral-geometry
1703,reused-spectral-geometry
1704,reused-spectral-geometry
1705,reused-spectral-geometry
1706,reused-spectral-geometry
1707,reused-spectral-geometry
1708,reused-spectral-geometry
1709,reused-spectral-geometry
1710,reused-spectral-geometry
1711,reused-spectral-geometry
1712,reused-spectral-geometry
1713,reused-spectral-geometry
1714,reused-spectral-geometry
1715,reused-spectral-geometry
1716,reused-spectral-geometry
1717,reused-spectral-geometry
1718,reused-spectral-geometry
1719,reused-spectral-geometry
1720,reused-spectral-geometry
1721,reused-spectral-geometry
1722,reused-spectral-geometry
1723,reused-spectral-geometry
1724,reused-spectral-geometry
1725,reused-spectral-geometry
1726,reused-spectral-geometry
1727,reused-spectral-geometry
1728,reused-spectral-geometry
1729,reused-spectral-geometry
1730,reused-spectral-geometry
1731,reused-spectral-geometry
1732,reused-spectral-geometry
1733,reused-spectral-geometry
1734,reused-spectral-geometry
1735,reused-spectral-geometry
1736,reused-spectral-geometry
1737,reused-spectral-geometry
1738,reused-spectral-geometry
1739,reused-spectral-geometry
1740,reused-spectral-geometry
1741,reused-spectral-geometry
1742,reused-spectral-geometry
1743,reused-spectral-geometry
1744,reused-spectral-geometry
1745,reused-spectral-geometry
1746,reused-spectral-geometry
1747,reused-spectral-geometry
1748,reused-spectral-geometry
1749,reused-spectral-geometry
1750,reused-spectral-geometry
1751,reused-spectral-geometry
1752,reused-spectral-geometry
1753,reused-spectral-geometry
1754,reused-spectral-geometry
1755,reused-spectral-geometry
1756,reused-spectral-geometry
1757,reused-spectral-geometry
1758,reused-spectral-geometry
1759,reused-spectral-geometry
1760,reused-spectral-geometry
1761,reused-spectral-geometry
1762,reused-spectral-geometry
1763,reused-spectral-geometry
1764,reused-spectral-geometry
1765,reused-spectral-geometry
1766,reused-spectral-geometry
1767,reused-spectral-geometry
1768,reused-spectral-geometry
1769,reused-spectral-geometry
1770,reused-spectral-geometry
1771,reused-spectral-geometry
1772,reused-spectral-geometry
1773,reused-spectral-geometry
1774,reused-spectral-geometry
1775,reused-spectral-geometry
1776,reused-spectral-geometry
1777,reused-spectral-geometry
1778,reused-spectral-geometry
1779,reused-spectral-geometry
1780,reused-spectral-geometry
1781,reused-spectral-geometry
1782,reused-spectral-geometry
1783,reused-spectral-geometry
1784,reused-spectral-geometry
1785,reused-spectral-geometry
1786,reused-spectral-geometry
1787,reused-spectral-geometry
1788,reused-spectral-geometry
1789,reused-spectral-geometry
1790,reused-spectral-geometry
1791,reused-spectral-geometry
1792,reused-spectral-geometry
1793,reused-spectral-geometry
1794,reused-spectral-geometry
1795,reused-spectral-geometry
1796,reused-spectral-geometry
1797,reused-spectral-geometry
1798,reused-spectral-geometry
1799,reused-spectral-geometry
1800,reused-spectral-geometry
1801,reused-spectral-geometry
1802,reused-spectral-geometry
1803,reused-spectral-geometry
1804,reused-spectral-geometry
1805,reused-spectral-geometry
1806,reused-spectral-geometry
1807,reused-spectral-geometry
1808,reused-spectral-geometry
1809,reused-spectral-geometry
1810,reused-spectral-geometry
1811,reused-spectral-geometry
1812,reused-spectral-geometry
1813,reused-spectral-geometry
1814,reused-spectral-geometry
1815,reused-spectral-geometry
1816,reused-spectral-geometry
1817,reused-spectral-geometry
1818,reused-spectral-geometry
1819,reused-spectral-geometry
1820,reused-spectral-geometry
1821,reused-spectral-geometry
1822,reused-spectral-geometry
1823,reused-spectral-geometry
1824,reused-spectral-geometry
1825,reused-spectral-geometry
1826,reused-spectral-geometry
1827,reused-spectral-geometry
1828,reused-spectral-geometry
1829,reused-spectral-geometry
1830,reused-spectral-geometry
1831,reused-spectral-geometry
1832,reused-spectral-geometry
1833,reused-spectral-geometry
1834,reused-spectral-geometry
1835,reused-spectral-geometry
1836,reused-spectral-geometry
1837,reused-spectral-geometry
1838,reused-spectral-geometry
1839,reused-spectral-geometry
1840,reused-spectral-geometry
1841,reused-spectral-geometry
1842,reused-spectral-geometry
1843,reused-spectral-geometry
1844,reused-spectral-geometry
1845,reused-spectral-geometry
1846,reused-spectral-geometry
1847,reused-spectral-geometry
1848,reused-spectral-geometry
1849,reused-spectral-geometry
1850,reused-spectral-geometry
1851,reused-spectral-geometry
1852,reused-spectral-geometry
1853,reused-spectral-geometry
1854,reused-spectral-geometry
1855,reused-spectral-geometry
1856,reused-spectral-geometry
1857,reused-spectral-geometry
1858,reused-spectral-geometry
1859,reused-spectral-geometry
1860,reused-spectral-geometry
1861,reused-spectral-geometry
1862,reused-spectral-geometry
1863,reused-spectral-geometry
1864,reused-spectral-geometry
1865,reused-spectral-geometry
1866,reused-spectral-geometry
1867,reused-spectral-geometry
1868,reused-spectral-geometry
1869,reused-spectral-geometry
1870,reused-spectral-geometry
1871,reused-spectral-geometry
1872,reused-spectral-geometry
1873,reused-spectral-geometry
1874,reused-spectral-geometry
1875,reused-spectral-geometry
1876,reused-spectral-geometry
1877,reused-spectral-geometry
1878,reused-spectral-geometry
1879,reused-spectral-geometry
1880,reused-spectral-geometry
1881,reused-spectral-geometry
1882,reused-spectral-geometry
1883,reused-spectral-geometry
1884,reused-spectral-geometry
1885,reused-spectral-geometry
1886,reused-spectral-geometry
1887,reused-spectral-geometry
1888,reused-spectral-geometry
1889,reused-spectral-geometry
1890,reused-spectral-geometry
1891,reused-spectral-geometry
1892,reused-spectral-geometry
1893,reused-spectral-geometry
1894,reused-spectral-geometry
1895,reused-spectral-geometry
1896,reused-spectral-geometry
1897,reused-spectral-geometry
1898,reused-spectral-geometry
1899,reused-spectral-geometry
1900,reused-spectral-geometry
1901,reused-spectral-geometry
1902,reused-spectral-geometry
1903,reused-spectral-geometry
1904,reused-spectral-geometry
1905,reused-spectral-geometry
1906,reused-spectral-geometry
1907,reused-spectral-geometry
1908,reused-spectral-geometry
1909,reused-spectral-geometry
1910,reused-spectral-geometry
1911,reused-spectral-geometry
1912,reused-spectral-geometry
1913,reused-spectral-geometry
1914,reused-spectral-geometry
1915,reused-spectral-geometry
1916,reused-spectral-geometry
1917,reused-spectral-geometry
1918,reused-spectral-geometry
1919,reused-spectral-geometry
1920,reused-spectral-geometry
1921,reused-spectral-geometry
1922,reused-spectral-geometry
1923,reused-spectral-geometry
1924,reused-spectral-geometry
1925,reused-spectral-geometry
1926,reused-spectral-geometry
1927,reused-spectral-geometry
1928,reused-spectral-geometry
1929,reused-spectral-geometry
1930,reused-spectral-geometry
1931,reused-spectral-geometry
1932,reused-spectral-geometry
1933,reused-spectral-geometry
1934,reused-spectral-geometry
1935,reused-spectral-geometry
1936,reused-spectral-geometry
1937,reused-spectral-geometry
1938,reused-spectral-geometry
1939,reused-spectral-geometry
1940,reused-spectral-geometry
1941,reused-spectral-geometry
1942,reused-spectral-geometry
1943,reused-spectral-geometry
1944,reused-spectral-geometry
1945,reused-spectral-geometry
1946,reused-spectral-geometry
1947,reused-spectral-geometry
1948,reused-spectral-geometry
1949,reused-spectral-geometry
1950,reused-spectral-geometry
1951,reused-spectral-geometry
1952,reused-spectral-geometry
1953,reused-spectral-geometry
1954,reused-spectral-geometry
1955,reused-spectral-geometry
1956,reused-spectral-geometry
1957,reused-spectral-geometry
1958,reused-spectral-geometry
1959,reused-spectral-geometry
1960,reused-spectral-geometry
1961,reused-spectral-geometry
1962,reused-spectral-geometry
1963,reused-spectral-geometry
1964,reused-spectral-geometry
1965,reused-spectral-geometry
1966,reused-spectral-geometry
1967,reused-spectral-geometry
1968,reused-spectral-geometry
1969,reused-spectral-geometry
1970,reused-spectral-geometry
1971,reused-spectral-geometry
1972,reused-spectral-geometry
1973,reused-spectral-geometry
1974,reused-spectral-geometry
1975,reused-spectral-geometry
1976,reused-spectral-geometry
1977,reused-spectral-geometry
1978,reused-spectral-geometry
1979,reused-spectral-geometry
1980,reused-spectral-geometry
1981,reused-spectral-geometry
1982,reused-spectral-geometry
1983,reused-spectral-geometry
1984,reused-spectral-geometry
1985,reused-spectral-geometry
1986,reused-spectral-geometry
1987,reused-spectral-geometry
1988,reused-spectral-geometry
1989,reused-spectral-geometry
1990,reused-spectral-geometry
1991,reused-spectral-geometry
1992,reused-spectral-geometry
1993,reused-spectral-geometry
1994,reused-spectral-geometry
1995,reused-spectral-geometry
1996,reused-spectral-geometry
1997,reused-spectral-geometry
1998,reused-spectral-geometry
1999,reused-spectral-geometry
