donor_id,tissue,cell_type,hema_stage,n,anchor_id
TSP2,blood,monocyte,Cl_Mono,6351,ts_immune_all_0083
TSP20,stomach smooth muscle,"CD4-positive, alpha-beta T cell",Memory_CD4,5277,ts_immune_all_0984
TSP2,lung,macrophage,Macrophage,4169,ts_immune_all_0154
TSP2,lymph node,B cell,Memory_B,3166,ts_immune_all_0060
TSP2,thymus,"CD4-positive, alpha-beta T cell",Memory_CD4,2983,ts_immune_all_0214
TSP2,lymph node,"CD4-positive, alpha-beta T cell",Memory_CD4,2327,ts_immune_all_0064
TSP2,spleen,B cell,Memory_B,2252,ts_immune_all_0171
TSP2,bladder organ,monocyte,Cl_Mono,2224,ts_immune_all_0283
TSP2,aorta,macrophage,Macrophage,2025,ts_immune_all_0099
TSP2,lymph node,B cell,Naive_B,1888,ts_immune_all_0061
TSP2,blood,"CD4-positive, alpha-beta T cell",Memory_CD4,1777,ts_immune_all_0086
TSP2,lung,intermediate monocyte,Cl_Mono,1642,ts_immune_all_0165
TSP2,thymus,B cell,Memory_B,1588,ts_immune_all_0210
TSP9,exocrine pancreas,macrophage,Macrophage,1551,ts_immune_all_0510
TSP20,stomach smooth muscle,B cell,Naive_B,1488,ts_immune_all_0982
TSP2,spleen,"CD8-positive, alpha-beta T cell",Memory_CD8,1389,ts_immune_all_0178
TSP4,mammary gland,"CD8-positive, alpha-beta T cell",Memory_CD8,1284,ts_immune_all_0332
TSP2,blood,classical monocyte,Cl_Mono,1242,ts_immune_all_0092
TSP4,mammary gland,"CD8-positive, alpha-beta T cell",Memory_CD4,1152,ts_immune_all_0331
TSP2,lung,"CD8-positive, alpha-beta T cell",Memory_CD8,1089,ts_immune_all_0159
TSP2,bladder organ,macrophage,Macrophage,1002,ts_immune_all_0280
TSP2,bladder organ,"CD4-positive, alpha-beta T cell",Memory_CD4,980,ts_immune_all_0285
TSP2,thymus,B cell,Naive_B,968,ts_immune_all_0211
TSP2,thymus,"naive thymus-derived CD4-positive, alpha-beta T cell",Naive_CD4,965,ts_immune_all_0219
TSP2,muscle of abdomen,macrophage,Macrophage,964,ts_immune_all_0248
TSP2,lung,"CD4-positive, alpha-beta T cell",Memory_CD4,951,ts_immune_all_0158
TSP2,bladder organ,"CD8-positive, alpha-beta T cell",Memory_CD4,891,ts_immune_all_0286
TSP2,lymph node,"CD8-positive, alpha-beta T cell",Memory_CD8,866,ts_immune_all_0066
TSP2,spleen,classical monocyte,Cl_Mono,780,ts_immune_all_0184
TSP2,spleen,B cell,Naive_B,737,ts_immune_all_0172
TSP2,thymus,"CD8-positive, alpha-beta T cell",Memory_CD8,715,ts_immune_all_0215
TSP2,lung,classical monocyte,Cl_Mono,647,ts_immune_all_0163
TSP20,mucosa of stomach,plasma cell,Plasma,637,ts_immune_all_0975
TSP4,mammary gland,"CD4-positive, alpha-beta T cell",Memory_CD4,628,ts_immune_all_0329
TSP2,blood,"CD8-positive, alpha-beta T cell",Memory_CD8,607,ts_immune_all_0087
TSP2,bone marrow,"CD8-positive, alpha-beta T cell",Memory_CD8,606,ts_immune_all_0233
TSP9,exocrine pancreas,"CD8-positive, alpha-beta T cell",Memory_CD4,601,ts_immune_all_0515
TSP2,bone marrow,"CD4-positive, alpha-beta T cell",Memory_CD4,590,ts_immune_all_0232
TSP2,spleen,natural killer cell,NK,574,ts_immune_all_0175
TSP2,bone marrow,natural killer cell,NK,569,ts_immune_all_0231
TSP2,lung,natural killer cell,NK,547,ts_immune_all_0157
TSP2,spleen,macrophage,Macrophage,520,ts_immune_all_0170
TSP2,blood,B cell,Naive_B,512,ts_immune_all_0082
TSP2,bone marrow,monocyte,Cl_Mono,507,ts_immune_all_0228
TSP4,endometrium,macrophage,Macrophage,478,ts_immune_all_0310
TSP2,bladder organ,plasma cell,Plasma,472,ts_immune_all_0289
TSP2,kidney,B cell,Naive_B,460,ts_immune_all_0193
TSP2,blood,monocyte,Macrophage,438,ts_immune_all_0084
TSP20,mucosa of stomach,B cell,Naive_B,427,ts_immune_all_0971
TSP2,blood,erythrocyte,Erythrocyte,427,ts_immune_all_0078
TSP2,lymph node,"naive thymus-derived CD4-positive, alpha-beta T cell",Naive_CD4,420,ts_immune_all_0073
TSP4,endometrium,"CD8-positive, alpha-beta T cell",Memory_CD4,396,ts_immune_all_0314
TSP2,bladder organ,mast cell,Mast,393,ts_immune_all_0278
TSP2,kidney,"CD8-positive, alpha-beta T cell",Memory_CD8,392,ts_immune_all_0198
TSP9,exocrine pancreas,classical monocyte,Cl_Mono,390,ts_immune_all_0518
TSP2,muscle of pelvic diaphragm,macrophage,Macrophage,390,ts_immune_all_0268
TSP2,blood,macrophage,Macrophage,385,ts_immune_all_0080
TSP2,spleen,"naive thymus-derived CD8-positive, alpha-beta T cell",Naive_CD8,374,ts_immune_all_0187
TSP2,lung,non-classical monocyte,NC_Mono,368,ts_immune_all_0164
TSP2,spleen,"CD4-positive, alpha-beta T cell",Memory_CD4,367,ts_immune_all_0176
TSP2,spleen,monocyte,Macrophage,355,ts_immune_all_0174
TSP2,lymph node,natural killer cell,NK,355,ts_immune_all_0063
TSP20,stomach smooth muscle,"CD8-positive, alpha-beta T cell",Memory_CD8,348,ts_immune_all_0986
TSP17,liver,macrophage,Macrophage,336,ts_immune_all_0939
TSP2,kidney,macrophage,Macrophage,333,ts_immune_all_0192
TSP2,spleen,plasma cell,Plasma,324,ts_immune_all_0182
TSP17,liver,plasma cell,Plasma,306,ts_immune_all_0947
TSP2,bone marrow,plasma cell,Plasma,295,ts_immune_all_0237
TSP2,muscle of pelvic diaphragm,"CD8-positive, alpha-beta T cell",Memory_CD8,292,ts_immune_all_0275
TSP2,lung,basophil,Basophil,291,ts_immune_all_0160
TSP2,lung,monocyte,Cl_Mono,290,ts_immune_all_0156
TSP4,endometrium,"CD4-positive, alpha-beta T cell",Memory_CD4,287,ts_immune_all_0313
TSP2,lymph node,T cell,Memory_CD4,286,ts_immune_all_0056
TSP2,kidney,"CD4-positive, alpha-beta T cell",Memory_CD4,283,ts_immune_all_0196
TSP2,blood,natural killer cell,NK,281,ts_immune_all_0085
TSP4,mammary gland,macrophage,Macrophage,269,ts_immune_all_0326
TSP2,bone marrow,erythroid progenitor cell,MEP,266,ts_immune_all_0222
TSP2,bladder organ,T cell,Memory_CD4,262,ts_immune_all_0277
TSP2,lymph node,plasma cell,Plasma,259,ts_immune_all_0069
TSP2,muscle of pelvic diaphragm,"CD8-positive, alpha-beta T cell",Memory_CD4,257,ts_immune_all_0274
TSP2,bone marrow,hematopoietic stem cell,HSC,250,ts_immune_all_0221
TSP2,blood,neutrophil,Neutrophil,236,ts_immune_all_0089
TSP2,spleen,"naive thymus-derived CD4-positive, alpha-beta T cell",Naive_CD4,235,ts_immune_all_0186
TSP2,inguinal lymph node,B cell,Memory_B,235,ts_immune_all_0135
TSP4,myometrium,macrophage,Macrophage,234,ts_immune_all_0319
TSP2,thymus,"naive thymus-derived CD8-positive, alpha-beta T cell",Naive_CD8,223,ts_immune_all_0220
TSP2,thymus,macrophage,Macrophage,218,ts_immune_all_0209
TSP20,stomach smooth muscle,regulatory T cell,Treg,213,ts_immune_all_0988
TSP2,aorta,"CD8-positive, alpha-beta T cell",Memory_CD4,209,ts_immune_all_0104
TSP4,endometrium,"CD8-positive, alpha-beta T cell",Memory_CD8,204,ts_immune_all_0315
TSP2,lung,B cell,Naive_B,197,ts_immune_all_0155
TSP2,blood,"CD8-positive, alpha-beta T cell",NK,196,ts_immune_all_0088
TSP4,mammary gland,plasma cell,Plasma,196,ts_immune_all_0334
TSP30,right ovary,macrophage,Macrophage,196,ts_immune_all_1749
TSP2,bone marrow,hematopoietic precursor cell,MPP,194,ts_immune_all_0244
TSP2,bladder organ,B cell,Memory_B,182,ts_immune_all_0281
TSP2,kidney,natural killer cell,NK,179,ts_immune_all_0195
TSP20,stomach smooth muscle,"CD8-positive, alpha-beta T cell",Memory_CD4,176,ts_immune_all_0985
TSP17,liver,neutrophil,Neutrophil,163,ts_immune_all_0945
TSP2,muscle of abdomen,"CD8-positive, alpha-beta T cell",Memory_CD8,161,ts_immune_all_0255
TSP2,muscle of pelvic diaphragm,"CD4-positive, alpha-beta T cell",Memory_CD4,152,ts_immune_all_0273
TSP2,spleen,neutrophil,Neutrophil,149,ts_immune_all_0180
TSP2,blood,platelet,Platelet,149,ts_immune_all_0079
TSP20,muscularis mucosae of stomach,B cell,Naive_B,147,ts_immune_all_0977
TSP2,thymus,natural killer cell,NK,144,ts_immune_all_0213
TSP20,stomach smooth muscle,macrophage,Macrophage,144,ts_immune_all_0980
TSP20,mucosa of stomach,"CD8-positive, alpha-beta T cell",Memory_CD8,132,ts_immune_all_0974
TSP2,lymph node,classical monocyte,Cl_Mono,131,ts_immune_all_0071
TSP20,mucosa of stomach,"CD4-positive, alpha-beta T cell",Memory_CD4,131,ts_immune_all_0972
TSP2,bone marrow,B cell,Naive_B,131,ts_immune_all_0227
TSP17,liver,"CD8-positive, alpha-beta T cell",Memory_CD4,131,ts_immune_all_0944
TSP2,bone marrow,B cell,Memory_B,130,ts_immune_all_0226
TSP2,blood,non-classical monocyte,Cl_Mono,129,ts_immune_all_0093
TSP2,lymph node,intermediate monocyte,Cl_Mono,119,ts_immune_all_0075
TSP5,eye,microglial cell,Macrophage,117,ts_immune_all_0344
TSP2,kidney,"CD8-positive, alpha-beta T cell",Memory_CD4,114,ts_immune_all_0197
TSP2,bladder organ,natural killer cell,NK,106,ts_immune_all_0284
TSP4,muscle of pelvic diaphragm,"CD8-positive, alpha-beta T cell",Memory_CD8,104,ts_immune_all_0342
TSP17,liver,monocyte,Cl_Mono,104,ts_immune_all_0941
TSP2,inguinal lymph node,"CD4-positive, alpha-beta T cell",Memory_CD4,102,ts_immune_all_0138
TSP2,lymph node,"CD8-positive, alpha-beta T cell",Memory_CD4,101,ts_immune_all_0065
TSP2,bone marrow,macrophage,Macrophage,99,ts_immune_all_0225
TSP2,aorta,"CD4-positive, alpha-beta T cell",Memory_CD4,99,ts_immune_all_0103
TSP2,lymph node,macrophage,Macrophage,99,ts_immune_all_0059
TSP4,muscle of abdomen,"CD8-positive, alpha-beta T cell",Memory_CD8,98,ts_immune_all_0338
TSP2,lung,plasma cell,Plasma,96,ts_immune_all_0162
TSP17,liver,natural killer cell,NK,95,ts_immune_all_0942
TSP2,thymus,plasma cell,Plasma,93,ts_immune_all_0217
TSP20,muscularis mucosae of stomach,"CD4-positive, alpha-beta T cell",Memory_CD4,92,ts_immune_all_0978
TSP2,blood,B cell,Memory_B,90,ts_immune_all_0081
TSP2,bone marrow,common myeloid progenitor,CMP,87,ts_immune_all_0223
TSP2,inguinal lymph node,innate lymphoid cell,ILC,86,ts_immune_all_0142
TSP15,sclera,"CD8-positive, alpha-beta T cell",Memory_CD4,85,ts_immune_all_0926
TSP30,left ovary,macrophage,Macrophage,81,ts_immune_all_1754
TSP5,eye,"CD8-positive, alpha-beta T cell",Memory_CD4,81,ts_immune_all_0351
TSP2,inguinal lymph node,"naive thymus-derived CD4-positive, alpha-beta T cell",Naive_CD4,79,ts_immune_all_0141
TSP2,skin of abdomen,macrophage,Macrophage,78,ts_immune_all_0125
TSP2,thymus,thymocyte,DN_T,77,ts_immune_all_0218
TSP2,aorta,mast cell,Mast,76,ts_immune_all_0097
TSP2,skin of chest,macrophage,Macrophage,76,ts_immune_all_0147
TSP2,bone marrow,intermediate monocyte,Cl_Mono,74,ts_immune_all_0242
TSP2,duodenum,B cell,Naive_B,74,ts_immune_all_0202
TSP20,stomach smooth muscle,natural killer cell,NK,73,ts_immune_all_0983
TSP2,muscle of pelvic diaphragm,T cell,Memory_CD4,73,ts_immune_all_0266
TSP4,mammary gland,T cell,Memory_CD4,73,ts_immune_all_0324
TSP4,uterus,macrophage,Macrophage,72,ts_immune_all_0300
TSP20,mucosa of stomach,"CD8-positive, alpha-beta T cell",Memory_CD4,72,ts_immune_all_0973
TSP5,eye,"CD4-positive, alpha-beta T cell",Memory_CD4,71,ts_immune_all_0350
TSP2,skin of chest,mast cell,Mast,69,ts_immune_all_0145
TSP4,muscle of pelvic diaphragm,macrophage,Macrophage,66,ts_immune_all_0340
TSP2,inguinal lymph node,"CD8-positive, alpha-beta T cell",Memory_CD8,66,ts_immune_all_0139
TSP2,aorta,erythrocyte,Erythrocyte,65,ts_immune_all_0098
TSP2,spleen,T cell,Memory_CD4,64,ts_immune_all_0167
TSP2,subcutaneous adipose tissue,"CD4-positive, alpha-beta T cell",Memory_CD4,63,ts_immune_all_0205
TSP2,bone marrow,monocyte,Macrophage,62,ts_immune_all_0230
TSP15,sclera,macrophage,Macrophage,62,ts_immune_all_0921
TSP2,skin of abdomen,mast cell,Mast,60,ts_immune_all_0123
TSP2,bladder organ,neutrophil,Neutrophil,59,ts_immune_all_0288
TSP4,myometrium,neutrophil,Neutrophil,58,ts_immune_all_0323
TSP28,left ovary,macrophage,Macrophage,57,ts_immune_all_1745
TSP2,spleen,regulatory T cell,Treg,54,ts_immune_all_0183
TSP5,eye,B cell,Naive_B,54,ts_immune_all_0347
TSP2,kidney,monocyte,Macrophage,54,ts_immune_all_0194
TSP2,adipose tissue,B cell,Naive_B,53,ts_immune_all_0108
TSP2,lymph node,monocyte,Cl_Mono,51,ts_immune_all_0062
TSP4,muscle of abdomen,macrophage,Macrophage,51,ts_immune_all_0336
TSP15,sclera,"CD4-positive, alpha-beta T cell",Memory_CD4,51,ts_immune_all_0925
TSP2,trachea,"CD8-positive, alpha-beta T cell",Memory_CD4,50,ts_immune_all_0264
TSP2,spleen,intermediate monocyte,Cl_Mono,49,ts_immune_all_0189
TSP2,muscle of abdomen,"CD8-positive, alpha-beta T cell",Memory_CD4,48,ts_immune_all_0254
TSP17,liver,erythrocyte,Erythrocyte,48,ts_immune_all_0938
TSP17,liver,B cell,Naive_B,48,ts_immune_all_0940
TSP9,exocrine pancreas,natural killer cell,NK,47,ts_immune_all_0513
TSP3,lacrimal gland,"CD4-positive, alpha-beta T cell",Memory_CD4,47,ts_immune_all_0295
TSP2,aorta,mature NK T cell,NK,47,ts_immune_all_0107
TSP4,uterus,"CD4-positive, alpha-beta T cell",Memory_CD4,46,ts_immune_all_0304
TSP2,bone marrow,classical monocyte,Cl_Mono,46,ts_immune_all_0239
TSP2,subcutaneous adipose tissue,"CD8-positive, alpha-beta T cell",Memory_CD4,46,ts_immune_all_0206
TSP2,blood,intermediate monocyte,Cl_Mono,46,ts_immune_all_0095
TSP17,liver,non-classical monocyte,Cl_Mono,46,ts_immune_all_0949
TSP15,sclera,B cell,Naive_B,44,ts_immune_all_0922
TSP2,bone marrow,myeloid dendritic cell,Dendritic,43,ts_immune_all_0236
TSP2,lymph node,innate lymphoid cell,ILC,43,ts_immune_all_0074
TSP9,exocrine pancreas,intermediate monocyte,Cl_Mono,42,ts_immune_all_0519
TSP2,bladder organ,B cell,Naive_B,42,ts_immune_all_0282
TSP2,muscle of pelvic diaphragm,natural killer cell,NK,42,ts_immune_all_0272
TSP2,blood,mature NK T cell,NK,41,ts_immune_all_0091
TSP2,spleen,non-classical monocyte,NC_Mono,41,ts_immune_all_0185
TSP2,bone marrow,neutrophil,Neutrophil,40,ts_immune_all_0234
TSP15,sclera,plasma cell,Plasma,40,ts_immune_all_0928
TSP4,muscle of pelvic diaphragm,"CD4-positive, alpha-beta T cell",Memory_CD4,39,ts_immune_all_0341
TSP17,liver,classical monocyte,Cl_Mono,38,ts_immune_all_0948
TSP2,inguinal lymph node,natural killer cell,NK,38,ts_immune_all_0137
TSP12,cardiac ventricle,macrophage,Macrophage,38,ts_immune_all_0609
TSP2,aorta,"CD8-positive, alpha-beta T cell",NK,38,ts_immune_all_0105
TSP2,muscle of abdomen,"CD4-positive, alpha-beta T cell",Memory_CD4,37,ts_immune_all_0253
TSP2,spleen,"CD8-positive, alpha-beta T cell",Memory_CD4,37,ts_immune_all_0177
TSP2,lung,neutrophil,Neutrophil,37,ts_immune_all_0161
TSP2,lymph node,myeloid dendritic cell,Dendritic,36,ts_immune_all_0068
TSP9,exocrine pancreas,"CD4-positive, alpha-beta T cell",Memory_CD4,35,ts_immune_all_0514
TSP4,mammary gland,mast cell,Mast,35,ts_immune_all_0325
TSP2,aorta,plasma cell,Plasma,35,ts_immune_all_0106
TSP4,endometrium,neutrophil,Neutrophil,35,ts_immune_all_0316
TSP2,muscle of pelvic diaphragm,B cell,Naive_B,34,ts_immune_all_0269
TSP2,cortex of kidney,B cell,Naive_B,34,ts_immune_all_0117
TSP2,trachea,"CD8-positive, alpha-beta T cell",Memory_CD8,34,ts_immune_all_0265
TSP2,skin of abdomen,"CD4-positive, alpha-beta T cell",Memory_CD4,33,ts_immune_all_0129
TSP2,aorta,natural killer cell,NK,33,ts_immune_all_0102
TSP2,skin of abdomen,T cell,Memory_CD4,33,ts_immune_all_0122
TSP2,cortex of kidney,"CD8-positive, alpha-beta T cell",Memory_CD8,31,ts_immune_all_0120
TSP20,stomach smooth muscle,plasma cell,Plasma,31,ts_immune_all_0987
TSP4,endometrium,B cell,Naive_B,30,ts_immune_all_0311
TSP15,cornea,"CD8-positive, alpha-beta T cell",Memory_CD4,30,ts_immune_all_0914
TSP2,adipose tissue,"CD4-positive, alpha-beta T cell",Memory_CD4,29,ts_immune_all_0109
TSP2,skin of chest,T cell,Memory_CD4,29,ts_immune_all_0144
TSP28,right ovary,macrophage,Macrophage,29,ts_immune_all_1743
TSP2,spleen,innate lymphoid cell,ILC,29,ts_immune_all_0188
TSP17,liver,"CD4-positive, alpha-beta T cell",Memory_CD4,29,ts_immune_all_0943
TSP2,bone marrow,macrophage,Cl_Mono,28,ts_immune_all_0224
TSP2,trachea,macrophage,Macrophage,28,ts_immune_all_0259
TSP2,kidney,non-classical monocyte,NC_Mono,27,ts_immune_all_0201
TSP2,bone marrow,non-classical monocyte,Cl_Mono,27,ts_immune_all_0240
TSP5,eye,macrophage,Macrophage,26,ts_immune_all_0346
TSP17,liver,intermediate monocyte,Cl_Mono,26,ts_immune_all_0950
TSP9,exocrine pancreas,B cell,Naive_B,26,ts_immune_all_0511
TSP2,bladder organ,"CD8-positive, alpha-beta T cell",Naive_CD8,26,ts_immune_all_0287
TSP28,left ovary,"CD8-positive, alpha-beta T cell",Memory_CD8,26,ts_immune_all_1747
TSP3,lacrimal gland,microglial cell,Macrophage,25,ts_immune_all_0293
TSP4,endometrium,mast cell,Mast,25,ts_immune_all_0309
TSP2,thymus,monocyte,Cl_Mono,25,ts_immune_all_0212
TSP4,uterus,"CD8-positive, alpha-beta T cell",Memory_CD8,25,ts_immune_all_0306
TSP2,spleen,erythrocyte,Erythrocyte,25,ts_immune_all_0168
TSP28,right ovary,"CD8-positive, alpha-beta T cell",Memory_CD8,25,ts_immune_all_1744
TSP2,skin of chest,"CD8-positive, alpha-beta T cell",Memory_CD8,25,ts_immune_all_0150
TSP2,lymph node,mast cell,Mast,25,ts_immune_all_0057
TSP4,muscle of abdomen,"CD4-positive, alpha-beta T cell",Memory_CD4,25,ts_immune_all_0337
TSP4,uterus,natural killer cell,NK,24,ts_immune_all_0303
TSP15,cornea,microglial cell,Macrophage,24,ts_immune_all_0912
TSP2,inguinal lymph node,plasma cell,Plasma,24,ts_immune_all_0140
TSP20,mucosa of stomach,mast cell,Mast,24,ts_immune_all_0969
TSP2,trachea,B cell,Memory_B,24,ts_immune_all_0260
TSP2,ascending colon,B cell,Naive_B,23,ts_immune_all_0111
TSP2,muscle of abdomen,mast cell,Mast,23,ts_immune_all_0246
TSP12,cardiac atrium,macrophage,Macrophage,23,ts_immune_all_0604
TSP2,skin of abdomen,"CD8-positive, alpha-beta T cell",Memory_CD8,22,ts_immune_all_0131
TSP2,cortex of kidney,natural killer cell,NK,22,ts_immune_all_0118
TSP15,retinal neural layer,microglial cell,Macrophage,22,ts_immune_all_0930
TSP2,bladder organ,regulatory T cell,Treg,22,ts_immune_all_0290
TSP2,kidney,neutrophil,Neutrophil,22,ts_immune_all_0199
TSP2,trachea,mast cell,Mast,22,ts_immune_all_0258
TSP17,liver,mast cell,Mast,22,ts_immune_all_0937
TSP2,lymph node,non-classical monocyte,NC_Mono,22,ts_immune_all_0072
TSP2,blood,hematopoietic stem cell,HSC,21,ts_immune_all_0077
TSP4,uterus,macrophage,Neutrophil,21,ts_immune_all_0301
TSP2,skin of chest,"CD4-positive, alpha-beta T cell",Memory_CD4,20,ts_immune_all_0148
TSP3,eye,microglial cell,Macrophage,20,ts_immune_all_0291
TSP2,adipose tissue,"CD8-positive, alpha-beta T cell",Memory_CD4,19,ts_immune_all_0110
TSP4,myometrium,"CD8-positive, alpha-beta T cell",Memory_CD4,19,ts_immune_all_0321
TSP15,cornea,neutrophil,Neutrophil,19,ts_immune_all_0915
TSP5,eye,monocyte,Cl_Mono,18,ts_immune_all_0348
TSP2,spleen,monocyte,Cl_Mono,18,ts_immune_all_0173
TSP15,cornea,macrophage,Macrophage,18,ts_immune_all_0913
TSP2,spleen,"CD8-positive, alpha-beta T cell",NK,18,ts_immune_all_0179
TSP17,liver,hematopoietic precursor cell,MPP,18,ts_immune_all_0951
TSP3,lacrimal gland,"CD8-positive, alpha-beta T cell",Memory_CD4,18,ts_immune_all_0296
TSP3,lacrimal gland,myeloid dendritic cell,Dendritic,18,ts_immune_all_0297
TSP2,muscle of abdomen,neutrophil,Neutrophil,18,ts_immune_all_0257
TSP4,endometrium,T cell,Memory_CD4,18,ts_immune_all_0308
TSP4,uterus,"CD8-positive, alpha-beta T cell",Memory_CD4,18,ts_immune_all_0305
TSP2,bone marrow,non-classical monocyte,NC_Mono,18,ts_immune_all_0241
TSP2,skin of chest,myeloid dendritic cell,Dendritic,17,ts_immune_all_0152
TSP2,trachea,"CD4-positive, alpha-beta T cell",Memory_CD4,17,ts_immune_all_0263
TSP2,bladder organ,macrophage,Cl_Mono,17,ts_immune_all_0279
TSP20,stomach smooth muscle,B cell,Memory_B,17,ts_immune_all_0981
TSP2,kidney,T cell,Memory_CD4,17,ts_immune_all_0191
TSP2,skin of chest,myeloid dendritic cell,Macrophage,16,ts_immune_all_0153
TSP2,cortex of kidney,"CD4-positive, alpha-beta T cell",Memory_CD4,16,ts_immune_all_0119
TSP2,muscle of abdomen,T cell,Memory_CD4,16,ts_immune_all_0245
TSP4,endometrium,plasma cell,Plasma,16,ts_immune_all_0317
TSP2,muscle of pelvic diaphragm,erythrocyte,Erythrocyte,16,ts_immune_all_0267
TSP15,sclera,microglial cell,Macrophage,16,ts_immune_all_0919
TSP15,sclera,mature NK T cell,Memory_CD4,16,ts_immune_all_0929
TSP15,sclera,erythrocyte,Erythrocyte,15,ts_immune_all_0920
TSP2,sigmoid colon,"CD8-positive, alpha-beta T cell",Memory_CD8,15,ts_immune_all_0114
TSP2,thymus,mast cell,Mast,15,ts_immune_all_0207
TSP2,muscle of abdomen,natural killer cell,Memory_CD4,14,ts_immune_all_0251
TSP2,bone marrow,mature NK T cell,NK,14,ts_immune_all_0238
TSP5,eye,mature NK T cell,Memory_CD4,13,ts_immune_all_0353
TSP2,inguinal lymph node,B cell,Naive_B,13,ts_immune_all_0136
TSP4,endometrium,monocyte,Cl_Mono,13,ts_immune_all_0312
