tf,n_targets,n_in_universe,max_overlap_5resp,overlap_2610,p_randfeat_maxge_obs,p_minover_thr2to5,hypergeom_p_2610
FOXA1,472,137,8,8,0.0010146103896103709,0.01412976982896319,4.000904574086573e-09
TCF7,417,187,6,6,0.0010146103896103709,0.011115492691362028,1.6926223490761766e-05
MEIS2,439,192,7,7,0.0010146103896103709,0.01613520104368671,1.1821372616198975e-06
SOX11,407,74,5,5,0.0010146103896103709,0.0010146103896103709,2.587733700848413e-06
SOX10,304,84,4,4,0.0010146103896103709,0.0010146103896103709,0.00011935191477057896
ZEB2,415,185,6,6,0.0010146103896103709,0.012121069778314064,1.5916115048408813e-05
SMAD1,464,213,7,7,0.0010146103896103709,0.004053501277586413,2.3779517399040415e-06
SETDB1,398,154,6,6,0.0010146103896103709,0.0020283970646767235,5.529554822297157e-06
GATA1,470,219,8,8,0.0010146103896103709,0.031072143343126357,1.6023321835564854e-07
NCOA1,184,76,5,5,0.0010146103896103709,0.0010146103896103709,2.956029718373891e-06
MAFF,457,163,6,6,0.0020283970646767235,0.008093847187971237,7.683171240596766e-06
TFAP2A,441,134,5,5,0.0020283970646767235,0.0020283970646767235,4.758048970304937e-05
HOXB13,454,137,7,7,0.0020283970646767235,0.007084992272580637,1.1771009732483562e-07
GATA2,480,152,7,7,0.0020283970646767235,0.012121069778314064,2.407278458700325e-07
GTF2B,481,200,7,7,0.0020283970646767235,0.029091101401024333,1.5571023778850807e-06
ZBTB7A,480,155,5,5,0.0020283970646767235,0.0020283970646767235,9.545431116728372e-05
FOXP1,486,236,8,8,0.0020283970646767235,0.05556349258170823,2.8560715075364636e-07
FOXJ2,378,178,5,5,0.0020283970646767235,0.0020283970646767235,0.000183611894389467
FOS,433,114,6,6,0.0020283970646767235,0.0030413605268522215,9.48778155772286e-07
HNF4G,442,150,5,5,0.0020283970646767235,0.0020283970646767235,8.165618084201876e-05
NME2,410,41,5,5,0.0020283970646767235,0.0020283970646767235,1.2854762782245646e-07
NANOG,456,91,5,5,0.0020283970646767235,0.0020283970646767235,7.221789966182856e-06
SOX2,467,109,6,6,0.0020283970646767235,0.006075316649510221,7.273689651417066e-07
AR,469,115,6,6,0.0020283970646767235,0.007084992272580637,9.990829998455762e-07
ZNF750,464,128,5,5,0.0020283970646767235,0.0020283970646767235,3.81601124866469e-05
POU5F1,476,114,5,5,0.0020283970646767235,0.0020283970646767235,2.177498360211426e-05
POU4F2,424,71,5,5,0.0030413605268522215,0.0030413605268522215,2.1040627743664885e-06
ARNT,468,82,5,5,0.0030413605268522215,0.0030413605268522215,4.313880056793138e-06
FOXO1,464,138,6,6,0.0030413605268522215,0.010109096897235603,2.918776059368891e-06
NR2F2,451,177,6,6,0.0030413605268522215,0.006075316649510221,1.2352088485611199e-05
GATA3,438,119,5,5,0.0030413605268522215,0.0030413605268522215,2.682098463209363e-05
ZNF639,432,283,6,2,0.0030413605268522215,0.01412976982896319,0.22463999658822664
PDX1,452,108,5,5,0.004053501277586413,0.004053501277586413,1.673319574449207e-05
ZNF644,323,144,5,5,0.004053501277586413,0.004053501277586413,6.719387509115853e-05
MAFB,471,130,5,5,0.004053501277586413,0.004053501277586413,4.11220410844418e-05
MAFK,468,134,6,6,0.004053501277586413,0.00506481981812501,2.4572622496778634e-06
MAFG,435,155,6,6,0.004053501277586413,0.008093847187971237,5.741136952726398e-06
TAL1,471,167,6,6,0.004053501277586413,0.011115492691362028,8.837687380530008e-06
NFE2L2,456,213,5,5,0.004053501277586413,0.004053501277586413,0.00042387322824198056
ZNF24,394,145,5,5,0.00506481981812501,0.00506481981812501,6.945451393296571e-05
TEAD4,455,138,5,5,0.00506481981812501,0.00506481981812501,5.4800750344150505e-05
ZNF589,306,111,4,4,0.00506481981812501,0.00506481981812501,0.0003506451855774654
BCL6,461,194,5,4,0.006075316649510221,0.006075316649510221,0.002827844866772937
CREM,475,231,6,6,0.006075316649510221,0.02113450410791473,5.609008987783857e-05
STAT5B,453,211,6,6,0.006075316649510221,0.01513289379128624,3.365515991587822e-05
TCF12,474,160,5,5,0.006075316649510221,0.006075316649510221,0.00011098889659752054
PAX5,480,217,5,5,0.006075316649510221,0.006075316649510221,0.000461873645896359
JUN,438,149,5,5,0.007084992272580637,0.007084992272580637,7.909250072030996e-05
GFI1B,464,204,5,5,0.007084992272580637,0.007084992272580637,0.0003470846149142961
PKNOX1,444,190,5,5,0.008093847187971237,0.008093847187971237,0.00024927281556175467
MYB,454,182,5,4,0.008093847187971237,0.008093847187971237,0.0022401837905691633
FOXA2,468,120,5,5,0.008093847187971237,0.008093847187971237,2.7931262576283474e-05
CEBPB,462,136,5,5,0.009101881896113495,0.009101881896113495,5.109163602253773e-05
FOXM1,414,194,5,5,0.009101881896113495,0.009101881896113495,0.0002747296308428265
RUNX1,474,178,5,5,0.009101881896113495,0.009101881896113495,0.000183611894389467
PBX2,451,169,5,5,0.009101881896113495,0.009101881896113495,0.00014379752440352462
TERF1,464,175,5,5,0.009101881896113495,0.009101881896113495,0.00016950371560745247
NFE2,472,207,5,5,0.009101881896113495,0.009101881896113495,0.00037138997984948206
ZNF384,465,288,6,6,0.010109096897235603,0.030082026996654965,0.00019098622478307917
TWIST1,438,114,4,4,0.010109096897235603,0.010109096897235603,0.00038830436638645645
ATF7,457,189,5,5,0.010109096897235603,0.010109096897235603,0.00024320085665867022
RARA,484,264,5,1,0.011115492691362028,0.011115492691362028,0.5743568673366102
CEBPG,424,166,5,5,0.011115492691362028,0.011115492691362028,0.00013212876766678866
CREB3,319,127,4,4,0.011115492691362028,0.011115492691362028,0.0005856655190448388
RELA,457,187,5,5,0.012121069778314064,0.012121069778314064,0.00023139729483119374
STAT5A,427,194,5,5,0.012121069778314064,0.012121069778314064,0.0002747296308428265
JUND,449,182,5,5,0.012121069778314064,0.012121069778314064,0.00020380614423799
NR3C1,447,138,4,4,0.013125828657709615,0.013125828657709615,0.0008014510845591402
NR1H2,420,135,4,4,0.01412976982896319,0.01412976982896319,0.0007377773774997573
MEIS1,436,125,4,4,0.01412976982896319,0.01412976982896319,0.0005514556727562757
TP53,415,144,4,4,0.01412976982896319,0.01412976982896319,0.0009403656277391748
FOXK2,445,251,5,5,0.01412976982896319,0.01412976982896319,0.0008986594621778066
MYC,478,241,5,5,0.01513289379128624,0.01513289379128624,0.0007470345698573421
OTX2,327,75,3,3,0.01613520104368671,0.01613520104368671,0.0015799352295833805
NR5A2,316,87,3,2,0.01613520104368671,0.01613520104368671,0.030275233140633826
TCF7L2,414,141,4,4,0.01613520104368671,0.01613520104368671,0.0008689382463661166
ELF1,476,260,5,5,0.01613520104368671,0.01613520104368671,0.0010539352053045544
YY1,465,237,5,5,0.01613520104368671,0.01613520104368671,0.0006921333663875096
ZNF83,209,90,3,3,0.018137367413736616,0.018137367413736616,0.0026668493677047
PGR,450,136,4,4,0.018137367413736616,0.018137367413736616,0.0007585860363324
EBF1,467,146,4,4,0.019137227528386647,0.019137227528386647,0.0009902356692479673
AHR,433,66,3,3,0.020136272927115062,0.020136272927115062,0.0010903009192914095
NFIC,449,137,4,4,0.02113450410791473,0.02113450410791473,0.0007798090458862422
FOSL2,442,142,4,4,0.02213192156857502,0.02213192156857502,0.0008923032995564751
FLI1,484,175,4,3,0.02213192156857502,0.02213192156857502,0.016793259022586243
KMT2A,461,262,5,3,0.023128525806682898,0.023128525806682898,0.04758570484770178
FOSL1,417,148,4,4,0.023128525806682898,0.023128525806682898,0.0010419511789816732
MBD3,419,98,3,3,0.024124317319622057,0.024124317319622057,0.0033973924774501267
RBPJ,420,169,4,4,0.024124317319622057,0.024124317319622057,0.0017059133843858852
SMAD3,439,132,4,4,0.02511929660457346,0.02511929660457346,0.0006777908165131781
E2F6,470,172,4,4,0.026113464158515454,0.026113464158515454,0.0018202738116324796
NFATC1,236,149,4,4,0.026113464158515454,0.026113464158515454,0.001068512797692332
KLF4,464,155,4,4,0.026113464158515454,0.026113464158515454,0.0012380347625670896
TBP,459,287,5,5,0.027106820478223215,0.027106820478223215,0.0016415712182108553
JUNB,443,204,5,5,0.027106820478223215,0.027106820478223215,0.0003470846149142961
TFDP1,376,221,4,4,0.027106820478223215,0.027106820478223215,0.004523843617416598
REST,435,95,3,3,0.027106820478223215,0.027106820478223215,0.0031105590031408068
TERF2,428,158,4,4,0.028099366060269415,0.028099366060269415,0.0013295354242839259
ARID3A,463,263,5,5,0.030082026996654965,0.030082026996654965,0.0011099133806811176
IKZF1,419,159,4,4,0.031072143343126357,0.031072143343126357,0.001361065728516156
CEBPA,453,150,4,4,0.03206145093620061,0.03206145093620061,0.001095549965277272
IRF4,457,153,4,4,0.03206145093620061,0.03206145093620061,0.0011795621017295507
MNT,477,203,4,4,0.03403764184419378,0.03403764184419378,0.0033330962097148334
BHLHE40,460,205,4,4,0.0350245261496247,0.0350245261496247,0.0034532695586080675
BACH1,420,209,4,4,0.0350245261496247,0.0350245261496247,0.0037025009868502114
HMBOX1,438,242,5,5,0.0350245261496247,0.0350245261496247,0.000761258963513975
ZHX1,466,209,4,4,0.0350245261496247,0.0350245261496247,0.0037025009868502114
MAZ,478,212,4,4,0.036010603682682496,0.036010603682682496,0.003897340002958102
MAX,478,188,4,4,0.03699587493811718,0.03699587493811718,0.0025221431701600476
CUX1,453,189,4,4,0.03699587493811718,0.03699587493811718,0.0025714175985600773
PBX3,468,162,4,4,0.03798034041047649,0.03798034041047649,0.0014588133026969324
TBX21,461,174,4,4,0.03994685598314851,0.03994685598314851,0.0018994288214413324
POU2F2,480,182,4,4,0.03994685598314851,0.03994685598314851,0.0022401837905691633
ERG,482,171,4,4,0.03994685598314851,0.03994685598314851,0.0017815754480665033
SP1,463,202,4,4,0.03994685598314851,0.03994685598314851,0.003274104340910619
IRF3,401,269,4,1,0.040928907071545506,0.040928907071545506,0.5813367611233632
HNF1B,374,94,3,3,0.040928907071545506,0.040928907071545506,0.003018411767400834
BCL11A,464,193,4,4,0.042890598321155715,0.042890598321155715,0.0027752033155166458
RUNX3,464,176,4,3,0.042890598321155715,0.042890598321155715,0.01705011970512838
ESRRA,409,115,3,3,0.04387023946924051,0.04387023946924051,0.0053293275289064785
E2F5,285,130,3,3,0.04484907829042273,0.04484907829042273,0.007492118177738736
HIF1A,453,108,3,3,0.04484907829042273,0.04484907829042273,0.004469236443022232
TP63,459,115,3,3,0.046804350923600135,0.046804350923600135,0.0053293275289064785
MAF,480,209,4,4,0.04778078572085109,0.04778078572085109,0.0037025009868502114
TFAP2C,461,113,3,3,0.04778078572085109,0.04778078572085109,0.005074130985511772
ETS1,468,238,4,4,0.04778078572085109,0.04778078572085109,0.005888357078095347
KLF1,472,252,4,4,0.0536226042373934,0.0536226042373934,0.007202093511129821
RFX1,115,52,2,0,0.0536226042373934,0.0536226042373934,1.0
ZBED1,432,268,5,5,0.05556349258170823,0.05556349258170823,0.001208125566240542
MYNN,460,267,4,4,0.05556349258170823,0.05556349258170823,0.008813519110742641
ATF1,465,238,4,4,0.0565327418709306,0.0565327418709306,0.005888357078095347
NR2F1,464,143,3,3,0.05750119522561037,0.05750119522561037,0.009734860208331279
NFYA,476,264,4,4,0.05846885313605632,0.05846885313605632,0.008473762601825892
NR4A1,435,191,4,4,0.05846885313605632,0.05846885313605632,0.0026719635973149543
SOX6,435,214,4,4,0.05846885313605632,0.05846885313605632,0.004031068811597493
EOMES,360,50,2,2,0.06233154013462894,0.06233154013462894,0.01062948274382147
CTCF,485,118,3,3,0.06329522817148958,0.06329522817148958,0.005726520863635608
ETV1,475,264,4,4,0.06522022721428289,0.06522022721428289,0.008473762601825892
NR2F6,437,140,3,3,0.066181539197814,0.066181539197814,0.0091861368675119
SOX13,393,132,3,3,0.06714206014083213,0.06714206014083213,0.007814476324206874
IRF1,446,208,4,4,0.07001888160876912,0.07001888160876912,0.0036390712989596953
SRF,450,275,4,4,0.0709762432706913,0.0709762432706913,0.009763493083197078
CREB1,477,230,4,4,0.0709762432706913,0.0709762432706913,0.005215804783034496
CEBPD,468,263,4,4,0.071932816331574,0.071932816331574,0.008362479212556072
ZNF143,480,142,3,3,0.07575123230754066,0.07575123230754066,0.009549851480677456
ELF3,421,120,3,3,0.07670386966859244,0.07670386966859244,0.006001011246681837
ZBTB33,425,289,4,4,0.07670386966859244,0.07670386966859244,0.011584343260002392
CXXC4,484,242,4,4,0.07670386966859244,0.07670386966859244,0.006245621859569649
GABPA,475,258,4,4,0.07765572134934651,0.07765572134934651,0.0078206603860095
HMGN3,491,289,4,4,0.08145528098813792,0.08145528098813792,0.011584343260002392
KLF9,456,158,3,3,0.08145528098813792,0.08145528098813792,0.01276576224169172
GRHL2,451,131,3,3,0.08240321155471353,0.08240321155471353,0.0076522789263047414
IRF2,470,284,4,2,0.08429672487242035,0.08429672487242035,0.22582153375881117
BHLHE22,417,138,3,1,0.08807437381583971,0.08807437381583971,0.35720957370442785
E2F1,454,284,4,4,0.08901683519056491,0.08901683519056491,0.010910456805403623
ZNF740,266,159,3,3,0.08995851718850734,0.08995851718850734,0.012985083328483565
ZKSCAN1,465,177,3,3,0.08995851718850734,0.08995851718850734,0.017309214393113226
ATF2,457,223,4,4,0.09089942029315112,0.09089942029315112,0.004671844828461184
BACH2,383,164,3,3,0.09746397358399617,0.09746397358399617,0.014114484412978447
MITF,464,141,3,3,0.09746397358399617,0.09746397358399617,0.009366945533188986
EPAS1,209,71,2,1,0.1030605009849277,0.1030605009849277,0.20240414832585704
KDM5B,469,169,3,3,0.1030605009849277,0.1030605009849277,0.01529886769258109
SIX2,396,64,2,2,0.10584833422739093,0.10584833422739093,0.017037001417401467
VDR,428,171,3,3,0.10770303539873549,0.10770303539873549,0.015788106684622407
THAP11,302,197,3,0,0.10770303539873549,0.10770303539873549,1.0
SMAD5,477,373,5,5,0.10770303539873549,0.10770303539873549,0.005154468815898884
NEUROD1,456,181,3,3,0.1095546575896913,0.1095546575896913,0.018367978827963823
NCOA2,237,70,2,2,0.11047931526612975,0.11047931526612975,0.020179438045968265
USF1,456,183,3,3,0.11047931526612975,0.11047931526612975,0.018910822171737195
CLOCK,406,86,2,2,0.12151541624600481,0.12151541624600481,0.029634899904955724
SNAI2,478,169,3,1,0.12243012322617342,0.12243012322617342,0.41874740267365196
ZNF318,384,193,3,3,0.12425725137168164,0.12425725137168164,0.021760223948006033
STAT3,458,166,3,3,0.12608133493849638,0.12608133493849638,0.01458161644051883
BATF,439,146,3,3,0.1279023777331333,0.1279023777331333,0.010302556556479362
MEF2C,384,160,3,3,0.1279023777331333,0.1279023777331333,0.01320658583194598
ZNF92,400,77,2,2,0.13425213631558486,0.13425213631558486,0.02412915343789732
TFAP4,470,178,3,3,0.139665299443561,0.139665299443561,0.01757054542791343
MBD1,440,203,3,3,0.14056485475572789,0.14056485475572789,0.02483589264709611
MEF2A,433,173,3,3,0.14594639837546208,0.14594639837546208,0.016286229904441157
ELK4,94,78,2,2,0.15041039484726149,0.15041039484726149,0.024717571428901845
ZNF175,442,182,3,3,0.15130094998893107,0.15130094998893107,0.018638277068814022
STAT1,468,166,3,1,0.15485570572082874,0.15485570572082874,0.41304609335107034
SPI1,470,160,3,3,0.15574253079352463,0.15574253079352463,0.01320658583194598
ATF3,447,182,3,3,0.1663264864333448,0.1663264864333448,0.018638277068814022
SMAD4,369,86,2,2,0.1663264864333448,0.1663264864333448,0.029634899904955724
NFKB1,441,186,3,3,0.1680801113639495,0.1680801113639495,0.019741956952371856
ZNF217,316,85,2,2,0.17332328768954575,0.17332328768954575,0.0290001808973404
RXRA,446,190,3,3,0.1776723772858665,0.1776723772858665,0.020881697337018876
TCF3,478,202,3,3,0.1794068792959308,0.1794068792959308,0.02451811733028753
ETV4,457,220,3,3,0.1811384532592979,0.1811384532592979,0.030585564834866925
NCOA3,381,86,2,2,0.1811384532592979,0.1811384532592979,0.029634899904955724
TP73,349,87,2,2,0.18459283187774778,0.18459283187774778,0.030275233140633826
THAP1,487,228,3,0,0.19060993679974025,0.19060993679974025,1.0
PRDM14,451,93,2,2,0.19146661552878363,0.19146661552878363,0.03423301557161115
XBP1,438,84,2,2,0.1940323003328689,0.1940323003328689,0.028371114266034624
RFX5,443,219,3,3,0.19914413016344457,0.19914413016344457,0.030229185189024108
TCF4,365,100,2,2,0.20507511503850562,0.20507511503850562,0.03909339759557801
CREB3L1,165,106,2,2,0.20507511503850562,0.20507511503850562,0.04345871186623852
PROX1,356,102,2,2,0.20676321159752675,0.20676321159752675,0.04052849368378619
ESR1,409,102,2,2,0.20760618374248152,0.20760618374248152,0.04052849368378619
CDX2,400,105,2,2,0.21264897953508044,0.21264897953508044,0.04271874239494396
ZNF207,469,223,3,3,0.2151607312888687,0.2151607312888687,0.03166830821435636
HHEX,357,105,2,2,0.2226575496407034,0.2226575496407034,0.04271874239494396
ZC3H8,367,117,2,2,0.2226575496407034,0.2226575496407034,0.051913187596222474
EGR1,475,245,3,3,0.22597102529629476,0.22597102529629476,0.040229406395808506
NFE2L1,270,104,2,2,0.23009697029151965,0.23009697029151965,0.041983692756612144
E2F4,391,278,3,3,0.24074213744362227,0.24074213744362227,0.05508788984263179
NRF1,463,264,3,3,0.25046362156690705,0.25046362156690705,0.04849304510197259
ZHX2,476,240,3,3,0.25207414191623956,0.25207414191623956,0.038188119133047545
SPIB,427,112,2,2,0.2656521026644936,0.2656521026644936,0.047999896666024076
SIX5,424,276,3,1,0.2656521026644936,0.2656521026644936,0.5909261460085519
SP4,465,263,3,3,0.2672364558295848,0.2672364558295848,0.04803828052810731
GATA6,422,122,2,2,0.2688180732246217,0.2688180732246217,0.05593923468849274
RUNX2,462,112,2,2,0.2719731148795034,0.2719731148795034,0.047999896666024076
MYOD1,472,118,2,2,0.27668524759961166,0.27668524759961166,0.052709509436439504
HOXA9,356,117,2,2,0.27668524759961166,0.27668524759961166,0.051913187596222474
ADNP,353,113,2,1,0.2798130907813061,0.2798130907813061,0.30312405151667904
LYL1,392,123,2,1,0.2829301039612513,0.2829301039612513,0.32525752757223864
MEF2B,363,125,2,2,0.2975888828444553,0.2975888828444553,0.05840727126166896
DUX4,334,117,2,1,0.2991178574139939,0.2991178574139939,0.312058959292381
MYBL2,369,130,2,2,0.3067228440829407,0.3067228440829407,0.06260521132317388
HBP1,484,293,3,3,0.3306163445556074,0.3306163445556074,0.06261913044435345
ZNF766,304,137,2,2,0.3342894245779324,0.3342894245779324,0.06865323439223085
RELB,415,132,2,1,0.3357541338889295,0.3357541338889295,0.34460519794523525
E2F7,332,144,2,2,0.3408603269999503,0.3408603269999503,0.07489107522660476
MXI1,483,293,3,3,0.3423134563662974,0.3423134563662974,0.06261913044435345
GATA4,81,27,1,1,0.3444883440361032,1.0,0.08213126183875827
NR1H3,88,27,1,0,0.35384647319666185,1.0,1.0
NFKB2,408,138,2,2,0.36803462403107423,0.36803462403107423,0.06953297623794845
HSF1,456,152,2,2,0.38816367288648657,0.38816367288648657,0.08223929660377369
HNF4A,457,151,2,2,0.39430518848355867,0.39430518848355867,0.08130845614818413
KLF6,467,152,2,2,0.4057712406009205,0.4057712406009205,0.08223929660377369
IRF9,363,168,2,2,0.40644026645027775,0.40644026645027775,0.09758047868242546
BRF2,349,173,2,2,0.4124344252670692,0.4124344252670692,0.10253692528605103
HOXB7,91,31,1,1,0.4210070652338822,1.0,0.09373960551765276
ZFX,442,349,3,2,0.4511695967152629,0.4511695967152629,0.3033694263633206
ZNF197,374,197,2,2,0.46546450773932024,0.46546450773932024,0.12726866421048266
ESR2,405,186,2,2,0.47462566311610954,0.47462566311610954,0.1157506664230933
GLYR1,458,407,3,2,0.496687015260016,0.496687015260016,0.37209316862914316
CTCFL,490,188,2,2,0.5001935949949556,0.5001935949949556,0.11782295507263671
MYCN,463,191,2,2,0.5007761199425139,0.5007761199425139,0.12094998902066564
USF2,441,211,2,2,0.5185668085616563,0.5185668085616563,0.14232243714443601
SREBF2,468,202,2,0,0.5264331954376611,0.5264331954376611,1.0
SOX9,473,213,2,2,0.5504892316903107,0.5504892316903107,0.14450579538882255
FOXP2,484,209,2,1,0.5730440533527479,0.5730440533527479,0.4899119988869134
NR2C2,313,237,2,2,0.5842282750779053,0.5842282750779053,0.17125776064995596
CEBPZ,317,222,2,1,0.5902292102795681,0.5902292102795681,0.5112000681397948
ZEB1,482,212,2,1,0.5902292102795681,0.5902292102795681,0.4949014124243126
KLF3,235,58,1,1,0.5995888125867057,1.0,0.16852430488949344
POU2F1,161,60,1,1,0.6168535622356655,1.0,0.17382411260104771
NFYB,467,236,2,2,0.6201403386211487,0.6201403386211487,0.17012470145210867
HES1,223,68,1,1,0.6443010022745495,1.0,0.1947041606948234
ZNF274,278,70,1,0,0.6456308825468173,1.0,1.0
KLF13,461,243,2,2,0.6543954534504419,0.6543954534504419,0.17808561809372936
ZNF592,167,78,1,1,0.68371605313856,1.0,0.22009969401409682
PRDM1,300,78,1,1,0.6952638234867594,1.0,0.22009969401409682
PAX8,431,77,1,1,0.6964388974726601,1.0,0.2175947950065943
ZNF584,224,81,1,1,0.7143801103947947,1.0,0.22756876020902284
SREBF1,445,291,2,2,0.7282566530947208,0.7282566530947208,0.2341094258903673
TEAD1,388,84,1,1,0.7318171828072269,1.0,0.23496983949487427
ONECUT1,434,94,1,1,0.7374363202721748,1.0,0.2591565825988368
ARID2,485,280,2,2,0.7477182076901189,0.7477182076901189,0.22109938406409305
MBD2,435,89,1,0,0.7477182076901189,1.0,1.0
DEAF1,133,84,1,0,0.7510729714595401,1.0,1.0
SATB1,298,89,1,1,0.7557095883554826,1.0,0.2471554805744308
LEF1,266,88,1,1,0.7566940998906627,1.0,0.24473320091089956
BMAL1,354,98,1,0,0.7615691608337588,1.0,1.0
HINFP,200,89,1,1,0.7713967289857279,1.0,0.2471554805744308
ASCL1,428,93,1,1,0.7796896977359424,1.0,0.2567709976128403
TGIF2,472,318,2,2,0.8118279242251722,0.8118279242251722,0.26628194803356997
ELF5,178,120,1,0,0.8260491904063044,1.0,1.0
PPARG,420,117,1,1,0.8435830954960865,1.0,0.312058959292381
PAX6,352,136,1,1,0.8573378087927536,1.0,0.3530339261808628
ZNF263,482,131,1,1,0.8839528502661338,1.0,0.3424817739956005
TEAD2,329,155,1,1,0.9103376911699402,1.0,0.3916834181249143
ATF4,357,156,1,0,0.9142480404946367,1.0,1.0
SP2,241,159,1,1,0.9204612441187225,1.0,0.3995357280117719
STAT2,375,163,1,1,0.9227124450036229,1.0,0.4072916839541339
SNAPC4,367,201,1,1,0.9557872656553311,1.0,0.4763769728475151
KLF5,467,219,1,0,0.9669328824156499,1.0,1.0
ELK1,284,219,1,1,0.9733946125967572,1.0,0.5063636920173608
ZBTB11,461,333,1,1,0.9947797289262047,1.0,0.6616062172284851
ZNF165,104,41,0,0,1.0,1.0,1.0
ETV6,87,34,0,0,1.0,1.0,1.0
FOXK1,75,47,0,0,1.0,1.0,1.0
CBX2,375,45,0,0,1.0,1.0,1.0
KMT2B,98,73,0,0,1.0,1.0,1.0
LHX2,122,21,0,0,1.0,1.0,1.0
RFX2,51,24,0,0,1.0,1.0,1.0
EHF,80,24,0,0,1.0,1.0,1.0
ZZZ3,149,48,0,0,1.0,1.0,1.0
