tf,n_in_uni,obs_2610,exp,excess,p_upper
ZBTB7A,155,5,0.8121,4.1879,0.0008499575021248938
ZNF589,111,4,0.7465,3.2535,0.0050997450127493625
FOXJ2,178,5,1.29845,3.70155,0.005149742512874356
SMAD1,213,7,2.54115,4.45885,0.00519974001299935
TFDP1,221,4,0.8454,3.1546,0.006049697515124244
MYNN,267,4,0.81695,3.18305,0.006199690015499225
SMAD5,373,5,1.37715,3.6228499999999997,0.007549622518874056
TFAP2A,134,5,1.4043,3.5957,0.008499575021248937
ZNF644,144,5,1.38885,3.6111500000000003,0.009699515024248788
NCOA1,76,5,1.82755,3.17245,0.013899305034748262
ZEB2,185,6,2.31215,3.68785,0.017149142542872857
MBD3,98,3,0.66075,2.33925,0.018249087545622718
CREB3,127,4,1.1028,2.8971999999999998,0.019799010049497526
ZNF384,288,6,2.35045,3.64955,0.020998950052497377
NR2F2,177,6,2.4514,3.5486,0.023098845057747112
NME2,41,5,1.848,3.152,0.023748812559372032
FOXP1,236,8,4.12315,3.87685,0.02454877256137193
ZNF24,145,5,1.77985,3.2201500000000003,0.025298735063246838
ZNF83,90,3,0.6804,2.3196,0.026998650067496625
STAT5B,211,6,2.52585,3.47415,0.027548622568871556
HOXB13,137,7,3.4655,3.5345,0.02909854507274636
GFI1B,204,5,1.86565,3.13435,0.02919854007299635
SETDB1,154,6,2.69035,3.30965,0.029948502574871257
ATF7,189,5,1.8459,3.1540999999999997,0.03024848757562122
FOXA1,137,8,4.3861,3.6139,0.030498475076246187
ZBTB33,289,4,1.2693,2.7306999999999997,0.03064846757662117
FOXK2,251,5,1.85755,3.14245,0.03134843257837108
MEIS2,192,7,3.57365,3.42635,0.034698265086745665
NR2F1,143,3,0.7535,2.2465,0.0351982400879956
NFE2L2,213,5,1.9626,3.0374,0.03529823508824559
CXXC4,242,4,1.30275,2.69725,0.03584820758962052
MAZ,212,4,1.31905,2.68095,0.037048147592620366
MNT,203,4,1.37655,2.62345,0.037098145092745366
KLF1,252,4,1.34935,2.6506499999999997,0.037098145092745366
ZHX1,209,4,1.37035,2.62965,0.03894805259737013
HMGN3,289,4,1.3776,2.6224,0.03969801509924504
E2F5,130,3,0.7851,2.2149,0.03974801259937003
BACH1,209,4,1.3827,2.6173,0.042897855107244635
PBX2,169,5,2.08495,2.91505,0.04524773761311934
FOS,114,6,2.9311,3.0689,0.047897605119744016
NEUROD1,181,3,0.8432,2.1568,0.04794760261986901
ELF1,260,5,2.11405,2.88595,0.04999750012499375
TCF7,187,6,2.9613,3.0387,0.051497425128743564
E2F6,172,4,1.46995,2.53005,0.052997350132493376
TP53,144,4,1.48895,2.51105,0.05344732763361832
FOXM1,194,5,2.212,2.788,0.054597270136493174
NR1H2,135,4,1.51485,2.48515,0.05779711014449278
TBP,287,5,2.1785,2.8215,0.05834708264586771
HNF4G,150,5,2.2826,2.7174,0.05894705264736763
E2F4,278,3,0.95445,2.04555,0.061946902654867256
NANOG,91,5,2.2937,2.7063,0.06309684515774211
TCF12,160,5,2.33685,2.66315,0.0648467576621169
NFATC1,149,4,1.58735,2.41265,0.06589670516474176
ZNF740,159,3,0.9609,2.0391,0.06669666516674166
CREM,231,6,3.12485,2.87515,0.0727463626818659
CEBPD,263,4,1.6462,2.3537999999999997,0.07339633018349083
SOX11,74,5,2.5282,2.4718,0.07834608269586521
GATA1,219,8,5.1357,2.8643,0.07874606269686515
CREB3L1,106,2,0.4823,1.5177,0.08374581270936453
ATF1,238,4,1.72775,2.27225,0.08444577771111444
ETS1,238,4,1.74315,2.25685,0.08614569271536424
NFYA,264,4,1.72605,2.27395,0.08664566771661417
MAFG,155,6,3.36795,2.63205,0.08734563271836408
PAX5,217,5,2.512,2.488,0.08809559522023899
ZKSCAN1,177,3,1.0679,1.9321,0.08824558772061397
ELK4,78,2,0.54715,1.45285,0.08849557522123894
POU4F2,71,5,2.6212,2.3788,0.09049547522623869
STAT5A,194,5,2.5089,2.4911,0.09094545272736364
ZNF750,128,5,2.55755,2.44245,0.09179541022948852
SOX10,84,4,1.85755,2.14245,0.0935453227338633
PKNOX1,190,5,2.5569,2.4431,0.09414529273536323
PGR,136,4,1.8198,2.1802,0.09749512524373781
MAFF,163,6,3.53305,2.46695,0.10164491775411229
KDM5B,169,3,1.1542,1.8458,0.10309484525773711
JUN,149,5,2.60785,2.39215,0.1048447577621119
ZHX2,240,3,1.19745,1.80255,0.1055947202639868
ZNF207,223,3,1.1949,1.8051,0.10704464776761162
ARNT,82,5,2.74665,2.25335,0.10889455527223639
BRF2,173,2,0.5894,1.4106,0.11149442527873607
BHLHE40,205,4,1.901,2.099,0.11219439028048597
RELA,187,5,2.6785,2.3215,0.11374431278436078
NR2C2,237,2,0.5865,1.4135,0.11469426528673567
MBD1,203,3,1.23505,1.76495,0.11929403529823508
ZBED1,268,5,2.7487,2.2513,0.12199390030498475
ESRRA,115,3,1.2561,1.7439,0.12529373531323434
GATA2,152,7,4.76725,2.2327500000000002,0.13059347032648366
MAF,209,4,2.0305,1.9695,0.13619319034048297
NFE2,207,5,2.88975,2.11025,0.1382430878456077
BCL6,194,4,2.0558,1.9442,0.1391430428478576
FOXO1,138,6,3.78335,2.21665,0.1424428778561072
CUX1,189,4,2.1062,1.8938000000000001,0.1425428728563572
HOXB7,31,1,0.15315,0.84685,0.14374281285935703
KLF4,155,4,2.08555,1.91445,0.143942802859857
SRF,275,4,2.0916,1.9083999999999999,0.14439278036098194
GTF2B,200,7,4.7269,2.2731000000000003,0.14444277786110696
POU5F1,114,5,2.9567,2.0433,0.1472926353682316
HBP1,293,3,1.3837,1.6163,0.1528923553822309
PRDM14,93,2,0.6987,1.3013,0.1529423528823559
ZNF318,193,3,1.42045,1.57955,0.1568421578921054
AR,115,6,3.9655,2.0345,0.1568921553922304
ARID3A,263,5,2.98575,2.01425,0.15744212789360532
MYC,241,5,2.9812,2.0188,0.15904204789760512
TAL1,167,6,3.91445,2.08555,0.16034198290085497
NR5A2,87,2,0.7318,1.2682,0.1615919204039798
MAX,188,4,2.1851,1.8149000000000002,0.16439178041097946
YY1,237,5,3.02285,1.97715,0.16504174791260437
MAFK,134,6,3.9913,2.0087,0.1654917254137293
JUND,182,5,3.0444,1.9556,0.1655417229138543
SOX2,109,6,4.0191,1.9809,0.16729163541822908
ESR2,186,2,0.75125,1.24875,0.17104144792760362
IKZF1,159,4,2.22925,1.77075,0.17174141292935352
SMAD3,132,4,2.2413,1.7587000000000002,0.17299135043247837
ZNF766,137,2,0.75845,1.2415500000000002,0.17529123543822808
TERF1,175,5,3.0754,1.9245999999999999,0.1767911604419779
TWIST1,114,4,2.2693,1.7307000000000001,0.17894105294735263
REST,95,3,1.50035,1.49965,0.1814409279536023
HMBOX1,242,5,3.1393,1.8607,0.1831408429578521
E2F1,284,4,2.32465,1.67535,0.18344082795860206
MAFB,130,5,3.1908,1.8092000000000001,0.18614069296535174
EBF1,146,4,2.2923,1.7077,0.18629068546572672
PDX1,108,5,3.16565,1.8343500000000001,0.1871406429678516
TP63,115,3,1.5153,1.4847,0.18794060296985152
EGR1,245,3,1.526,1.474,0.1904404779761012
NRF1,264,3,1.53695,1.46305,0.19259037048147593
RUNX1,178,5,3.2141,1.7858999999999998,0.19594020298985051
TEAD4,138,5,3.3014,1.6985999999999999,0.2031398430078496
FOSL2,142,4,2.4062,1.5937999999999999,0.20368981550922455
SOX6,214,4,2.38755,1.61245,0.20518974051297434
RBPJ,169,4,2.40435,1.59565,0.20673966301684915
ETV1,264,4,2.3751,1.6248999999999998,0.20698965051747412
ZNF92,77,2,0.8585,1.1415,0.20953952302384882
BACH2,164,3,1.6042,1.3958,0.21003949802509875
MYB,182,4,2.44575,1.5542500000000001,0.2153392330383481
KLF9,158,3,1.6184,1.3816,0.21558922053897306
TCF7L2,141,4,2.4456,1.5543999999999998,0.21558922053897306
SP4,263,3,1.6342,1.3658,0.21983900804959752
TFAP2C,113,3,1.63655,1.36345,0.21983900804959752
HSF1,152,2,0.8775,1.1225,0.22038898055097245
GLYR1,407,2,0.89095,1.1090499999999999,0.22268886555672215
NFKB1,186,3,1.6498,1.3502,0.22298885055747214
NR3C1,138,4,2.4864,1.5135999999999998,0.2247887605619719
ZC3H8,117,2,0.9018,1.0981999999999998,0.2256387180640968
RFX5,219,3,1.6666,1.3334,0.22788860556972151
KLF13,243,2,0.91075,1.08925,0.2288885555722214
CTCFL,188,2,0.9221,1.0779,0.23068846557672115
NFYB,236,2,0.91425,1.08575,0.23253837308134592
ETV4,220,3,1.68245,1.31755,0.23328833558322085
ATF2,223,4,2.5275,1.4725000000000001,0.23878806059697016
GRHL2,131,3,1.7464,1.2536,0.2462876856157192
SP1,202,4,2.5666,1.4333999999999998,0.24833758312084395
ZFX,349,2,0.96505,1.03495,0.24898755062246888
FLI1,175,3,1.77185,1.22815,0.256237188140593
SOX13,132,3,1.78185,1.21815,0.2623368831558422
MEF2C,160,3,1.79095,1.20905,0.26323683815809207
SREBF1,291,2,1.00405,0.9959499999999999,0.26508674566271684
CEBPG,166,5,3.5701,1.4299,0.26583670816459176
GATA3,119,5,3.5989,1.4011,0.2734363281835908
TFAP4,178,3,1.8335,1.1665,0.27348632568371584
SOX9,213,2,1.0487,0.9513,0.27913604319784013
SP2,159,1,0.32355,0.67645,0.28013599320034
VDR,171,3,1.86625,1.13375,0.2823858807059647
ZNF175,182,3,1.87565,1.12435,0.2848857557122144
ZNF197,197,2,1.06085,0.9391499999999999,0.28688565571721414
JUNB,204,5,3.65715,1.3428499999999999,0.28998550072496376
OTX2,75,3,1.9009,1.0991,0.2937853107344633
NFIC,137,4,2.7801,1.2199,0.2981350932453377
USF1,183,3,1.91875,1.08125,0.30043497825108745
ELF3,120,3,1.9256,1.0744,0.3007849607519624
TBX21,174,4,2.78625,1.21375,0.30128493575321236
IRF1,208,4,2.8049,1.1951,0.30138493075346234
HINFP,89,1,0.3554,0.6446000000000001,0.3025848707564622
NFE2L1,104,2,1.1143,0.8856999999999999,0.30828458577071144
ZNF584,81,1,0.36645,0.6335500000000001,0.30923453827308633
MITF,141,3,1.9704,1.0296,0.3135343232838358
SMAD4,86,2,1.12605,0.87395,0.31538423078846056
HES1,68,1,0.37545,0.6245499999999999,0.31648417579121046
IRF9,168,2,1.1372,0.8628,0.31958402079896003
CLOCK,86,2,1.1631,0.8369,0.32748362581870905
HHEX,105,2,1.17975,0.8202499999999999,0.3321333933303335
IRF2,284,2,1.1882,0.8118000000000001,0.33483325833708316
E2F7,144,2,1.18195,0.8180499999999999,0.3379331033448328
KMT2A,262,3,2.0524,0.9476,0.3392330383480826
CTCF,118,3,2.0609,0.9390999999999998,0.3423828808559572
ZNF639,283,2,1.20415,0.79585,0.34283285835708216
TERF2,158,4,2.9791,1.0209000000000001,0.3432328383580821
RXRA,190,3,2.08485,0.9151500000000001,0.34608269586520674
USF2,211,2,1.2278,0.7722,0.3479326033698315
SNAPC4,201,1,0.4221,0.5779000000000001,0.3487325633718314
NR2F6,140,3,2.1171,0.8828999999999998,0.3544322783860807
BCL11A,193,4,3.0094,0.9906000000000001,0.35623218839058046
MEIS1,125,4,3.0232,0.9767999999999999,0.3583820808959552
POU2F2,182,4,3.0411,0.9588999999999999,0.36038198090095497
CREB1,230,4,3.03795,0.9620500000000001,0.36268186590670465
MYBL2,130,2,1.2671,0.7329000000000001,0.36623168841557924
MEF2B,125,2,1.2673,0.7326999999999999,0.3664316784160792
ZNF143,142,3,2.17135,0.8286500000000001,0.37078146092695363
ZNF217,85,2,1.2842,0.7158,0.37093145342732864
ZBTB11,333,1,0.45545,0.54455,0.3719814009299535
TCF3,202,3,2.16765,0.8323499999999999,0.37258137093145344
STAT3,166,3,2.18655,0.81345,0.37868106594670264
PBX3,162,4,3.1019,0.8980999999999999,0.3797310134493275
SIX5,276,1,0.4664,0.5336000000000001,0.3800809959502025
ESR1,102,2,1.3272,0.6728000000000001,0.38763061846907654
FOSL1,148,4,3.1556,0.8443999999999998,0.391830408479576
CEBPZ,222,1,0.50165,0.49834999999999996,0.4004299785010749
ERG,171,4,3.2928,0.7071999999999998,0.43037848107594623
MXI1,293,3,2.37715,0.6228500000000001,0.43167841607919605
FOXA2,120,5,4.28275,0.7172499999999999,0.4325783710814459
GABPA,258,4,3.3346,0.6654,0.43367831608419577
IRF4,153,4,3.3879,0.6120999999999999,0.45322733863306836
TEAD2,155,1,0.5945,0.40549999999999997,0.45817709114544275
ELK1,219,1,0.5865,0.4135,0.46772661366931656
CEBPB,136,5,4.43585,0.5641499999999997,0.47147642617869107
ARID2,280,2,1.5734,0.4266000000000001,0.4816259187040648
PAX6,136,1,0.6349,0.3651,0.48227588620568973
IRF3,269,1,0.65455,0.34545000000000003,0.48697565121743913
NR4A1,191,4,3.53475,0.46525000000000016,0.48947552622368884
MYCN,191,2,1.61185,0.38815,0.48992550372481375
MEF2A,173,3,2.5814,0.4186000000000001,0.49072546372681364
AHR,66,3,2.54285,0.45714999999999995,0.4952752362381881
SATB1,89,1,0.66055,0.33945000000000003,0.496025198740063
HNF1B,94,3,2.6262,0.37380000000000013,0.5072246387680616
HIF1A,108,3,2.6405,0.35950000000000015,0.5167241637918104
GATA4,27,1,0.72005,0.27995000000000003,0.5245737713114345
NFKB2,138,2,1.7182,0.28180000000000005,0.5254737263136843
ATF3,182,3,2.7135,0.2865000000000002,0.5290235488225589
EOMES,50,2,1.69825,0.30174999999999996,0.5322233888305584
HOXA9,117,2,1.7008,0.2991999999999999,0.5350232488375581
KLF6,152,2,1.7447,0.2553000000000001,0.5406729663516824
TCF4,100,2,1.76225,0.2377499999999999,0.5424728763561822
CEBPA,150,4,3.7631,0.2368999999999999,0.5468726563671816
TGIF2,318,2,1.79505,0.20494999999999997,0.5540222988850557
BATF,146,3,2.8029,0.19709999999999983,0.5565721713914304
TP73,87,2,1.8228,0.17720000000000002,0.5615719214039298
ADNP,113,1,0.8271,0.17290000000000005,0.5718214089295536
ZNF592,78,1,0.77475,0.22524999999999995,0.5776211189440528
PRDM1,78,1,0.82535,0.17464999999999997,0.5864206789660517
NCOA2,70,2,1.8867,0.11329999999999996,0.5917204139793011
EPAS1,71,1,0.8556,0.14439999999999997,0.5964701764911754
LEF1,88,1,0.8331,0.16690000000000005,0.5978201089945503
MYOD1,118,2,1.95185,0.048149999999999915,0.6051697415129244
SIX2,64,2,1.95545,0.04455000000000009,0.6065196740162991
RUNX3,176,3,3.0116,-0.011600000000000055,0.6102694865256737
POU2F1,60,1,0.9539,0.04610000000000003,0.6384680765961702
BHLHE22,138,1,1.01985,-0.019849999999999923,0.6611169441527923
RELB,132,1,1.07795,-0.07794999999999996,0.6699665016749162
PROX1,102,2,2.2046,-0.20460000000000012,0.6759662016899155
ZNF263,131,1,1.11745,-0.11745000000000005,0.6877156142192891
SPIB,112,2,2.25845,-0.25844999999999985,0.695615219239038
ZEB1,212,1,1.1328,-0.13280000000000003,0.6987150642467876
GATA6,122,2,2.4785,-0.4784999999999999,0.7348132593370331
STAT2,163,1,1.28505,-0.28505,0.7460126993650318
SNAI2,169,1,1.31135,-0.31135,0.7476626168691566
SPI1,160,3,3.6025,-0.6025,0.7511624418779062
PAX8,77,1,1.3702,-0.3702000000000001,0.7675616219189041
RUNX2,112,2,2.6314,-0.6314000000000002,0.7767111644417779
KLF3,58,1,1.42855,-0.42855,0.7797110144492775
NCOA3,86,2,2.51905,-0.51905,0.7815609219539023
HNF4A,151,2,2.69025,-0.6902499999999998,0.7829608519574022
ASCL1,93,1,1.478,-0.478,0.8043097845107745
FOXP2,209,1,1.55095,-0.55095,0.8049597520123993
XBP1,84,2,2.65355,-0.6535500000000001,0.8084595770211489
CDX2,105,2,2.85065,-0.8506499999999999,0.8198590070496475
RARA,264,1,1.67945,-0.6794500000000001,0.8299585020748963
TEAD1,84,1,1.67795,-0.67795,0.8343082845857707
LYL1,123,1,1.7403,-0.7403,0.8524073796310184
DUX4,117,1,1.793,-0.7929999999999999,0.8528073596320184
PPARG,117,1,2.0036,-1.0036,0.8863056847157642
STAT1,166,1,2.50135,-1.50135,0.9366031698415079
ONECUT1,94,1,2.72155,-1.7215500000000001,0.9559022048897555
KMT2B,73,0,0.05395,-0.05395,1.0
SREBF2,202,0,0.3784,-0.3784,1.0
ATF4,156,0,1.0957,-1.0957,1.0
RFX2,24,0,0.0755,-0.0755,1.0
BMAL1,98,0,1.7775,-1.7775,1.0
CBX2,45,0,0.50175,-0.50175,1.0
RFX1,52,0,0.21075,-0.21075,1.0
THAP1,228,0,0.65495,-0.65495,1.0
DEAF1,84,0,0.2516,-0.2516,1.0
THAP11,197,0,0.43845,-0.43845,1.0
EHF,24,0,0.0227,-0.0227,1.0
ELF5,120,0,0.30415,-0.30415,1.0
ZNF274,70,0,0.6035,-0.6035,1.0
NR1H3,27,0,0.22505,-0.22505,1.0
ETV6,34,0,0.2904,-0.2904,1.0
FOXK1,47,0,0.104,-0.104,1.0
MBD2,89,0,0.0629,-0.0629,1.0
LHX2,21,0,0.59115,-0.59115,1.0
ZNF165,41,0,0.4294,-0.4294,1.0
KLF5,219,0,0.71985,-0.71985,1.0
ZZZ3,48,0,0.7881,-0.7881,1.0
